merchant_id,day,txn_count,txn_volume,avg_txn_value,refund_rate,dispute_rate,category_entropy,geo_entropy,dominant_category,dominant_geo,true_drift,true_drift_any,drift_kind,archetype
M0001,0,94,47798.51,508.49,0.062307291386292145,0.00685085558397899,1.3398,1.4409,apparel,jaipur,0,0,none,normal
M0001,1,108,61438.86,568.88,0.07379554924570601,0.009179724087944428,1.4936,1.3264,apparel,jaipur,0,0,none,normal
M0001,2,92,55288.81,600.97,0.08133876947934504,0.0070674704720502576,1.4383,1.2623,apparel,jaipur,0,0,none,normal
M0001,3,108,59657.55,552.38,0.06804034966330642,0.006151233884709262,1.1478,1.4589,apparel,jaipur,0,0,none,normal
M0001,4,103,56001.75,543.71,0.0815713201199112,0.005223520762092973,1.3332,1.4226,apparel,jaipur,0,0,none,normal
M0001,5,98,53998.48,551.0,0.0678292493289336,0.009209637061605332,1.1872,1.2648,apparel,jaipur,0,0,none,normal
M0001,6,95,53379.26,561.89,0.06991470099278449,0.005570507082730829,1.3094,1.2321,apparel,jaipur,0,0,none,normal
M0001,7,86,51420.48,597.91,0.07187087152995733,0.006496062497611529,1.3586,1.2611,apparel,jaipur,0,0,none,normal
M0001,8,106,53881.89,508.32,0.06560290240660291,0.005559981273469006,1.3006,1.4608,apparel,jaipur,0,0,none,normal
M0001,9,104,53629.75,515.67,0.06900804623012886,0.007952032477089258,1.251,1.5699,apparel,jaipur,0,0,none,normal
M0001,10,103,58767.08,570.55,0.07776739160001202,0.007493050269415799,1.2004,1.3486,apparel,jaipur,0,0,none,normal
M0001,11,97,57443.39,592.2,0.07363048641484973,0.008649111121910932,1.3328,1.4089,apparel,jaipur,0,0,none,normal
M0001,12,113,63098.53,558.39,0.0719206162424565,0.008154796611102537,1.3671,1.4388,apparel,jaipur,0,0,none,normal
M0001,13,96,61059.07,636.03,0.062157158980838706,0.007019657831544027,1.0504,1.5584,apparel,jaipur,0,0,none,normal
M0001,14,105,57111.05,543.91,0.0724305235568623,0.00580239907316904,1.3588,1.6133,apparel,jaipur,0,0,none,normal
M0001,15,94,56059.19,596.37,0.06567276290061298,0.006048511672550828,1.2273,1.3778,apparel,jaipur,0,0,none,normal
M0001,16,100,56372.06,563.72,0.07665354328505843,0.008269639661564916,1.3672,1.116,apparel,jaipur,0,0,none,normal
M0001,17,104,56564.96,543.89,0.06398307510022501,0.007320337303882849,1.0748,1.5344,apparel,jaipur,0,0,none,normal
M0001,18,101,58337.95,577.6,0.07217972978287839,0.006473278077318279,1.2773,1.8167,apparel,jaipur,0,0,none,normal
M0001,19,93,52634.49,565.96,0.061216314731413174,0.008100629425246341,1.4,1.2839,apparel,jaipur,0,0,none,normal
M0001,20,94,49893.99,530.79,0.07958195089006352,0.008340099317380362,1.326,1.431,apparel,jaipur,0,0,none,normal
M0001,21,95,50777.51,534.5,0.07932284790113044,0.0064878943310633175,1.1271,1.2951,apparel,jaipur,0,0,none,normal
M0001,22,93,47301.26,508.62,0.06194352903468624,0.0076293571689957365,1.2934,1.3527,apparel,jaipur,0,0,none,normal
M0001,23,79,44186.11,559.32,0.06634894650122504,0.007885578161415187,1.2045,1.0512,apparel,jaipur,0,0,none,normal
M0001,24,84,43521.41,518.11,0.05903419979582799,0.005150932193425599,1.0493,1.3262,apparel,jaipur,0,0,none,normal
M0001,25,97,54521.99,562.08,0.06424139618398253,0.00774397859967976,1.1049,1.3025,apparel,jaipur,0,0,none,normal
M0001,26,106,56638.41,534.32,0.0707016005475319,0.005997400312029753,1.4728,1.5724,apparel,jaipur,0,0,none,normal
M0001,27,101,56085.46,555.3,0.07982428930734002,0.00554609111431406,1.208,1.211,apparel,jaipur,0,0,none,normal
M0001,28,100,58491.93,584.92,0.07203209331714482,0.007788786245217304,1.4361,1.5867,apparel,jaipur,0,0,none,normal
M0001,29,95,54130.32,569.79,0.06159682245091988,0.00934151395076372,1.3999,1.6307,apparel,jaipur,0,0,none,normal
M0001,30,87,48810.09,561.04,0.07198528966788294,0.009037297297856689,1.1112,1.5156,apparel,jaipur,0,0,none,normal
M0001,31,103,56861.94,552.06,0.07573655806451346,0.00436551360964765,1.4027,1.3169,apparel,jaipur,0,0,none,normal
M0001,32,99,60508.32,611.2,0.06569850475610892,0.006898195509092112,1.2495,1.1493,apparel,jaipur,0,0,none,normal
M0001,33,103,59115.34,573.94,0.06630793169162448,0.008653210731514758,1.1947,1.3536,apparel,jaipur,0,0,none,normal
M0001,34,113,70416.66,623.16,0.058338270460758325,0.007841883513986262,1.3179,1.3603,apparel,jaipur,0,0,none,normal
M0001,35,99,53852.64,543.97,0.07595850648789775,0.008457717733616496,1.252,1.3064,apparel,jaipur,0,0,none,normal
M0001,36,93,50966.03,548.02,0.08066262341684291,0.006653551575076715,1.2807,1.3002,apparel,jaipur,0,0,none,normal
M0001,37,84,46365.48,551.97,0.05877455101346198,0.006996328252790945,1.4948,1.3719,apparel,jaipur,0,0,none,normal
M0001,38,101,57564.44,569.94,0.06820513346422527,0.00810323367584042,1.4064,1.5559,apparel,jaipur,0,0,none,normal
M0001,39,94,52060.87,553.84,0.07166834366605822,0.005058565203734258,1.5078,1.5422,apparel,jaipur,0,0,none,normal
M0001,40,98,54973.01,560.95,0.07454869588714225,0.008090126247800417,1.2255,1.4991,apparel,jaipur,0,0,none,normal
M0001,41,104,59983.5,576.76,0.0755643236405267,0.006130757134577175,1.4421,1.4787,apparel,jaipur,0,0,none,normal
M0001,42,89,52128.11,585.71,0.06517060385678665,0.005288628669130877,1.3015,1.5967,apparel,jaipur,0,0,none,normal
M0001,43,99,53806.11,543.5,0.06638720085607883,0.008969224243565988,1.5138,1.4236,apparel,jaipur,0,0,none,normal
M0001,44,117,68570.95,586.08,0.0733597067585721,0.006922806792135334,1.3421,1.1756,apparel,jaipur,0,0,none,normal
M0001,45,94,48084.56,511.54,0.07883365128235961,0.007079743448732922,1.3602,1.3298,apparel,jaipur,0,0,none,normal
M0001,46,96,54001.86,562.52,0.06216495297779556,0.0073646955302877504,1.4069,1.609,apparel,jaipur,0,0,none,normal
M0001,47,90,47907.89,532.31,0.07148341169582048,0.007044556398610824,1.377,1.6076,apparel,jaipur,0,0,none,normal
M0001,48,100,53514.9,535.15,0.0709424512533141,0.0068366505474864525,1.3404,1.3659,apparel,jaipur,0,0,none,normal
M0001,49,97,48040.19,495.26,0.07555335349041982,0.008192469155273132,1.2159,1.5209,apparel,jaipur,0,0,none,normal
M0001,50,89,47265.72,531.08,0.06804298670484675,0.006853393275370095,1.264,1.294,apparel,jaipur,0,0,none,normal
M0001,51,110,57589.49,523.54,0.06951229386399622,0.00535893064991283,1.29,1.3959,apparel,jaipur,0,0,none,normal
M0001,52,96,51838.79,539.99,0.07678719091576044,0.00669990768692036,1.4469,1.3369,apparel,jaipur,0,0,none,normal
M0001,53,96,47355.3,493.28,0.06864345382744219,0.009580934276134422,1.2745,1.2572,apparel,jaipur,0,0,none,normal
M0001,54,95,51196.64,538.91,0.07590552790705879,0.005687570598683068,1.4452,1.2973,apparel,jaipur,0,0,none,normal
M0001,55,96,54589.23,568.64,0.06578328207197287,0.009001942850215208,1.2584,1.4868,apparel,jaipur,0,0,none,normal
M0001,56,107,58201.9,543.94,0.07300858537457786,0.0068486579698568435,1.2701,1.424,apparel,jaipur,0,0,none,normal
M0001,57,97,50607.81,521.73,0.06681316724423382,0.007135491475799562,1.2426,1.0903,apparel,jaipur,0,0,none,normal
M0001,58,97,54160.51,558.36,0.07346803017095266,0.007582588482024201,1.3432,1.3327,apparel,jaipur,0,0,none,normal
M0001,59,96,56639.57,590.0,0.07092849877054541,0.006945240686740038,1.2086,1.161,apparel,jaipur,0,0,none,normal
M0001,60,100,56731.01,567.31,0.07182759415986852,0.005428384720083539,1.3842,1.3393,apparel,jaipur,0,0,none,normal
M0001,61,106,57812.45,545.4,0.0685680789913452,0.006774147480984747,1.3846,1.3846,apparel,jaipur,0,0,none,normal
M0001,62,97,57871.04,596.61,0.08137470883616349,0.005272326873007961,1.4004,1.4439,apparel,jaipur,0,0,none,normal
M0001,63,98,56710.54,578.68,0.06450793261787784,0.005810062488339544,1.2758,1.2707,apparel,jaipur,0,0,none,normal
M0001,64,91,54971.55,604.08,0.062118757523255276,0.007002080826006504,1.1741,1.4009,apparel,jaipur,0,0,none,normal
M0001,65,95,54206.67,570.6,0.06822140096248909,0.005993201891030463,1.1891,1.5161,apparel,jaipur,0,0,none,normal
M0001,66,90,48660.46,540.67,0.06182135241353471,0.008528835332491495,1.3367,1.2705,apparel,jaipur,0,0,none,normal
M0001,67,96,56507.52,588.62,0.06719542122532217,0.00713563250423353,1.4172,1.6945,apparel,jaipur,0,0,none,normal
M0001,68,91,44420.24,488.13,0.0513193355145441,0.007537315251176313,1.3333,1.0299,apparel,jaipur,0,0,none,normal
M0001,69,95,49767.26,523.87,0.07305575566781167,0.006655815953278774,1.528,1.1124,apparel,jaipur,0,0,none,normal
M0001,70,104,60339.13,580.18,0.06784770003815609,0.00891149677493623,1.5102,1.3538,apparel,jaipur,0,0,none,normal
M0001,71,104,54056.73,519.78,0.07367111771640049,0.006942078097062944,1.3013,1.3531,apparel,jaipur,0,0,none,normal
M0001,72,91,50540.54,555.39,0.07438349592926949,0.00656654121862368,1.4398,1.354,apparel,jaipur,0,0,none,normal
M0001,73,102,63931.03,626.77,0.07858017537482265,0.008105082479553275,1.3234,1.3577,apparel,jaipur,0,0,none,normal
M0001,74,97,49743.68,512.82,0.05659873862358634,0.006467720739788964,1.3743,1.1091,apparel,jaipur,0,0,none,normal
M0001,75,94,49242.69,523.86,0.06633354433673234,0.006712583878733995,1.141,1.643,apparel,jaipur,0,0,none,normal
M0001,76,98,53584.61,546.78,0.06379643820394469,0.007063339937970702,1.1762,1.4042,apparel,jaipur,0,0,none,normal
M0001,77,95,56137.38,590.92,0.07559108341228951,0.008439117644163434,1.2361,1.3918,apparel,jaipur,0,0,none,normal
M0001,78,96,57158.68,595.4,0.07481684375398762,0.00688080572412498,1.3097,1.3238,apparel,jaipur,0,0,none,normal
M0001,79,93,46498.73,499.99,0.08013071405254059,0.005759678110838721,1.2924,1.3732,apparel,jaipur,0,0,none,normal
M0001,80,97,55180.45,568.87,0.07085590141456205,0.007470236833481463,1.2896,1.5762,apparel,jaipur,0,0,none,normal
M0001,81,115,63026.98,548.06,0.06207236644563013,0.006042866005916425,1.2759,1.2887,apparel,jaipur,0,0,none,normal
M0001,82,80,43597.32,544.97,0.06525317937025517,0.008237387667728541,1.283,1.2496,apparel,jaipur,0,0,none,normal
M0001,83,87,48896.61,562.03,0.06429161691886974,0.008214140265544413,1.3457,1.0741,apparel,jaipur,0,0,none,normal
M0001,84,90,45088.03,500.98,0.0641225688391067,0.008965765023847255,1.4044,1.5399,apparel,jaipur,0,0,none,normal
M0001,85,88,47868.15,543.96,0.06560341185775488,0.007043650148775743,1.3672,1.3841,apparel,jaipur,0,0,none,normal
M0001,86,103,56166.53,545.31,0.07632760445896136,0.006315152343131911,1.2568,1.4013,apparel,jaipur,0,0,none,normal
M0001,87,79,43731.34,553.56,0.08082966347379143,0.007755301834068571,1.1857,1.3409,apparel,jaipur,0,0,none,normal
M0001,88,97,47958.77,494.42,0.062424808026034645,0.006803839158421948,1.3388,1.4355,apparel,jaipur,0,0,none,normal
M0001,89,93,50865.32,546.94,0.05899034227431728,0.008123417950667264,1.3059,1.3968,apparel,jaipur,0,0,none,normal
M0001,90,97,61324.49,632.21,0.07416759781859751,0.005825100044613666,1.4144,1.2071,apparel,jaipur,0,0,none,normal
M0001,91,100,57782.68,577.83,0.06766792681071462,0.008944870533447277,1.2512,1.4264,apparel,jaipur,0,0,none,normal
M0001,92,112,63155.22,563.89,0.05720293283953472,0.009484379536245797,1.3504,1.3782,apparel,jaipur,0,0,none,normal
M0001,93,87,50524.01,580.74,0.07279981450135457,0.007526807032652925,1.3551,1.4267,apparel,jaipur,0,0,none,normal
M0001,94,85,43521.59,512.02,0.07383198291675097,0.0062079946692084826,1.259,1.405,apparel,jaipur,0,0,none,normal
M0001,95,106,64550.3,608.97,0.061848066223625126,0.00686516599670446,1.2442,1.2566,apparel,jaipur,0,0,none,normal
M0001,96,98,53564.15,546.57,0.075845849805827,0.006784036105694317,1.2423,1.4148,apparel,jaipur,0,0,none,normal
M0001,97,98,56388.0,575.39,0.06826659803579553,0.00783218264655068,1.4292,1.5421,apparel,jaipur,0,0,none,normal
M0001,98,87,50879.86,584.83,0.07086905314110856,0.006062697658558678,1.2752,1.2082,apparel,jaipur,0,0,none,normal
M0001,99,110,52507.25,477.34,0.0738659529981652,0.006931293435490893,1.4802,1.4924,apparel,jaipur,0,0,none,normal
M0001,100,101,57833.15,572.61,0.06102928638677751,0.007700095572253346,1.3499,1.2756,apparel,jaipur,0,0,none,normal
M0001,101,83,45200.05,544.58,0.07563884637438235,0.005176437274815604,1.4988,1.5586,apparel,jaipur,0,0,none,normal
M0001,102,96,50532.58,526.38,0.074656325136894,0.005741213846958384,1.4556,1.4815,apparel,jaipur,0,0,none,normal
M0001,103,108,61514.53,569.58,0.05785186668603048,0.005677515295362976,1.2387,1.3915,apparel,jaipur,0,0,none,normal
M0001,104,106,53852.96,508.05,0.062463090086759446,0.007594800492084129,1.3005,1.3091,apparel,jaipur,0,0,none,normal
M0001,105,101,57139.9,565.74,0.07616233902459345,0.007434038435493422,1.449,1.5,apparel,jaipur,0,0,none,normal
M0001,106,99,51709.71,522.32,0.06911259433938244,0.007721133451148251,1.0913,1.2526,apparel,jaipur,0,0,none,normal
M0001,107,100,56200.01,562.0,0.06824951887189576,0.006857309941392578,1.4652,1.1267,apparel,jaipur,0,0,none,normal
M0001,108,108,62431.98,578.07,0.0775810557169266,0.005086349621235339,1.1444,1.4038,apparel,jaipur,0,0,none,normal
M0001,109,98,52963.97,540.45,0.08428844245544163,0.00808196256314712,1.5169,1.6579,apparel,jaipur,0,0,none,normal
M0001,110,107,59977.64,560.54,0.07411314794388799,0.006430765347668406,1.3641,1.5502,apparel,jaipur,0,0,none,normal
M0001,111,100,50583.2,505.83,0.0656790181191103,0.0053877507842445,1.5038,0.9563,apparel,jaipur,0,0,none,normal
M0001,112,91,50358.52,553.39,0.0861360204859114,0.005606151448551261,1.3415,1.2569,apparel,jaipur,0,0,none,normal
M0001,113,85,47350.82,557.07,0.08473051484693365,0.006247346809882931,1.3154,1.3258,apparel,jaipur,0,0,none,normal
M0001,114,94,50980.01,542.34,0.07122638111143158,0.0066993838770881215,1.3301,1.1746,apparel,jaipur,0,0,none,normal
M0001,115,104,53990.61,519.14,0.07117724151496677,0.005392449289694439,1.3562,1.155,apparel,jaipur,0,0,none,normal
M0001,116,105,60061.62,572.02,0.07633444058147924,0.0064821773610061,1.3857,1.3363,apparel,jaipur,0,0,none,normal
M0001,117,101,57282.0,567.15,0.06354133610548368,0.005014815613218824,1.1239,1.3531,apparel,jaipur,0,0,none,normal
M0001,118,103,58326.12,566.27,0.07124781045478193,0.007369138966279839,1.2294,1.3655,apparel,jaipur,0,0,none,normal
M0001,119,98,55544.52,566.78,0.07601092651802133,0.007524698102236193,1.2911,1.321,apparel,jaipur,0,0,none,normal
M0001,120,110,58136.86,528.52,0.06211046853287147,0.009474750100076174,1.294,1.3879,apparel,jaipur,0,0,none,normal
M0001,121,106,55159.23,520.37,0.05933150444357628,0.00803871299886126,1.3906,1.3048,apparel,jaipur,0,0,none,normal
M0001,122,94,49754.1,529.3,0.08331906790659753,0.0060636628418917335,1.4135,1.3733,apparel,jaipur,0,0,none,normal
M0001,123,96,49971.63,520.54,0.06369079285402417,0.006872671002311102,1.222,1.5088,apparel,jaipur,0,0,none,normal
M0001,124,92,51350.49,558.16,0.07728998415250472,0.006042606998112888,1.212,1.4695,apparel,jaipur,0,0,none,normal
M0001,125,120,67484.32,562.37,0.06232412555430776,0.008120493238731522,1.124,1.4661,apparel,jaipur,0,0,none,normal
M0001,126,100,60207.67,602.08,0.07227159027114535,0.006692267809043851,1.446,1.553,apparel,jaipur,0,0,none,normal
M0001,127,96,49005.77,510.48,0.06885552360797006,0.009892445041035806,1.1962,1.3097,apparel,jaipur,0,0,none,normal
M0001,128,98,53606.82,547.01,0.0820628847996199,0.007006026915528184,1.5315,1.2281,apparel,jaipur,0,0,none,normal
M0001,129,87,52522.3,603.7,0.07249976532159472,0.007202260391652601,1.3607,1.3949,apparel,jaipur,0,0,none,normal
M0001,130,109,61922.24,568.09,0.08086384051771407,0.008780804867660042,1.2572,1.4922,apparel,jaipur,0,0,none,normal
M0001,131,95,56073.11,590.24,0.0742341910886096,0.005663978667492414,1.4634,1.262,apparel,jaipur,0,0,none,normal
M0001,132,72,41670.86,578.76,0.0763589567001641,0.007866128979806679,1.4044,1.4227,apparel,jaipur,0,0,none,normal
M0001,133,96,53975.73,562.25,0.06949941206916586,0.0069045276497681956,1.4846,1.3979,apparel,jaipur,0,0,none,normal
M0001,134,95,53813.14,566.45,0.07743757993328904,0.006940681380344773,1.3981,1.1262,apparel,jaipur,0,0,none,normal
M0001,135,88,45184.44,513.46,0.059997656594480454,0.006365783929890147,1.4441,1.4019,apparel,jaipur,0,0,none,normal
M0001,136,98,52378.91,534.48,0.07709662347381849,0.0071068211137848124,0.9698,1.2345,apparel,jaipur,0,0,none,normal
M0001,137,97,49645.78,511.81,0.0634711850235494,0.005375892427158959,1.2519,1.4266,apparel,jaipur,0,0,none,normal
M0001,138,104,61414.02,590.52,0.06336990940629536,0.007855174892511798,1.4047,1.3983,apparel,jaipur,0,0,none,normal
M0001,139,105,53637.06,510.83,0.059982786104128445,0.007126417271526175,1.2505,1.4887,apparel,jaipur,0,0,none,normal
M0001,140,98,55583.73,567.18,0.07476933388739576,0.007197371251396361,1.2292,1.4718,apparel,jaipur,0,0,none,normal
M0001,141,98,47266.93,482.32,0.0651556625427912,0.007210199830494002,1.4264,1.2221,apparel,jaipur,0,0,none,normal
M0001,142,103,66439.95,645.05,0.07503931763959996,0.00674713141961111,1.195,1.1706,apparel,jaipur,0,0,none,normal
M0001,143,102,55608.72,545.18,0.0705809648684537,0.00746090056461181,1.2697,1.5343,apparel,jaipur,0,0,none,normal
M0001,144,98,52739.56,538.16,0.06714641415170727,0.007658453222608211,1.0924,1.107,apparel,jaipur,0,0,none,normal
M0001,145,100,59216.6,592.17,0.06598306537104172,0.008438511532915636,1.4504,1.4091,apparel,jaipur,0,0,none,normal
M0001,146,111,71044.64,640.04,0.0680439362252453,0.0059100005787618305,1.3211,1.3769,apparel,jaipur,0,0,none,normal
M0001,147,110,52325.1,475.68,0.07459226987739924,0.007920201688499684,1.3238,1.2745,apparel,jaipur,0,0,none,normal
M0001,148,98,55464.36,565.96,0.07531821003163308,0.007222303563728512,1.3139,1.2977,apparel,jaipur,0,0,none,normal
M0001,149,91,46855.13,514.89,0.06853003170038204,0.006238403661963392,1.2641,1.4729,apparel,jaipur,0,0,none,normal
M0001,150,125,69296.02,554.37,0.06452660094471364,0.007669979097820666,1.3072,1.4646,apparel,jaipur,0,0,none,normal
M0001,151,114,62068.65,544.46,0.07478775890380912,0.006827857547975478,1.3704,1.1975,apparel,jaipur,0,0,none,normal
M0001,152,97,53750.84,554.13,0.07008138211400816,0.005821133527203342,1.3338,1.4124,apparel,jaipur,0,0,none,normal
M0001,153,100,52898.51,528.99,0.07348775812545834,0.006040811473216211,1.5175,1.104,apparel,jaipur,0,0,none,normal
M0001,154,108,65394.13,605.5,0.0806460241359103,0.007390617006077155,1.4667,1.6683,apparel,jaipur,0,0,none,normal
M0001,155,117,66624.02,569.44,0.07447376985151838,0.0066864808520157104,1.3273,1.3397,apparel,jaipur,0,0,none,normal
M0001,156,99,53839.81,543.84,0.08609027597407913,0.007764618696379306,1.3451,1.4521,apparel,jaipur,0,0,none,normal
M0001,157,89,51791.88,581.93,0.06997820174008933,0.005836100809036026,1.0814,1.2525,apparel,jaipur,0,0,none,normal
M0001,158,100,48865.77,488.66,0.07283080833601177,0.006959573953000308,1.2322,1.4363,apparel,jaipur,0,0,none,normal
M0001,159,87,54190.89,622.88,0.06740809579854308,0.009182459190938146,1.3389,1.2942,apparel,jaipur,0,0,none,normal
M0001,160,94,48968.52,520.94,0.06379525184613344,0.006164612391101049,1.2448,1.5207,apparel,jaipur,0,0,none,normal
M0001,161,87,47294.86,543.62,0.058830068653840495,0.007883854355082208,1.3353,1.6409,apparel,jaipur,0,0,none,normal
M0001,162,89,52240.07,586.97,0.06799227470685665,0.006545782034249891,1.2562,1.1822,apparel,jaipur,0,0,none,normal
M0001,163,107,62005.66,579.49,0.07101817988628686,0.007348034293687821,1.3492,1.4024,apparel,jaipur,0,0,none,normal
M0001,164,100,56737.59,567.38,0.07409675021776947,0.007629587406769031,1.3581,1.459,apparel,jaipur,0,0,none,normal
M0001,165,92,51155.74,556.04,0.08441756470015109,0.006863125997993132,1.2293,1.4295,apparel,jaipur,0,0,none,normal
M0001,166,106,56441.2,532.46,0.085752836345375,0.004425542457172198,1.1887,1.3643,apparel,jaipur,0,0,none,normal
M0001,167,94,51846.89,551.56,0.07716191277576646,0.006674504706090341,1.3994,1.2679,apparel,jaipur,0,0,none,normal
M0001,168,100,51090.32,510.9,0.06444532512210488,0.006125518448294777,0.9911,1.1525,apparel,jaipur,0,0,none,normal
M0001,169,108,61348.75,568.04,0.059189161137133926,0.006006084033922204,1.1298,1.4153,apparel,jaipur,0,0,none,normal
M0001,170,100,56468.99,564.69,0.07864296345672986,0.007392235883031844,1.3476,1.4507,apparel,jaipur,0,0,none,normal
M0001,171,99,60356.94,609.67,0.06253763345557732,0.008004973755619949,1.2754,1.4686,apparel,jaipur,0,0,none,normal
M0001,172,104,54346.51,522.56,0.073592440925086,0.0066861441996934395,1.301,1.0652,apparel,jaipur,0,0,none,normal
M0001,173,110,63846.67,580.42,0.08638360625911395,0.0065080092140511045,1.2041,1.3391,apparel,jaipur,0,0,none,normal
M0001,174,104,59550.87,572.6,0.048388144472572656,0.00831466403539211,1.2763,1.489,apparel,jaipur,0,0,none,normal
M0001,175,102,58811.58,576.58,0.07049093517055828,0.008431236231499167,1.2059,1.3353,apparel,jaipur,0,0,none,normal
M0001,176,105,54113.23,515.36,0.06443986443903323,0.00811455161382393,1.3643,1.309,apparel,jaipur,0,0,none,normal
M0001,177,94,52830.44,562.03,0.09595556133855741,0.005767838034467447,1.212,1.1637,apparel,jaipur,0,0,none,normal
M0001,178,101,58633.67,580.53,0.072812333595924,0.007173957189699061,1.496,1.2487,apparel,jaipur,0,0,none,normal
M0001,179,103,59911.95,581.67,0.08195229077754367,0.00777253039437859,1.3063,1.4642,apparel,jaipur,0,0,none,normal
M0001,180,90,51467.78,571.86,0.06153912612687078,0.005709994960270429,1.4674,1.6331,apparel,jaipur,0,0,none,normal
M0001,181,99,57991.37,585.77,0.0663955291828917,0.006183214120683552,1.141,1.3717,apparel,jaipur,0,0,none,normal
M0001,182,110,57473.52,522.49,0.0846746726263775,0.009136119659949142,1.3562,1.5226,apparel,jaipur,0,0,none,normal
M0001,183,111,57594.11,518.87,0.06886681307310322,0.0074384299742801495,1.1873,1.4684,apparel,jaipur,0,0,none,normal
M0001,184,104,60997.39,586.51,0.07482477163181059,0.007585617630160615,1.3934,1.5494,apparel,jaipur,0,0,none,normal
M0001,185,95,59617.92,627.56,0.06807722315386901,0.008269651562345567,1.369,1.2197,apparel,jaipur,0,0,none,normal
M0001,186,101,57606.37,570.36,0.07245678148084729,0.008653111203855687,1.3218,1.1347,apparel,jaipur,0,0,none,normal
M0001,187,95,59161.35,622.75,0.059082651446048934,0.007520915418555373,1.354,1.536,apparel,jaipur,0,0,none,normal
M0001,188,83,42038.14,506.48,0.07604704061797161,0.007082535989174849,1.2419,1.2822,apparel,jaipur,0,0,none,normal
M0001,189,98,57216.1,583.84,0.07737239739719431,0.00796230115877542,1.4015,1.3944,apparel,jaipur,0,0,none,normal
M0001,190,85,46868.73,551.4,0.07171652964368987,0.0055220223136767865,1.3203,1.3768,apparel,jaipur,0,0,none,normal
M0001,191,104,53439.26,513.84,0.08243706252891782,0.005602043726643669,1.5222,1.5129,apparel,jaipur,0,0,none,normal
M0001,192,103,57720.91,560.4,0.06390534785455199,0.007092759432231516,1.3185,1.4033,apparel,jaipur,0,0,none,normal
M0001,193,89,48448.31,544.36,0.065329867082571,0.006456485876997609,1.1755,1.2894,apparel,jaipur,0,0,none,normal
M0001,194,95,47865.69,503.85,0.08282370493145293,0.006798832374203844,1.5466,1.3056,apparel,jaipur,0,0,none,normal
M0001,195,95,52650.02,554.21,0.07145371026699339,0.007275862161693145,1.3213,1.4569,apparel,jaipur,0,0,none,normal
M0001,196,98,56428.52,575.8,0.05465540384624719,0.004703671517213431,1.4263,1.391,apparel,jaipur,0,0,none,normal
M0001,197,90,50136.11,557.07,0.07495874920249863,0.00565335339307868,1.4023,1.5359,apparel,jaipur,0,0,none,normal
M0001,198,91,49780.78,547.04,0.07122900411366309,0.00802149821011966,1.4625,1.3923,apparel,jaipur,0,0,none,normal
M0001,199,101,57518.88,569.49,0.06457849592240753,0.006680513422857936,1.166,1.4061,apparel,jaipur,0,0,none,normal
M0001,200,101,51313.7,508.06,0.085153128706932,0.00800121789822622,1.5382,1.389,apparel,jaipur,0,0,none,normal
M0001,201,100,55324.29,553.24,0.07104871079783855,0.0062041857730012265,1.3072,1.3769,apparel,jaipur,0,0,none,normal
M0001,202,98,57081.14,582.46,0.06647412569151083,0.007105434359756663,1.2797,1.3405,apparel,jaipur,0,0,none,normal
M0001,203,100,58931.99,589.32,0.06620593171496582,0.008196271691277603,1.4027,1.3584,apparel,jaipur,0,0,none,normal
M0001,204,104,52734.35,507.06,0.06950985732874682,0.005962581276006726,1.286,1.5546,apparel,jaipur,0,0,none,normal
M0001,205,107,60723.73,567.51,0.08307341946846987,0.007303421088151648,1.4267,1.2237,apparel,jaipur,0,0,none,normal
M0001,206,97,56766.57,585.22,0.06923439520615947,0.007802440173360811,1.5043,1.2461,apparel,jaipur,0,0,none,normal
M0001,207,108,57883.87,535.96,0.05820108837921169,0.007244114706008513,1.3916,1.3869,apparel,jaipur,0,0,none,normal
M0001,208,114,65922.03,578.26,0.061929482157173386,0.007319815511892732,1.5005,1.3403,apparel,jaipur,0,0,none,normal
M0001,209,93,52576.44,565.34,0.06809882676919525,0.007551982223065949,1.2034,1.4497,apparel,jaipur,0,0,none,normal
M0001,210,104,67102.63,645.22,0.06119104270613124,0.009232418138024685,1.1179,1.6437,apparel,jaipur,0,0,none,normal
M0001,211,96,52943.57,551.5,0.0562746629974807,0.007218841505943131,1.3621,1.2031,apparel,jaipur,0,0,none,normal
M0001,212,88,47208.14,536.46,0.07422590342741081,0.006817426351485237,1.2988,1.4727,apparel,jaipur,0,0,none,normal
M0001,213,101,55418.55,548.7,0.06398848050226297,0.008188694302727572,1.2898,1.3904,apparel,jaipur,0,0,none,normal
M0001,214,100,55148.54,551.49,0.08597944157473666,0.007507595626948721,1.2529,1.4084,apparel,jaipur,0,0,none,normal
M0001,215,93,54228.86,583.11,0.08074057681635843,0.00830234418178411,1.1973,1.4025,apparel,jaipur,0,0,none,normal
M0001,216,96,55777.98,581.02,0.06158754859765355,0.00631424065386294,1.4252,1.5057,apparel,jaipur,0,0,none,normal
M0001,217,76,44182.18,581.34,0.07453666976942612,0.007506630171320706,1.1931,1.5635,apparel,jaipur,0,0,none,normal
M0001,218,94,50020.59,532.13,0.07314150638345718,0.005722026899715397,1.1627,1.5764,apparel,jaipur,0,0,none,normal
M0001,219,93,49886.35,536.41,0.05773444159074844,0.007180260258430918,1.2451,1.2201,apparel,jaipur,0,0,none,normal
M0001,220,97,52992.87,546.32,0.06447767254472585,0.0064260539984956335,1.4056,1.6823,apparel,jaipur,0,0,none,normal
M0001,221,97,55331.31,570.43,0.07664800325049298,0.007763026729127149,1.3009,1.2039,apparel,jaipur,0,0,none,normal
M0001,222,102,59113.67,579.55,0.06975296006783528,0.005938906046268157,1.2373,1.436,apparel,jaipur,0,0,none,normal
M0001,223,86,53773.42,625.27,0.09616528918573039,0.00735199437622691,1.4515,1.4737,apparel,jaipur,0,0,none,normal
M0001,224,99,55463.7,560.24,0.07152419247995298,0.006179766206770538,1.1996,1.3729,apparel,jaipur,0,0,none,normal
M0001,225,93,46875.9,504.04,0.06882073155338375,0.008802024273438298,1.3218,1.3286,apparel,jaipur,0,0,none,normal
M0001,226,90,43144.89,479.39,0.0675867248438126,0.006626064546231544,1.2297,1.0981,apparel,jaipur,0,0,none,normal
M0001,227,99,55527.19,560.88,0.06633135362679249,0.0061902081747625135,1.4111,1.4724,apparel,jaipur,0,0,none,normal
M0001,228,101,55076.77,545.31,0.06334060966237033,0.007227764019368616,1.45,1.3509,apparel,jaipur,0,0,none,normal
M0001,229,99,55147.03,557.04,0.06559309112092919,0.0074216717582395765,1.427,1.324,apparel,jaipur,0,0,none,normal
M0001,230,92,53855.61,585.39,0.08082485850458485,0.008122576489015392,1.3388,1.2586,apparel,jaipur,0,0,none,normal
M0001,231,92,50712.18,551.22,0.0696814720532923,0.00817385158850312,1.356,1.4575,apparel,jaipur,0,0,none,normal
M0001,232,111,55615.19,501.04,0.07340925685421597,0.007727947517061189,1.4332,1.4911,apparel,jaipur,0,0,none,normal
M0001,233,98,57318.21,584.88,0.06342884142386776,0.0051281648877003405,1.2596,1.2801,apparel,jaipur,0,0,none,normal
M0001,234,103,54313.67,527.32,0.06905900042144453,0.003117879141407306,1.2741,1.4512,apparel,jaipur,0,0,none,normal
M0001,235,83,47619.93,573.73,0.06969057638916042,0.00782282144758986,1.2782,1.2273,apparel,jaipur,0,0,none,normal
M0001,236,87,44595.48,512.59,0.06940794009222973,0.007214323027635992,1.2444,1.3865,apparel,jaipur,0,0,none,normal
M0001,237,107,65831.57,615.25,0.08698859754858916,0.006917919280903319,1.2558,1.5624,apparel,jaipur,0,0,none,normal
M0001,238,94,54996.65,585.07,0.06814797854722847,0.005952766153134576,1.0789,1.083,apparel,jaipur,0,0,none,normal
M0001,239,98,51781.01,528.38,0.07526386328866641,0.008511620226445131,1.1604,1.569,apparel,jaipur,0,0,none,normal
M0002,0,168,242040.52,1440.72,0.06318789042818462,0.002479533728605487,1.1733,1.2343,groceries,unknown_intl,0,0,none,normal
M0002,1,153,237560.24,1552.68,0.06008917545293783,0.0023141026988723,1.256,1.5585,groceries,unknown_intl,0,0,none,normal
M0002,2,137,210207.61,1534.36,0.06306055426150173,0.0019975743878755748,1.2977,1.4393,groceries,unknown_intl,0,0,none,normal
M0002,3,148,211627.86,1429.92,0.07732478849774266,0.0025260884796860592,1.1717,1.3844,groceries,unknown_intl,0,0,none,normal
M0002,4,148,228564.72,1544.36,0.07811743053694561,0.0023002344671707343,1.2858,1.1284,groceries,unknown_intl,0,0,none,normal
M0002,5,162,219128.75,1352.65,0.0674816531934421,0.002419022768028956,1.3153,1.4874,groceries,unknown_intl,0,0,none,normal
M0002,6,170,284982.4,1676.37,0.06501579423634547,0.002069679312065592,1.3517,1.4011,groceries,unknown_intl,0,0,none,normal
M0002,7,149,217676.11,1460.91,0.054941928148406045,0.002027863561618804,1.2183,1.6334,groceries,unknown_intl,0,0,none,normal
M0002,8,153,231359.57,1512.15,0.06620255809053041,0.0024251173026891,1.1761,1.3658,groceries,unknown_intl,0,0,none,normal
M0002,9,170,259773.95,1528.08,0.06274052949497635,0.002093285611514799,1.3603,1.2725,groceries,unknown_intl,0,0,none,normal
M0002,10,152,224118.19,1474.46,0.05882811410271695,0.002021481286428765,1.275,1.5453,groceries,unknown_intl,0,0,none,normal
M0002,11,162,252852.45,1560.82,0.06738518781772171,0.0018205420109830219,1.4394,1.1261,groceries,unknown_intl,0,0,none,normal
M0002,12,150,236997.86,1579.99,0.0782085273707984,0.0018218999885428993,1.2522,1.2244,groceries,unknown_intl,0,0,none,normal
M0002,13,156,240453.08,1541.37,0.06214323318188609,0.0017147273812410462,1.1554,1.4377,groceries,unknown_intl,0,0,none,normal
M0002,14,174,229283.23,1317.72,0.06152396663320801,0.0030896349364586094,1.1592,1.4344,groceries,unknown_intl,0,0,none,normal
M0002,15,157,234081.16,1490.96,0.05960069064536897,0.002285324876415139,1.3701,1.3489,groceries,unknown_intl,0,0,none,normal
M0002,16,161,239154.74,1485.43,0.0670946441850727,0.002330946043932446,1.3637,1.4361,groceries,unknown_intl,0,0,none,normal
M0002,17,167,251106.77,1503.63,0.06164798810533893,0.002415991659477571,1.0584,1.4183,groceries,unknown_intl,0,0,none,normal
M0002,18,170,246830.6,1451.94,0.06797109388590221,0.002243930910473456,1.3487,1.5885,groceries,unknown_intl,0,0,none,normal
M0002,19,145,193221.28,1332.56,0.06919585236988599,0.00209786028149814,1.3943,1.2793,groceries,unknown_intl,0,0,none,normal
M0002,20,161,257150.06,1597.21,0.054819180817500444,0.002085390067217839,1.3322,1.3818,groceries,unknown_intl,0,0,none,normal
M0002,21,151,207781.39,1376.04,0.05411816465560367,0.0020605779674725115,1.3055,1.4566,groceries,unknown_intl,0,0,none,normal
M0002,22,151,212408.45,1406.68,0.07067645185114613,0.0024454599218382924,1.2148,1.3237,groceries,unknown_intl,0,0,none,normal
M0002,23,155,232529.79,1500.19,0.059592197787470325,0.0014553743922151047,1.2324,1.5033,groceries,unknown_intl,0,0,none,normal
M0002,24,161,260137.72,1615.76,0.054749228381171806,0.002087705011867709,1.3103,1.4554,groceries,unknown_intl,0,0,none,normal
M0002,25,153,241313.71,1577.21,0.06185498006993193,0.002418476924163595,1.2977,1.53,groceries,unknown_intl,0,0,none,normal
M0002,26,165,262887.19,1593.26,0.07169182253138118,0.0022805733806620515,1.3562,1.3167,groceries,unknown_intl,0,0,none,normal
M0002,27,178,257482.01,1446.53,0.07638966517193428,0.002555767504716052,1.402,1.4326,groceries,unknown_intl,0,0,none,normal
M0002,28,149,211267.69,1417.9,0.06989266905385795,0.0020062539125551746,1.131,1.3386,groceries,unknown_intl,0,0,none,normal
M0002,29,148,211671.69,1430.21,0.06768704260446544,0.0021111135451661184,1.4238,1.3883,groceries,unknown_intl,0,0,none,normal
M0002,30,152,237756.79,1564.19,0.050016004854380576,0.002308846086224746,1.3774,1.4785,groceries,unknown_intl,0,0,none,normal
M0002,31,167,279248.42,1672.15,0.07131209843078028,0.0020144555403637876,1.178,1.3944,groceries,unknown_intl,0,0,none,normal
M0002,32,171,247028.4,1444.61,0.0677517810476144,0.0023775965834873323,1.2802,1.5093,groceries,unknown_intl,0,0,none,normal
M0002,33,141,215125.43,1525.71,0.0730654459825646,0.002274653972222699,1.2534,1.3951,groceries,unknown_intl,0,0,none,normal
M0002,34,149,237025.72,1590.78,0.0695627647120042,0.0024780520373008747,1.291,1.4815,groceries,unknown_intl,0,0,none,normal
M0002,35,150,247045.59,1646.97,0.06741012753075051,0.0019881870320381527,1.218,1.4606,groceries,unknown_intl,0,0,none,normal
M0002,36,146,228275.43,1563.53,0.06896903538504076,0.002264345521508179,1.2062,1.2848,groceries,unknown_intl,0,0,none,normal
M0002,37,163,256757.47,1575.2,0.05307454899086989,0.0021930792934260635,1.3368,1.3978,groceries,unknown_intl,0,0,none,normal
M0002,38,175,246822.34,1410.41,0.06189688811766361,0.0020849238632573907,1.1861,1.3523,groceries,unknown_intl,0,0,none,normal
M0002,39,157,212775.68,1355.26,0.07480206140577557,0.002114691085971203,1.3421,1.4156,groceries,unknown_intl,0,0,none,normal
M0002,40,147,225453.43,1533.7,0.06040718212564282,0.002122210357341836,1.2783,1.3308,groceries,unknown_intl,0,0,none,normal
M0002,41,153,216316.53,1413.83,0.06170259635595782,0.002201350079123405,1.271,1.3224,groceries,unknown_intl,0,0,none,normal
M0002,42,164,240181.18,1464.52,0.05531564693427676,0.002292696545963456,1.2936,1.4923,groceries,unknown_intl,0,0,none,normal
M0002,43,167,278470.12,1667.49,0.06309701210168872,0.002287366297585649,1.1518,1.3964,groceries,unknown_intl,0,0,none,normal
M0002,44,160,245636.42,1535.23,0.06887583177985243,0.0021965562180583024,1.3655,1.3982,groceries,unknown_intl,0,0,none,normal
M0002,45,145,241936.59,1668.53,0.07185148891052515,0.002149945764524689,1.3771,1.3905,groceries,unknown_intl,0,0,none,normal
M0002,46,169,251980.78,1491.01,0.05909872964302744,0.0020848951569905107,1.2447,1.4131,groceries,unknown_intl,0,0,none,normal
M0002,47,149,238675.7,1601.85,0.07770156454220485,0.002424705547871674,1.3102,1.3215,groceries,unknown_intl,0,0,none,normal
M0002,48,145,207918.47,1433.92,0.06994591086671544,0.002030967422899642,1.3512,1.5063,groceries,unknown_intl,0,0,none,normal
M0002,49,144,200833.89,1394.68,0.06498716293110963,0.0020379573639201457,1.3087,1.5727,groceries,unknown_intl,0,0,none,normal
M0002,50,166,258314.18,1556.11,0.05012858864367963,0.00267826173453061,1.2264,1.5088,groceries,unknown_intl,0,0,none,normal
M0002,51,163,230479.11,1413.98,0.07633120414868848,0.0023146785945311926,1.3941,1.321,groceries,unknown_intl,0,0,none,normal
M0002,52,174,281861.3,1619.89,0.0698531805216985,0.002215931360393989,1.3615,1.4355,groceries,unknown_intl,0,0,none,normal
M0002,53,173,264620.18,1529.6,0.059365691970387054,0.0018298806304589824,1.2591,1.3644,groceries,unknown_intl,0,0,none,normal
M0002,54,153,265037.84,1732.27,0.06780377078633318,0.00198206412202678,1.3626,0.9515,groceries,unknown_intl,0,0,none,normal
M0002,55,177,273510.44,1545.26,0.06343387509006788,0.0020894913414741313,1.0713,1.5291,groceries,unknown_intl,0,0,none,normal
M0002,56,148,198576.66,1341.73,0.059457248686858956,0.002341469717293149,1.3572,1.481,groceries,unknown_intl,0,0,none,normal
M0002,57,157,220601.09,1405.1,0.06440187257508283,0.0019153521147666187,1.3292,1.4786,groceries,unknown_intl,0,0,none,normal
M0002,58,163,232309.73,1425.21,0.06854379885436326,0.001923914937487706,1.3623,1.4795,groceries,unknown_intl,0,0,none,normal
M0002,59,175,276161.55,1578.07,0.06991781653575356,0.0018113429934822924,1.4177,1.3539,groceries,unknown_intl,0,0,none,normal
M0002,60,160,243214.09,1520.09,0.052318433500985466,0.0030020072788334616,1.2512,1.4491,groceries,unknown_intl,0,0,none,normal
M0002,61,163,241664.28,1482.6,0.0678479820736149,0.0021076334622011864,1.5304,1.659,groceries,unknown_intl,0,0,none,normal
M0002,62,172,269472.77,1566.7,0.05721126738869437,0.002069669461417514,1.3175,1.4367,groceries,unknown_intl,0,0,none,normal
M0002,63,165,263637.82,1597.8,0.07424058373655108,0.0018707448719435449,1.3097,1.6157,groceries,unknown_intl,0,0,none,normal
M0002,64,138,221892.1,1607.91,0.06543481833771575,0.002188261360590094,1.1626,1.2459,groceries,unknown_intl,0,0,none,normal
M0002,65,159,237941.8,1496.49,0.07098061201448236,0.0019529781705245235,1.1935,1.2251,groceries,unknown_intl,0,0,none,normal
M0002,66,166,273055.96,1644.92,0.07229804346399692,0.0024151290890185493,1.3315,1.3923,groceries,unknown_intl,0,0,none,normal
M0002,67,138,224479.28,1626.66,0.06805892272735582,0.0023471525610638958,1.2543,1.1826,groceries,unknown_intl,0,0,none,normal
M0002,68,152,212259.18,1396.44,0.06089658339819078,0.0021116685234108057,1.1575,1.3459,groceries,unknown_intl,0,0,none,normal
M0002,69,164,244256.67,1489.37,0.05761653460409121,0.002223102230966524,1.3464,1.4701,groceries,unknown_intl,0,0,none,normal
M0002,70,150,246949.56,1646.33,0.051321073726070594,0.002108615182273308,1.237,1.3378,groceries,unknown_intl,0,0,none,normal
M0002,71,146,213695.21,1463.67,0.06911330342378261,0.0025160859582093365,1.2662,1.4083,groceries,unknown_intl,0,0,none,normal
M0002,72,160,263309.74,1645.69,0.07036319993152447,0.00264324911105439,1.3201,1.3111,groceries,unknown_intl,0,0,none,normal
M0002,73,153,210948.95,1378.75,0.05951969272782886,0.002504317520191284,1.3164,1.5565,groceries,unknown_intl,0,0,none,normal
M0002,74,176,253015.57,1437.59,0.06039605554088748,0.0021904073370389325,1.3075,1.3995,groceries,unknown_intl,0,0,none,normal
M0002,75,162,242968.87,1499.81,0.08013871467463775,0.002464124228710503,1.294,1.4254,groceries,unknown_intl,0,0,none,normal
M0002,76,187,269036.12,1438.7,0.051247028626515645,0.0021482175102681216,1.3423,1.3295,groceries,unknown_intl,0,0,none,normal
M0002,77,158,250486.72,1585.36,0.06534850957778794,0.0016940354412700303,1.3276,1.1971,groceries,unknown_intl,0,0,none,normal
M0002,78,151,249609.21,1653.04,0.07152548025957502,0.002318952942275589,1.1509,1.3357,groceries,unknown_intl,0,0,none,normal
M0002,79,166,260356.65,1568.41,0.06636938357230492,0.0027265450594635165,1.2738,1.2253,groceries,unknown_intl,0,0,none,normal
M0002,80,170,240545.54,1414.97,0.0590059478821896,0.0019892892472327985,1.392,1.3751,groceries,unknown_intl,0,0,none,normal
M0002,81,126,198380.61,1574.45,0.053039753367004984,0.002122658482043015,1.3095,1.3545,groceries,unknown_intl,0,0,none,normal
M0002,82,166,256863.1,1547.37,0.07489849439960634,0.002598848602870577,1.2804,1.4681,groceries,unknown_intl,0,0,none,normal
M0002,83,127,178256.5,1403.59,0.07414507969672277,0.002542258937851845,1.2918,1.5198,groceries,unknown_intl,0,0,none,normal
M0002,84,157,249183.62,1587.16,0.06207262618656029,0.002262919878190017,1.4575,1.2852,groceries,unknown_intl,0,0,none,normal
M0002,85,156,259378.48,1662.68,0.0528388029660511,0.002212110025895564,1.4179,1.3715,groceries,unknown_intl,0,0,none,normal
M0002,86,173,267692.66,1547.36,0.07216360825179712,0.0026157899270293668,1.3786,1.2909,groceries,unknown_intl,0,0,none,normal
M0002,87,150,214649.36,1431.0,0.07309212899343334,0.0021105039146226794,1.3217,1.3169,groceries,unknown_intl,0,0,none,normal
M0002,88,179,279198.31,1559.77,0.05316100828914868,0.0016518721693310472,1.3596,1.3513,groceries,unknown_intl,0,0,none,normal
M0002,89,153,217007.04,1418.35,0.05610097760373887,0.0022123006803103024,1.2253,1.5457,groceries,unknown_intl,0,0,none,normal
M0002,90,175,270538.31,1545.93,0.06446974992695673,0.0028648339310782117,1.0772,1.4047,groceries,unknown_intl,0,0,none,normal
M0002,91,143,206260.44,1442.38,0.06723357926436554,0.002404542380600456,1.3278,1.5924,groceries,unknown_intl,0,0,none,normal
M0002,92,172,268834.55,1562.99,0.06627654844164804,0.0016178655095825322,1.4271,1.4,groceries,unknown_intl,0,0,none,normal
M0002,93,147,229672.0,1562.39,0.062411766208485056,0.001993680738755942,1.3829,1.2933,groceries,unknown_intl,0,0,none,normal
M0002,94,144,205845.97,1429.49,0.06267940483007552,0.0017025821046926085,1.3612,1.3661,groceries,unknown_intl,0,0,none,normal
M0002,95,147,211775.09,1440.65,0.08285684238268387,0.002189379588413752,1.2394,1.5781,groceries,unknown_intl,0,0,none,normal
M0002,96,180,275696.9,1531.65,0.06524197103446432,0.002281022595622387,1.1985,1.3372,groceries,unknown_intl,0,0,none,normal
M0002,97,158,242843.5,1536.98,0.06559431540030011,0.0023137167334168077,1.1094,1.3245,groceries,unknown_intl,0,0,none,normal
M0002,98,157,254191.45,1619.05,0.07345805545702122,0.0021549140502484694,1.3285,1.1879,groceries,unknown_intl,0,0,none,normal
M0002,99,160,243392.0,1521.2,0.06340057205588887,0.0023988729607500136,1.1797,1.4711,groceries,unknown_intl,0,0,none,normal
M0002,100,174,234591.88,1348.23,0.06883299454298764,0.0024244231998512807,1.1974,1.5353,groceries,unknown_intl,0,0,none,normal
M0002,101,151,235388.19,1558.86,0.06907679744553989,0.0020429312734655592,1.2741,1.4351,groceries,unknown_intl,0,0,none,normal
M0002,102,151,231327.4,1531.97,0.057674667994403836,0.0020716857992108596,1.2991,1.4159,groceries,unknown_intl,0,0,none,normal
M0002,103,176,298301.79,1694.9,0.06954361736756114,0.0020264910393465846,1.2774,1.3604,groceries,unknown_intl,0,0,none,normal
M0002,104,159,251663.92,1582.79,0.0759330032967421,0.0019049161971250634,1.2045,1.2837,groceries,unknown_intl,0,0,none,normal
M0002,105,144,205819.25,1429.3,0.057842197217739096,0.002009512019449979,1.353,1.3834,groceries,unknown_intl,0,0,none,normal
M0002,106,164,263304.83,1605.52,0.0687778490829932,0.0018362281451880977,1.3337,1.3485,groceries,unknown_intl,0,0,none,normal
M0002,107,148,220223.86,1488.0,0.07567891261057541,0.0018490989932258928,1.2815,1.3756,groceries,unknown_intl,0,0,none,normal
M0002,108,156,213545.5,1368.88,0.06498226998288556,0.0016824657615117805,1.2567,1.5965,groceries,unknown_intl,0,0,none,normal
M0002,109,123,189897.21,1543.88,0.05570930383193348,0.001925352271551847,1.277,1.1571,groceries,unknown_intl,0,0,none,normal
M0002,110,148,223075.81,1507.27,0.07130814169795861,0.0020563027101881005,1.3376,1.3844,groceries,unknown_intl,0,0,none,normal
M0002,111,169,256098.45,1515.38,0.05398900759563328,0.002008925623340104,1.3637,1.4085,groceries,unknown_intl,0,0,none,normal
M0002,112,158,204096.71,1291.75,0.06263690854984476,0.0017410507118695664,1.353,1.5885,groceries,unknown_intl,0,0,none,normal
M0002,113,159,216432.1,1361.21,0.04971621907834981,0.0026183799238313392,1.1686,1.1954,groceries,unknown_intl,0,0,none,normal
M0002,114,141,193893.66,1375.13,0.05606017684023814,0.0017750590375408886,1.1834,1.5162,groceries,unknown_intl,0,0,none,normal
M0002,115,160,272075.27,1700.47,0.07096802355170627,0.0021968092851418746,1.3034,1.4588,groceries,unknown_intl,0,0,none,normal
M0002,116,149,232516.02,1560.51,0.06723964396568222,0.001933436385123836,1.1582,1.5519,groceries,unknown_intl,0,0,none,normal
M0002,117,186,294530.08,1583.5,0.06138806663382302,0.0019800743218747544,1.2808,1.2863,groceries,unknown_intl,0,0,none,normal
M0002,118,159,251509.51,1581.82,0.06851739144741621,0.002057479605530175,1.3259,1.5267,groceries,unknown_intl,0,0,none,normal
M0002,119,156,222234.04,1424.58,0.05853529372611658,0.002592024793017761,1.3594,1.2137,groceries,unknown_intl,0,0,none,normal
M0002,120,158,253238.4,1602.77,0.0702595679387446,0.0021435655402364077,1.2385,1.3554,groceries,unknown_intl,0,0,none,normal
M0002,121,152,218111.91,1434.95,0.06688015086058773,0.0025285171469701453,1.344,1.3734,groceries,unknown_intl,0,0,none,normal
M0002,122,153,226470.86,1480.2,0.06343483859175413,0.0017154565333053697,1.3403,1.2527,groceries,unknown_intl,0,0,none,normal
M0002,123,167,267905.1,1604.22,0.06883145111989473,0.0017605911773807225,1.2256,1.5429,groceries,unknown_intl,0,0,none,normal
M0002,124,172,243360.85,1414.89,0.06640416463970185,0.0023675175725426873,1.3146,1.5869,groceries,unknown_intl,0,0,none,normal
M0002,125,154,221005.13,1435.1,0.058312211198280076,0.0021900440610122104,1.3341,1.4138,groceries,unknown_intl,0,0,none,normal
M0002,126,129,184433.35,1429.72,0.056694940596513296,0.0019581714379020357,1.0787,1.4016,groceries,unknown_intl,0,0,none,normal
M0002,127,167,233165.12,1396.2,0.07785668149756936,0.0018354634760007088,1.3639,1.3965,groceries,unknown_intl,0,0,none,normal
M0002,128,169,250209.5,1480.53,0.05550909759407705,0.0017082107345640116,1.3793,1.3996,groceries,unknown_intl,0,0,none,normal
M0002,129,147,231631.37,1575.72,0.06037528599574892,0.0024374708519096207,1.3451,1.4323,groceries,unknown_intl,0,0,none,normal
M0002,130,177,256019.93,1446.44,0.05860968635937398,0.00202540297678309,1.296,1.505,groceries,unknown_intl,0,0,none,normal
M0002,131,151,238809.14,1581.52,0.06372413833366049,0.0016107356265101344,1.2529,1.4971,groceries,unknown_intl,0,0,none,normal
M0002,132,150,253447.58,1689.65,0.0719247037336878,0.0023052306782426544,1.3498,1.4467,groceries,unknown_intl,0,0,none,normal
M0002,133,162,250367.51,1545.48,0.06251822582289832,0.0016987041487518727,1.337,1.429,groceries,unknown_intl,0,0,none,normal
M0002,134,154,221848.87,1440.58,0.07094420067668512,0.002447406822333218,1.2216,1.3796,groceries,unknown_intl,0,0,none,normal
M0002,135,138,194060.08,1406.23,0.06662772966029913,0.0023276136635314933,1.2496,1.5274,groceries,unknown_intl,0,0,none,normal
M0002,136,156,244917.65,1569.98,0.06105046281040479,0.0018761138629414668,1.2206,1.4764,groceries,unknown_intl,0,0,none,normal
M0002,137,151,244541.4,1619.48,0.05192314644677016,0.0016500548706458406,1.4001,1.3129,groceries,unknown_intl,0,0,none,normal
M0002,138,144,225173.52,1563.7,0.0669800568560416,0.001527558164692791,1.3266,1.4077,groceries,unknown_intl,0,0,none,normal
M0002,139,181,260233.83,1437.76,0.06744653715420927,0.002086443604803605,1.1911,1.4469,groceries,unknown_intl,0,0,none,normal
M0002,140,156,216794.89,1389.71,0.06142969908892252,0.002215236916112408,1.2769,1.398,groceries,unknown_intl,0,0,none,normal
M0002,141,168,263657.77,1569.39,0.06809491341972189,0.0024351336732706366,1.2436,1.2997,groceries,unknown_intl,0,0,none,normal
M0002,142,173,279759.25,1617.11,0.05826663171508219,0.0023059496051803657,1.2944,1.222,groceries,unknown_intl,0,0,none,normal
M0002,143,153,226541.94,1480.67,0.07169189949561193,0.002029072673672729,1.382,1.5174,groceries,unknown_intl,0,0,none,normal
M0002,144,170,258472.18,1520.42,0.0701367942008953,0.0022708933049744055,1.3027,1.3503,groceries,unknown_intl,0,0,none,normal
M0002,145,154,213875.64,1388.8,0.062370813095343335,0.002476558284228229,1.2615,1.3849,groceries,unknown_intl,0,0,none,normal
M0002,146,151,211441.19,1400.27,0.0627182295863964,0.001721205151347378,1.3684,1.1908,groceries,unknown_intl,0,0,none,normal
M0002,147,173,253409.69,1464.8,0.06595964830703281,0.002375411121777899,1.4258,1.4151,groceries,unknown_intl,0,0,none,normal
M0002,148,154,230240.27,1495.07,0.07726397983414479,0.0022956419664973853,1.4815,1.3291,groceries,unknown_intl,0,0,none,normal
M0002,149,148,242649.74,1639.53,0.06457860461183347,0.001698052151954425,1.2544,1.4017,groceries,unknown_intl,0,0,none,normal
M0002,150,141,211572.38,1500.51,0.07560563379093044,0.002117539213605638,1.4372,1.2235,groceries,unknown_intl,0,0,none,normal
M0002,151,144,197620.82,1372.37,0.06301562167618442,0.001912486561293358,1.2918,1.3171,groceries,unknown_intl,0,0,none,normal
M0002,152,147,219100.76,1490.48,0.062467571072024664,0.002052345870392799,1.325,1.3377,groceries,unknown_intl,0,0,none,normal
M0002,153,173,219143.22,1266.72,0.06908328303565812,0.00210930735665346,1.3135,1.3523,groceries,unknown_intl,0,0,none,normal
M0002,154,130,228154.98,1755.04,0.05510099205457101,0.0023171004252924973,1.3058,1.33,groceries,unknown_intl,0,0,none,normal
M0002,155,157,247533.59,1576.65,0.05272348333155748,0.0019330395854837024,1.2453,1.2977,groceries,unknown_intl,0,0,none,normal
M0002,156,144,239341.8,1662.1,0.05112523988114759,0.002205933654908872,1.4203,1.392,groceries,unknown_intl,0,0,none,normal
M0002,157,157,260663.37,1660.28,0.08166199325096059,0.002309568121417848,1.386,1.6632,groceries,unknown_intl,0,0,none,normal
M0002,158,162,265989.85,1641.91,0.06385310341462634,0.0021285509604134496,1.3241,1.4572,groceries,unknown_intl,0,0,none,normal
M0002,159,174,260219.7,1495.52,0.058522790415791004,0.0019162146118365852,1.2645,1.4535,groceries,unknown_intl,0,0,none,normal
M0002,160,161,250360.48,1555.03,0.059700549875764876,0.002495752677221073,1.2921,1.2121,groceries,unknown_intl,0,0,none,normal
M0002,161,171,258159.8,1509.71,0.054961294122154745,0.00242315421781914,1.313,1.5012,groceries,unknown_intl,0,0,none,normal
M0002,162,118,191733.95,1624.86,0.05620153346928706,0.00224852920639602,1.4827,1.1029,groceries,unknown_intl,0,0,none,normal
M0002,163,152,234425.46,1542.27,0.07875487793511081,0.002675301590899289,1.4394,1.1365,groceries,unknown_intl,0,0,none,normal
M0002,164,175,280887.58,1605.07,0.06611984719033993,0.0018212318922791204,1.3167,1.3963,groceries,unknown_intl,0,0,none,normal
M0002,165,144,216862.92,1505.99,0.0743583278573659,0.0026421081273406435,1.2733,1.2146,groceries,unknown_intl,0,0,none,normal
M0002,166,155,242351.63,1563.56,0.05829387973467776,0.0022291090444614085,1.3961,1.4047,groceries,unknown_intl,0,0,none,normal
M0002,167,151,229562.6,1520.28,0.06715976166227836,0.002004474408256179,1.1738,1.409,groceries,unknown_intl,0,0,none,normal
M0002,168,152,210973.18,1387.98,0.07474505026231953,0.0018079026292738322,1.3059,1.3324,groceries,unknown_intl,0,0,none,normal
M0002,169,153,229148.84,1497.7,0.07423311817374795,0.0015860155169626798,1.2534,1.2704,groceries,unknown_intl,0,0,none,normal
M0002,170,148,246222.42,1663.67,0.06219167288598375,0.0027659817417459553,1.3061,1.4161,groceries,unknown_intl,0,0,none,normal
M0002,171,154,251015.07,1629.97,0.06130347023778929,0.0025576256463905153,1.2932,1.3274,groceries,unknown_intl,0,0,none,normal
M0002,172,167,244390.95,1463.42,0.06364285260849911,0.00248290168362399,1.4175,1.4848,groceries,unknown_intl,0,0,none,normal
M0002,173,148,196160.04,1325.41,0.06752853056822188,0.0019285428138624194,1.2708,1.4029,groceries,unknown_intl,0,0,none,normal
M0002,174,172,262730.72,1527.5,0.06689779186856652,0.002098432984954448,1.299,1.4814,groceries,unknown_intl,0,0,none,normal
M0002,175,163,272970.76,1674.67,0.07577101652442696,0.00201874050758079,1.2743,1.4414,groceries,unknown_intl,0,0,none,normal
M0002,176,158,263604.43,1668.38,0.05913600444055493,0.0024330713594744352,1.3031,1.4056,groceries,unknown_intl,0,0,none,normal
M0002,177,166,256834.2,1547.19,0.0628233134890955,0.002498210604376833,1.3166,1.2596,groceries,unknown_intl,0,0,none,normal
M0002,178,136,218491.99,1606.56,0.07196561021286325,0.0021632757522460164,1.3056,1.4122,groceries,unknown_intl,0,0,none,normal
M0002,179,167,224569.94,1344.73,0.06699802183942306,0.0016483379332877296,1.3258,1.3204,groceries,unknown_intl,0,0,none,normal
M0002,180,179,229763.07,1283.59,0.06383393979134006,0.002068270976706782,1.1457,1.3663,groceries,unknown_intl,0,0,none,normal
M0002,181,141,198940.49,1410.93,0.0534006388052234,0.0019167685821897102,1.3424,1.5402,groceries,unknown_intl,0,0,none,normal
M0002,182,145,217543.94,1500.3,0.07425980256501544,0.002136826695286297,1.2486,1.4284,groceries,unknown_intl,0,0,none,normal
M0002,183,174,261277.62,1501.6,0.05408383642713397,0.002313633909864798,1.1981,1.2561,groceries,unknown_intl,0,0,none,normal
M0002,184,144,209895.17,1457.61,0.0550431572658264,0.0021614987477197676,1.1479,1.4896,groceries,unknown_intl,0,0,none,normal
M0002,185,167,247160.64,1480.0,0.08645089817547044,0.0019243203828626162,1.3703,1.1008,groceries,unknown_intl,0,0,none,normal
M0002,186,168,244305.17,1454.2,0.06022924788455866,0.0016617471515721935,1.4404,1.4054,groceries,unknown_intl,0,0,none,normal
M0002,187,152,230692.67,1517.71,0.0553666395638058,0.0022814531819595816,1.1891,1.5061,groceries,unknown_intl,0,0,none,normal
M0002,188,153,231172.68,1510.93,0.06499425358449239,0.0023872334998834566,1.2214,1.3197,groceries,unknown_intl,0,0,none,normal
M0002,189,149,241524.98,1620.97,0.060182121016369314,0.002209995954506207,1.2966,1.4157,groceries,unknown_intl,0,0,none,normal
M0002,190,151,239645.15,1587.05,0.06382952323239438,0.0017159380300987728,1.3357,1.4731,groceries,unknown_intl,0,0,none,normal
M0002,191,162,231105.12,1426.57,0.07223691056613121,0.002571166576363818,1.3234,1.6055,groceries,unknown_intl,0,0,none,normal
M0002,192,148,250135.41,1690.1,0.07137551438749277,0.002190260736030655,1.3693,1.144,groceries,unknown_intl,0,0,none,normal
M0002,193,174,258656.89,1486.53,0.07399801128048697,0.0019036976761132697,1.2393,1.4913,groceries,unknown_intl,0,0,none,normal
M0002,194,169,282443.39,1671.26,0.06134566952362112,0.002348598947920325,1.3581,1.3869,groceries,unknown_intl,0,0,none,normal
M0002,195,162,245608.06,1516.1,0.061428257861705755,0.0021304320445640463,1.2894,1.5068,groceries,unknown_intl,0,0,none,normal
M0002,196,176,287430.72,1633.13,0.06685624401633274,0.001542846022994543,1.3459,1.5518,groceries,unknown_intl,0,0,none,normal
M0002,197,157,257113.32,1637.66,0.055356885088974093,0.0020051771661985093,1.2725,1.5234,groceries,unknown_intl,0,0,none,normal
M0002,198,157,235494.52,1499.97,0.062597433294432,0.00235619606367776,1.4907,1.5972,groceries,unknown_intl,0,0,none,normal
M0002,199,150,253181.23,1687.87,0.06933436556398324,0.0022619638179466814,1.4179,1.4519,groceries,unknown_intl,0,0,none,normal
M0002,200,168,254867.29,1517.07,0.0683252251911376,0.0024384437255551544,1.4243,1.4052,groceries,unknown_intl,0,0,none,normal
M0002,201,177,253088.37,1429.88,0.0726850230905191,0.001775991079511633,1.2167,1.2896,groceries,unknown_intl,0,0,none,normal
M0002,202,151,220658.86,1461.32,0.07317115210777628,0.0018558138037417119,1.4149,1.3392,groceries,unknown_intl,0,0,none,normal
M0002,203,169,275056.21,1627.55,0.06660984894023741,0.0025737705227034014,1.3342,1.4853,groceries,unknown_intl,0,0,none,normal
M0002,204,151,249775.43,1654.14,0.07244674306271266,0.0022832029319684844,1.4467,1.2825,groceries,unknown_intl,0,0,none,normal
M0002,205,149,273427.8,1835.09,0.0760219541074764,0.003046427769264577,1.2303,1.2099,groceries,unknown_intl,0,0,none,normal
M0002,206,160,225975.27,1412.35,0.06184134215336696,0.0022248897973929454,1.1229,1.2871,groceries,unknown_intl,0,0,none,normal
M0002,207,147,231766.03,1576.64,0.08689661901809802,0.0020287784917833976,1.2946,1.2746,groceries,unknown_intl,0,0,none,normal
M0002,208,162,244816.34,1511.21,0.05413387183157837,0.0025057429069296447,1.2162,1.461,groceries,unknown_intl,0,0,none,normal
M0002,209,156,230541.53,1477.83,0.05574241226663987,0.0020040937180859455,1.4352,1.3797,groceries,unknown_intl,0,0,none,normal
M0002,210,166,230139.61,1386.38,0.06856918135363875,0.001939503214737539,1.3019,1.3782,groceries,unknown_intl,0,0,none,normal
M0002,211,169,281562.18,1666.05,0.06370938026999395,0.0024007017359983064,1.4022,1.2413,groceries,unknown_intl,0,0,none,normal
M0002,212,140,205743.37,1469.6,0.06829899981794746,0.0018166485089777164,1.2958,1.3165,groceries,unknown_intl,0,0,none,normal
M0002,213,159,227666.9,1431.87,0.05664779897719395,0.002300914622776227,1.3447,1.4559,groceries,unknown_intl,0,0,none,normal
M0002,214,171,289713.66,1694.23,0.0700464029000998,0.0021116694715295438,1.1791,1.2608,groceries,unknown_intl,0,0,none,normal
M0002,215,157,225934.47,1439.07,0.06580101709787535,0.002326811114554648,1.2426,1.5548,groceries,unknown_intl,0,0,none,normal
M0002,216,179,271131.11,1514.7,0.05601575667490559,0.002804206806371404,1.4385,1.4561,groceries,unknown_intl,0,0,none,normal
M0002,217,175,266288.61,1521.65,0.06089121038992233,0.002591364756369904,1.3789,1.2737,groceries,unknown_intl,0,0,none,normal
M0002,218,176,288257.19,1637.82,0.062412456718753964,0.001960063831327362,1.432,1.3055,groceries,unknown_intl,0,0,none,normal
M0002,219,166,275809.94,1661.51,0.057211665644778927,0.0017088064239982562,1.3173,1.2632,groceries,unknown_intl,0,0,none,normal
M0002,220,161,235101.83,1460.26,0.06725013520240357,0.0021901619788769846,1.3124,1.3779,groceries,unknown_intl,0,0,none,normal
M0002,221,171,250492.8,1464.87,0.07513075870823649,0.0024205003111927824,1.1416,1.4672,groceries,unknown_intl,0,0,none,normal
M0002,222,156,249560.5,1599.75,0.08461405850659219,0.0013506511454223686,1.3372,1.3806,groceries,unknown_intl,0,0,none,normal
M0002,223,137,219623.05,1603.09,0.07974603658166689,0.0023667007390389167,1.2175,1.3323,groceries,unknown_intl,0,0,none,normal
M0002,224,181,273951.0,1513.54,0.0609965833507495,0.0017308674179185501,1.3182,1.3554,groceries,unknown_intl,0,0,none,normal
M0002,225,154,231731.75,1504.75,0.0645260430818902,0.0017979359021287691,1.3219,1.2276,groceries,unknown_intl,0,0,none,normal
M0002,226,139,241147.23,1734.87,0.07175173265854802,0.0015957972353597485,1.4074,1.4335,groceries,unknown_intl,0,0,none,normal
M0002,227,165,271725.25,1646.82,0.06154530860692302,0.001604310373454697,1.3609,1.4655,groceries,unknown_intl,0,0,none,normal
M0002,228,167,243948.52,1460.77,0.06708756309639832,0.002187754188755158,1.5,1.111,groceries,unknown_intl,0,0,none,normal
M0002,229,139,237088.18,1705.67,0.05794705086416184,0.00271898867670694,1.2657,1.5707,groceries,unknown_intl,0,0,none,normal
M0002,230,159,248212.09,1561.08,0.06624236688854408,0.0017799253150821233,1.2746,1.4566,groceries,unknown_intl,0,0,none,normal
M0002,231,161,248375.92,1542.71,0.0595434734206725,0.0013837304605368128,1.4483,1.3247,groceries,unknown_intl,0,0,none,normal
M0002,232,140,214622.55,1533.02,0.06562439717074514,0.0016811400552009398,1.2363,1.6463,groceries,unknown_intl,0,0,none,normal
M0002,233,157,256487.31,1633.68,0.05984574316267463,0.0020062204161682886,1.3325,1.4063,groceries,unknown_intl,0,0,none,normal
M0002,234,160,231791.31,1448.7,0.061860338755381356,0.0021195242773924135,1.4076,1.1041,groceries,unknown_intl,0,0,none,normal
M0002,235,149,239719.77,1608.86,0.057110459536975265,0.002481456775307746,1.1487,1.3617,groceries,unknown_intl,0,0,none,normal
M0002,236,164,250836.7,1529.49,0.06778128928155217,0.0024360138686688247,1.3591,1.4,groceries,unknown_intl,0,0,none,normal
M0002,237,167,257940.39,1544.55,0.06458944489852599,0.0018843791717198858,1.3715,1.3318,groceries,unknown_intl,0,0,none,normal
M0002,238,157,227432.45,1448.61,0.058542910220325685,0.0016850500093907837,1.4109,1.2778,groceries,unknown_intl,0,0,none,normal
M0002,239,153,235190.53,1537.19,0.05863875472890051,0.002119116690805613,1.3829,1.3633,groceries,unknown_intl,0,0,none,normal
M0003,0,186,254766.12,1369.71,0.055104761337529465,0.008478572673823244,1.1626,1.6091,groceries,chennai,0,0,none,normal
M0003,1,212,304526.08,1436.44,0.056348508200063596,0.005858960121518161,1.243,1.4347,groceries,chennai,0,0,none,normal
M0003,2,176,246800.64,1402.28,0.05631911189523287,0.005292887894259983,1.206,1.2189,groceries,chennai,0,0,none,normal
M0003,3,201,292084.41,1453.16,0.07541022629550943,0.008205789595322456,1.3364,1.3951,groceries,chennai,0,0,none,normal
M0003,4,182,270487.61,1486.2,0.05758873942465288,0.008835551130549986,1.2414,1.3044,groceries,chennai,0,0,none,normal
M0003,5,234,326690.66,1396.11,0.052245391987045704,0.008154580294300877,1.2816,1.46,groceries,chennai,0,0,none,normal
M0003,6,211,309297.92,1465.87,0.04876207233070345,0.006038214201347791,1.2953,1.3262,groceries,chennai,0,0,none,normal
M0003,7,186,286817.37,1542.03,0.051600295659118486,0.006935866358378842,1.3174,1.333,groceries,chennai,0,0,none,normal
M0003,8,169,265959.83,1573.73,0.05473405577302548,0.0067652496373077665,1.2508,1.5271,groceries,chennai,0,0,none,normal
M0003,9,176,274879.94,1561.82,0.06457253261705534,0.006949718094228863,1.3215,1.4244,groceries,chennai,0,0,none,normal
M0003,10,204,307039.9,1505.1,0.06334284732022803,0.0062524213771632435,1.3304,1.2375,groceries,chennai,0,0,none,normal
M0003,11,199,290329.01,1458.94,0.03475340575040616,0.008450630917033217,1.2607,1.4495,groceries,chennai,0,0,none,normal
M0003,12,178,240995.22,1353.91,0.05452283514051562,0.007390416810255838,1.394,1.3524,groceries,chennai,0,0,none,normal
M0003,13,184,279873.03,1521.05,0.05406825266725354,0.009139506587354383,1.3219,1.2236,groceries,chennai,0,0,none,normal
M0003,14,179,262145.18,1464.5,0.06687392749513302,0.008825252572222627,1.1718,1.4187,groceries,chennai,0,0,none,normal
M0003,15,179,269214.87,1503.99,0.0553247641387747,0.008244771555556179,1.2566,1.4103,groceries,chennai,0,0,none,normal
M0003,16,147,204600.69,1391.84,0.048366358578719994,0.007816671601463225,1.2297,1.5539,groceries,chennai,0,0,none,normal
M0003,17,202,302415.56,1497.11,0.0541743045492067,0.009710672947165561,1.1827,1.3687,groceries,chennai,0,0,none,normal
M0003,18,181,275263.25,1520.79,0.046113284668525795,0.00832395438040825,1.3545,1.4818,groceries,chennai,0,0,none,normal
M0003,19,173,246399.73,1424.28,0.04872435247600113,0.008701151106163147,1.3189,1.2901,groceries,chennai,0,0,none,normal
M0003,20,213,323581.77,1519.16,0.0673381000504601,0.003496730790228535,1.4287,1.4176,groceries,chennai,0,0,none,normal
M0003,21,161,231698.88,1439.12,0.067736546811871,0.009373131373593248,1.2486,1.4129,groceries,chennai,0,0,none,normal
M0003,22,204,311791.79,1528.39,0.04471389037490026,0.008145314183841757,1.3557,1.5152,groceries,chennai,0,0,none,normal
M0003,23,173,263948.12,1525.71,0.05944163849946093,0.006121883558581251,1.37,1.3565,groceries,chennai,0,0,none,normal
M0003,24,205,306007.99,1492.72,0.05017553961647789,0.006987810310471044,1.1541,1.2441,groceries,chennai,0,0,none,normal
M0003,25,169,259312.43,1534.39,0.05783443168464027,0.008548041156655445,1.3006,1.5071,groceries,chennai,0,0,none,normal
M0003,26,215,319320.11,1485.21,0.062449527220322744,0.008956774684644803,1.3725,1.3413,groceries,chennai,0,0,none,normal
M0003,27,207,322678.43,1558.83,0.05836308359360689,0.007915744428619956,1.3352,1.3629,groceries,chennai,0,0,none,normal
M0003,28,206,275985.01,1339.73,0.05353538652097837,0.008861741240483795,1.4115,1.3926,groceries,chennai,0,0,none,normal
M0003,29,171,261402.82,1528.67,0.044858249454310675,0.007832021525280883,1.3852,1.3816,groceries,chennai,0,0,none,normal
M0003,30,194,311565.41,1606.01,0.056087491240738356,0.00716622610671643,1.2128,1.2016,groceries,chennai,0,0,none,normal
M0003,31,164,217599.24,1326.82,0.054082118409933495,0.0068367694539812115,1.1915,1.5546,groceries,chennai,0,0,none,normal
M0003,32,191,300294.02,1572.22,0.04615380221959205,0.009384796315276205,1.3602,1.4008,groceries,chennai,0,0,none,normal
M0003,33,179,276732.55,1545.99,0.05304749845080623,0.007128444983425871,1.2238,1.4359,groceries,chennai,0,0,none,normal
M0003,34,173,273380.48,1580.23,0.061824319093454635,0.009051508435201725,1.4014,1.52,groceries,chennai,0,0,none,normal
M0003,35,194,310452.28,1600.27,0.06264896405650792,0.009380061454460582,1.4669,1.3701,groceries,chennai,0,0,none,normal
M0003,36,205,305742.43,1491.43,0.06155358253569485,0.007700841622091513,1.2225,1.2931,groceries,chennai,0,0,none,normal
M0003,37,198,289100.83,1460.11,0.06179653899183769,0.00913923183891836,1.3598,1.3557,groceries,chennai,0,0,none,normal
M0003,38,147,224463.26,1526.96,0.06450081863849946,0.006734281763696454,1.2283,1.3066,groceries,chennai,0,0,none,normal
M0003,39,196,283336.17,1445.59,0.0647672766472621,0.007883305653300372,1.2881,1.4435,groceries,chennai,0,0,none,normal
M0003,40,206,316140.24,1534.66,0.052011726282252944,0.006218968581911154,1.2589,1.4117,groceries,chennai,0,0,none,normal
M0003,41,177,290725.0,1642.51,0.06348873740199984,0.007985840839101576,1.2389,1.2531,groceries,chennai,0,0,none,normal
M0003,42,174,269176.43,1546.99,0.04942979225982084,0.010119990275985398,1.3141,1.639,groceries,chennai,0,0,none,normal
M0003,43,195,305102.29,1564.63,0.04930381013661446,0.008583278071947706,1.381,1.4328,groceries,chennai,0,0,none,normal
M0003,44,196,305463.3,1558.49,0.05144796845176668,0.008022681143015386,1.4334,1.4545,groceries,chennai,0,0,none,normal
M0003,45,176,254545.24,1446.28,0.053437850117771295,0.005440939497329879,1.3783,1.3918,groceries,chennai,0,0,none,normal
M0003,46,194,275964.42,1422.5,0.06639939275583667,0.008176922444827895,1.2402,1.4843,groceries,chennai,0,0,none,normal
M0003,47,170,277978.37,1635.17,0.05365925194564851,0.008052056354706436,1.318,1.4005,groceries,chennai,0,0,none,normal
M0003,48,187,251574.55,1345.32,0.05508087320435301,0.006365983117952797,1.3584,1.5366,groceries,chennai,0,0,none,normal
M0003,49,147,218296.44,1485.01,0.05814381663803463,0.0075119639595968455,1.3692,1.4557,groceries,chennai,0,0,none,normal
M0003,50,183,267693.99,1462.81,0.05709540939348764,0.007039606749541924,1.221,1.3018,groceries,chennai,0,0,none,normal
M0003,51,180,281946.19,1566.37,0.056163673112805346,0.007976889190372405,1.3874,1.4666,groceries,chennai,0,0,none,normal
M0003,52,167,237154.52,1420.09,0.05203568832694784,0.007318651934855905,1.2463,1.3931,groceries,chennai,0,0,none,normal
M0003,53,206,313224.99,1520.51,0.03920986163066176,0.009725469789801279,1.2043,1.4049,groceries,chennai,0,0,none,normal
M0003,54,204,294421.56,1443.24,0.052992415858272794,0.007551484035769599,1.3286,1.3766,groceries,chennai,0,0,none,normal
M0003,55,190,281305.68,1480.56,0.042835691683584476,0.0060931599858076654,1.2885,1.3195,groceries,chennai,0,0,none,normal
M0003,56,170,245018.31,1441.28,0.055414948541182785,0.007289804778287963,1.2839,1.2795,groceries,chennai,0,0,none,normal
M0003,57,171,244110.95,1427.55,0.05207021736847454,0.007912713882069508,1.4569,1.3734,groceries,chennai,0,0,none,normal
M0003,58,191,256460.19,1342.72,0.051925228843696984,0.011119328195468422,1.2718,1.2852,groceries,chennai,0,0,none,normal
M0003,59,169,251866.03,1490.33,0.04620033903648917,0.0064345669843402006,1.2634,1.428,groceries,chennai,0,0,none,normal
M0003,60,187,297395.9,1590.35,0.06420300918792751,0.007363447955949215,1.3934,1.2122,groceries,chennai,0,0,none,normal
M0003,61,170,222623.06,1309.55,0.07017825174230592,0.007551876783778561,1.4968,1.3866,groceries,chennai,0,0,none,normal
M0003,62,176,265955.08,1511.11,0.05622668919654364,0.00986220570612033,1.1643,1.3638,groceries,chennai,0,0,none,normal
M0003,63,210,332241.81,1582.1,0.049516989807779105,0.00849027924623797,1.2493,1.3778,groceries,chennai,0,0,none,normal
M0003,64,179,273154.13,1526.0,0.05784671206036304,0.009211538667913534,1.3523,1.3752,groceries,chennai,0,0,none,normal
M0003,65,191,260724.39,1365.05,0.06050545773731451,0.007351345359993691,1.4486,1.5791,groceries,chennai,0,0,none,normal
M0003,66,148,207731.82,1403.59,0.05767660520339052,0.007723018872746283,1.3864,1.4842,groceries,chennai,0,0,none,normal
M0003,67,180,247507.13,1375.04,0.061234662621653786,0.008523695895345662,1.3044,1.381,groceries,chennai,0,0,none,normal
M0003,68,205,306195.7,1493.64,0.049964954761738525,0.006479432528727423,1.3431,1.3397,groceries,chennai,0,0,none,normal
M0003,69,178,276271.3,1552.09,0.05842679970893256,0.008380185276334785,1.2377,1.3339,groceries,chennai,0,0,none,normal
M0003,70,187,281967.6,1507.85,0.03643630069892682,0.009966865029773118,1.4389,1.4228,groceries,chennai,0,0,none,normal
M0003,71,202,314246.16,1555.67,0.05416349571559574,0.006486534314311928,1.2428,1.4021,groceries,chennai,0,0,none,normal
M0003,72,186,297633.26,1600.18,0.050407013715007436,0.00910958186610177,1.2984,1.392,groceries,chennai,0,0,none,normal
M0003,73,215,303128.52,1409.9,0.05525093240264302,0.008317570709965947,1.2568,1.3936,groceries,chennai,0,0,none,normal
M0003,74,201,307906.33,1531.87,0.04111165501682629,0.006196944004677596,1.3799,1.4894,groceries,chennai,0,0,none,normal
M0003,75,174,279155.47,1604.34,0.05579350931440909,0.006912228981002487,1.4323,1.3658,groceries,chennai,0,0,none,normal
M0003,76,185,296395.63,1602.14,0.05626869564685095,0.007209020536115584,1.291,1.2603,groceries,chennai,0,0,none,normal
M0003,77,191,269769.68,1412.41,0.041662430983040906,0.010811969016554918,1.1384,1.5273,groceries,chennai,0,0,none,normal
M0003,78,185,258397.64,1396.74,0.058453817362762873,0.008129060101998792,1.373,1.5739,groceries,chennai,0,0,none,normal
M0003,79,189,284674.51,1506.21,0.05822613887835345,0.007685725719675097,1.341,1.4441,groceries,chennai,0,0,none,normal
M0003,80,197,294088.09,1492.83,0.05172321076239801,0.009090962358429398,1.2929,1.3578,groceries,chennai,0,0,none,normal
M0003,81,175,247085.17,1411.92,0.0594907078536451,0.009265582466090555,1.274,1.5588,groceries,chennai,0,0,none,normal
M0003,82,201,301925.73,1502.12,0.06318976172809526,0.010213642331458201,1.2675,1.4774,groceries,chennai,0,0,none,normal
M0003,83,203,303602.83,1495.58,0.05568239279503927,0.00853086096420133,1.3916,1.323,groceries,chennai,0,0,none,normal
M0003,84,190,292921.08,1541.69,0.05948418841597678,0.008848540654588781,1.3709,1.3214,groceries,chennai,0,0,none,normal
M0003,85,198,299714.08,1513.71,0.048815750379454376,0.010561522238603991,1.2015,1.4868,groceries,chennai,0,0,none,normal
M0003,86,156,233752.98,1498.42,0.05054650890186572,0.009096696585384844,1.2849,1.6696,groceries,chennai,0,0,none,normal
M0003,87,184,282905.98,1537.53,0.05292568576773986,0.007291876061310575,1.4213,1.5236,groceries,chennai,0,0,none,normal
M0003,88,180,247361.62,1374.23,0.057455765492454416,0.010604147811219058,1.3527,1.3217,groceries,chennai,0,0,none,normal
M0003,89,193,288934.82,1497.07,0.06737983336614813,0.007655227662811826,1.2883,1.4071,groceries,chennai,0,0,none,normal
M0003,90,166,247310.69,1489.82,0.05806453242699587,0.006998288301190552,1.326,1.5695,groceries,chennai,0,0,none,normal
M0003,91,180,278550.37,1547.5,0.05867795624462012,0.009097404773365946,1.2772,1.4898,groceries,chennai,0,0,none,normal
M0003,92,177,292446.76,1652.24,0.04661332697756104,0.008056296118051406,1.3751,1.5391,groceries,chennai,0,0,none,normal
M0003,93,204,312127.45,1530.04,0.055769160395671376,0.010001901857314838,1.3087,1.3682,groceries,chennai,0,0,none,normal
M0003,94,192,274947.71,1432.02,0.051524778377834764,0.008575776567595655,1.2829,1.3779,groceries,chennai,0,0,none,normal
M0003,95,210,320426.01,1525.84,0.05288720254169849,0.009295130836241118,1.1943,1.2768,groceries,chennai,0,0,none,normal
M0003,96,170,245076.64,1441.63,0.050040426479292945,0.00480739059855575,1.2028,1.2795,groceries,chennai,0,0,none,normal
M0003,97,182,294313.53,1617.11,0.05279320838632289,0.008479787909295334,1.31,1.3086,groceries,chennai,0,0,none,normal
M0003,98,176,265053.0,1505.98,0.04109304325923954,0.00949655886550892,1.3994,1.2127,groceries,chennai,0,0,none,normal
M0003,99,213,312916.21,1469.09,0.05363193294748338,0.00842958118146263,1.4131,1.5779,groceries,chennai,0,0,none,normal
M0003,100,165,260182.64,1576.86,0.06167087590481278,0.008421128236165127,1.2459,1.4092,groceries,chennai,0,0,none,normal
M0003,101,210,302687.89,1441.37,0.05126663336685108,0.009808064226795215,1.4151,1.3364,groceries,chennai,0,0,none,normal
M0003,102,200,299092.17,1495.46,0.04508159360688858,0.010823316940385404,1.4076,1.4443,groceries,chennai,0,0,none,normal
M0003,103,176,282709.22,1606.3,0.05757357615965002,0.009545435585025297,1.272,1.5092,groceries,chennai,0,0,none,normal
M0003,104,212,311315.65,1468.47,0.057322295559496285,0.00866673599054393,1.3324,1.397,groceries,chennai,0,0,none,normal
M0003,105,202,307337.42,1521.47,0.05099786866426179,0.00826273496306792,1.3631,1.2677,groceries,chennai,0,0,none,normal
M0003,106,209,310604.91,1486.15,0.053483099454425025,0.008099653203474933,1.4452,1.3057,groceries,chennai,0,0,none,normal
M0003,107,171,248460.32,1452.98,0.055234506437667585,0.008172887573242969,1.375,1.4106,groceries,chennai,0,0,none,normal
M0003,108,186,268248.15,1442.19,0.06373339424339795,0.009312780468776408,1.2184,1.4684,groceries,chennai,0,0,none,normal
M0003,109,159,238628.63,1500.81,0.049474419697363325,0.007922977762421507,1.4936,1.4916,groceries,chennai,0,0,none,normal
M0003,110,183,267457.23,1461.51,0.049923580311700834,0.008149033914506753,1.2825,1.3387,groceries,chennai,0,0,none,normal
M0003,111,187,298809.58,1597.91,0.07010301437076305,0.008512849936544786,1.2554,1.3794,groceries,chennai,0,0,none,normal
M0003,112,198,292965.1,1479.62,0.04494430435814562,0.007728307912715989,1.2022,1.4032,groceries,chennai,0,0,none,normal
M0003,113,194,261588.9,1348.4,0.07554848162367302,0.00843541242628248,1.2222,1.3726,groceries,chennai,0,0,none,normal
M0003,114,180,309570.28,1719.83,0.05356981728659191,0.009247816821004048,1.2699,1.5323,groceries,chennai,0,0,none,normal
M0003,115,172,259005.78,1505.85,0.05025325529529448,0.009712648002816675,1.282,1.5558,groceries,chennai,0,0,none,normal
M0003,116,192,305176.3,1589.46,0.05646852092326885,0.011466460998384017,1.3409,1.3723,groceries,chennai,0,0,none,normal
M0003,117,193,300553.1,1557.27,0.051710621361541795,0.008060696299472354,1.4406,1.2746,groceries,chennai,0,0,none,normal
M0003,118,204,300451.41,1472.8,0.0526688816662631,0.00867991155670434,1.4336,1.5278,groceries,chennai,0,0,none,normal
M0003,119,196,292782.14,1493.79,0.06627472159111902,0.007655198918357348,1.3524,1.3969,groceries,chennai,0,0,none,normal
M0003,120,183,269495.26,1472.65,0.05283472684424254,0.00874861195030709,1.471,1.4178,groceries,chennai,0,0,none,normal
M0003,121,175,251646.97,1437.98,0.06486359322007956,0.008811910658656918,1.489,1.4076,groceries,chennai,0,0,none,normal
M0003,122,180,276545.17,1536.36,0.04648801650606314,0.008297947758147201,1.3194,1.3064,groceries,chennai,0,0,none,normal
M0003,123,200,318133.47,1590.67,0.06332730426642928,0.00802121938637343,1.3056,1.1409,groceries,chennai,0,0,none,normal
M0003,124,181,268068.15,1481.04,0.05039879586642984,0.00897360972607907,1.3485,1.5092,groceries,chennai,0,0,none,normal
M0003,125,206,302662.75,1469.24,0.062072023054444134,0.009326243030376028,1.2944,1.5176,groceries,chennai,0,0,none,normal
M0003,126,210,314230.4,1496.34,0.06298383348008396,0.007654271867782474,1.3444,1.4394,groceries,chennai,0,0,none,normal
M0003,127,168,239850.88,1427.68,0.05286344118707457,0.007354438583059763,1.1297,1.5283,groceries,chennai,0,0,none,normal
M0003,128,204,284763.95,1395.9,0.06355807132196051,0.00849139572997055,1.2941,1.3805,groceries,chennai,0,0,none,normal
M0003,129,162,216125.28,1334.11,0.05472953696156422,0.008525699193617153,1.2712,1.3714,groceries,chennai,0,0,none,normal
M0003,130,200,294572.11,1472.86,0.05757692611488412,0.009809523659836897,1.2187,1.3515,groceries,chennai,0,0,none,normal
M0003,131,174,253623.01,1457.6,0.054165840222500115,0.008570811802413907,1.2035,1.3128,groceries,chennai,0,0,none,normal
M0003,132,188,276119.89,1468.72,0.05817324733653302,0.010353721056965722,1.3098,1.3667,groceries,chennai,0,0,none,normal
M0003,133,179,283679.47,1584.8,0.05293248610771298,0.0074041421863693755,1.4116,1.2253,groceries,chennai,0,0,none,normal
M0003,134,197,285875.96,1451.15,0.06928662826309712,0.009720622135764299,1.4608,1.5477,groceries,chennai,0,0,none,normal
M0003,135,181,297313.91,1642.62,0.06052125138381469,0.008738346732055343,1.2553,1.4669,groceries,chennai,0,0,none,normal
M0003,136,168,215245.44,1281.22,0.05830642029086196,0.009432173519156681,1.285,1.3579,groceries,chennai,0,0,none,normal
M0003,137,191,278552.05,1458.39,0.04668843643107112,0.0077943392554358434,1.2553,1.449,groceries,chennai,0,0,none,normal
M0003,138,169,256507.84,1517.8,0.05272410059519602,0.008480792499283006,1.3871,1.5474,groceries,chennai,0,0,none,normal
M0003,139,177,270200.55,1526.56,0.05129732811942748,0.009625494260752465,1.2934,1.4581,groceries,chennai,0,0,none,normal
M0003,140,177,252819.86,1428.36,0.057396180254456884,0.006672537293414627,1.3041,1.4642,groceries,chennai,0,0,none,normal
M0003,141,180,282087.5,1567.15,0.06138881043609857,0.007222070859046276,1.3869,1.3336,groceries,chennai,0,0,none,normal
M0003,142,161,245669.72,1525.9,0.05213142468580453,0.009437075912263324,1.3406,1.3737,groceries,chennai,0,0,none,normal
M0003,143,206,336296.82,1632.51,0.05707686187905742,0.008510165543084666,1.3141,1.1269,groceries,chennai,0,0,none,normal
M0003,144,162,234222.28,1445.82,0.05144241879958716,0.007400880917157348,1.4107,1.4226,groceries,chennai,0,0,none,normal
M0003,145,197,277971.09,1411.02,0.05139495000183305,0.008114332748966722,1.383,1.4411,groceries,chennai,0,0,none,normal
M0003,146,183,271594.78,1484.12,0.06442932288551197,0.008341801199791282,1.2482,1.4562,groceries,chennai,0,0,none,normal
M0003,147,167,247795.49,1483.81,0.05834693765460492,0.00767163169383764,1.3215,1.375,groceries,chennai,0,0,none,normal
M0003,148,203,295337.46,1454.86,0.05512926658627955,0.007918644945764617,1.3339,1.3108,groceries,chennai,0,0,none,normal
M0003,149,200,282411.87,1412.06,0.052928430008753975,0.0091670736617375,1.3615,1.3582,groceries,chennai,0,0,none,normal
M0003,150,169,275367.06,1629.39,0.04558620326243342,0.01030354545284463,1.3056,1.4583,groceries,chennai,0,0,none,normal
M0003,151,214,296393.74,1385.02,0.05199086428906358,0.00888720924219861,1.4467,1.4981,groceries,chennai,0,0,none,normal
M0003,152,191,277048.85,1450.52,0.05230855523359243,0.007958097778606543,1.3663,1.4973,groceries,chennai,0,0,none,normal
M0003,153,221,289427.62,1309.63,0.06048286162660246,0.010074873757460284,1.2763,1.3902,groceries,chennai,0,0,none,normal
M0003,154,215,309668.56,1440.32,0.06224681484853367,0.007489540888176403,1.2457,1.4217,groceries,chennai,0,0,none,normal
M0003,155,204,319885.58,1568.07,0.05340945747295667,0.0101079301025151,1.3624,1.5098,groceries,chennai,0,0,none,normal
M0003,156,166,264982.77,1596.28,0.048619038992658736,0.009457204085120217,1.1777,1.4652,groceries,chennai,0,0,none,normal
M0003,157,193,278472.0,1442.86,0.060626815487143715,0.009091075468409156,1.2728,1.3594,groceries,chennai,0,0,none,normal
M0003,158,194,288501.64,1487.12,0.06037478558840771,0.009300659265718065,1.1881,1.3748,groceries,chennai,0,0,none,normal
M0003,159,201,318353.48,1583.85,0.05801694919885261,0.009184173825601457,1.3377,1.3597,groceries,chennai,0,0,none,normal
M0003,160,201,294283.72,1464.1,0.053017704490196965,0.007297726028656277,1.413,1.5528,groceries,chennai,0,0,none,normal
M0003,161,170,253603.45,1491.79,0.05842021024612166,0.008869625726077458,1.1726,1.3876,groceries,chennai,0,0,none,normal
M0003,162,189,329786.14,1744.9,0.05635940446711259,0.006909928383624935,1.3279,1.41,groceries,chennai,0,0,none,normal
M0003,163,216,285533.21,1321.91,0.044203910167608114,0.009363391680166307,1.3179,1.4118,groceries,chennai,0,0,none,normal
M0003,164,199,278802.69,1401.02,0.06022969771046774,0.006499457211268819,1.2836,1.2704,groceries,chennai,0,0,none,normal
M0003,165,171,269302.45,1574.87,0.06202187546633212,0.006741634211465749,1.2808,1.6568,groceries,chennai,0,0,none,normal
M0003,166,191,293966.44,1539.09,0.04950311305157234,0.009916787394081987,1.2921,1.4308,groceries,chennai,0,0,none,normal
M0003,167,183,298490.24,1631.09,0.056178071377645196,0.007318736483728604,1.3229,1.2907,groceries,chennai,0,0,none,normal
M0003,168,164,229898.55,1401.82,0.05913843799675351,0.008815213781725968,1.3308,1.4936,groceries,chennai,0,0,none,normal
M0003,169,190,292881.23,1541.48,0.05031368768988935,0.008471215643090179,1.2297,1.4714,groceries,chennai,0,0,none,normal
M0003,170,199,299775.73,1506.41,0.047933525785686826,0.008017707090199472,1.2929,1.4794,groceries,chennai,0,0,none,normal
M0003,171,192,283289.96,1475.47,0.05961373105263826,0.008212123754392972,1.2238,1.2065,groceries,chennai,0,0,none,normal
M0003,172,196,291878.86,1489.18,0.06203249722824158,0.008252388140928973,1.2899,1.2409,groceries,chennai,0,0,none,normal
M0003,173,213,295828.22,1388.86,0.05613229769319204,0.007484527444890587,1.2484,1.3326,groceries,chennai,0,0,none,normal
M0003,174,168,268856.68,1600.34,0.06865506921315837,0.010332088501205042,1.3379,1.3511,groceries,chennai,0,0,none,normal
M0003,175,177,262345.68,1482.18,0.05609160808610947,0.008024879554178986,1.2063,1.3692,groceries,chennai,0,0,none,normal
M0003,176,174,265194.49,1524.11,0.05226622658619288,0.0067719601813265124,1.1783,1.3949,groceries,chennai,0,0,none,normal
M0003,177,205,322423.43,1572.8,0.04277269116789243,0.007691412978739,1.3647,1.4344,groceries,chennai,0,0,none,normal
M0003,178,161,248384.38,1542.76,0.05059462051004474,0.00953020217892739,1.2678,1.4475,groceries,chennai,0,0,none,normal
M0003,179,187,283824.84,1517.78,0.06273382965126091,0.00938956885109822,1.2345,1.2933,groceries,chennai,0,0,none,normal
M0003,180,182,280687.67,1542.24,0.06079972064269718,0.006581644472613476,1.3996,1.2783,groceries,chennai,0,0,none,normal
M0003,181,179,292172.08,1632.25,0.05075444678744882,0.007515102863970014,1.3619,1.4557,groceries,chennai,0,0,none,normal
M0003,182,181,273224.78,1509.53,0.06004624201079505,0.008946326919025019,1.1762,1.5625,groceries,chennai,0,0,none,normal
M0003,183,204,290331.22,1423.19,0.053697762963568436,0.006536264310457471,1.264,1.3829,groceries,chennai,0,0,none,normal
M0003,184,187,264900.25,1416.58,0.05645098643567365,0.008322392294233035,1.2921,1.2635,groceries,chennai,0,0,none,normal
M0003,185,200,322804.01,1614.02,0.04829948693602558,0.010490590996659638,1.4046,1.2257,groceries,chennai,0,0,none,normal
M0003,186,178,245534.55,1379.41,0.054760599179312384,0.010132128475245371,1.3152,1.4191,groceries,chennai,0,0,none,normal
M0003,187,206,294000.6,1427.19,0.06072060801865813,0.009074192686084058,1.2626,1.5104,groceries,chennai,0,0,none,normal
M0003,188,159,219780.74,1382.27,0.04593968217980886,0.009713077847348801,1.1223,1.4098,groceries,chennai,0,0,none,normal
M0003,189,179,255348.5,1426.53,0.04847970896138609,0.010112930056358918,1.3773,1.5806,groceries,chennai,0,0,none,normal
M0003,190,203,298212.24,1469.03,0.05733530621415565,0.009338415951259421,1.3794,1.3933,groceries,chennai,0,0,none,normal
M0003,191,169,276875.87,1638.32,0.04263337176962671,0.007817167467424668,1.2033,1.3372,groceries,chennai,0,0,none,normal
M0003,192,199,323307.9,1624.66,0.05742263481545364,0.008453358942226227,1.3342,1.2601,groceries,chennai,0,0,none,normal
M0003,193,202,292435.98,1447.7,0.06118723111678879,0.008770870160542548,1.3849,1.173,groceries,chennai,0,0,none,normal
M0003,194,194,292075.6,1505.54,0.05253533012667803,0.008607710948957981,1.305,1.3093,groceries,chennai,0,0,none,normal
M0003,195,208,281679.3,1354.23,0.05596010125883753,0.009033564424305415,1.3791,1.3852,groceries,chennai,0,0,none,normal
M0003,196,199,313202.49,1573.88,0.05024581372554943,0.00829664939499475,1.2751,1.189,groceries,chennai,0,0,none,normal
M0003,197,202,287727.52,1424.39,0.05559320452113417,0.00969964431402017,1.2851,1.2653,groceries,chennai,0,0,none,normal
M0003,198,199,293617.66,1475.47,0.05503474669260436,0.008970449593286777,1.1585,1.4277,groceries,chennai,0,0,none,normal
M0003,199,191,297392.95,1557.03,0.0645600458304461,0.009529918689806922,1.2877,1.4879,groceries,chennai,0,0,none,normal
M0003,200,194,288083.04,1484.96,0.057249603288560456,0.009154058511555471,1.3026,1.4087,groceries,chennai,0,0,none,normal
M0003,201,191,296816.5,1554.01,0.0469680742730185,0.010159157503704833,1.1793,1.4656,groceries,chennai,0,0,none,normal
M0003,202,181,295180.17,1630.83,0.04728048241109308,0.007498131889832012,1.3883,1.4421,groceries,chennai,0,0,none,normal
M0003,203,182,254839.92,1400.22,0.04977218890792928,0.00881272175414141,1.3671,1.5985,groceries,chennai,0,0,none,normal
M0003,204,199,311005.54,1562.84,0.03864076684253548,0.0076553016535900395,1.3072,1.4247,groceries,chennai,0,0,none,normal
M0003,205,184,260334.27,1414.86,0.0580298257537173,0.010027546452890723,1.2613,1.3696,groceries,chennai,0,0,none,normal
M0003,206,195,312982.04,1605.04,0.05948222045767565,0.005270323568019271,1.2883,1.2035,groceries,chennai,0,0,none,normal
M0003,207,195,309600.28,1587.69,0.060072899150613486,0.007815230044982474,1.3265,1.4753,groceries,chennai,0,0,none,normal
M0003,208,197,305284.47,1549.67,0.0744663981161795,0.007803945430287019,1.3422,1.4352,groceries,chennai,0,0,none,normal
M0003,209,185,254993.43,1378.34,0.05669362101665413,0.007923540328746799,1.296,1.3893,groceries,chennai,0,0,none,normal
M0003,210,206,291358.13,1414.36,0.05650016157128623,0.0054615147809767405,1.1654,1.4592,groceries,chennai,0,0,none,normal
M0003,211,187,276374.18,1477.94,0.04418074018979158,0.00869627286227444,1.3621,1.3756,groceries,chennai,0,0,none,normal
M0003,212,183,250282.85,1367.67,0.05332900948126766,0.008399693956923004,1.1387,1.4374,groceries,chennai,0,0,none,normal
M0003,213,176,271585.16,1543.1,0.05361639253555898,0.007259834312802263,1.264,1.4745,groceries,chennai,0,0,none,normal
M0003,214,215,332757.4,1547.71,0.05801274284920573,0.007961348596636338,1.3042,1.4829,groceries,chennai,0,0,none,normal
M0003,215,181,292247.63,1614.63,0.05129294887483982,0.007948433019135753,1.2166,1.3109,groceries,chennai,0,0,none,normal
M0003,216,165,249836.91,1514.16,0.05370206042747558,0.008335678933991864,1.2852,1.4376,groceries,chennai,0,0,none,normal
M0003,217,217,337255.01,1554.17,0.06089954001127511,0.009550365974642856,1.3362,1.3508,groceries,chennai,0,0,none,normal
M0003,218,178,275787.63,1549.37,0.04134415014182397,0.010066753700003676,1.226,1.32,groceries,chennai,0,0,none,normal
M0003,219,186,274760.82,1477.21,0.06409702338469446,0.007874654185913446,1.1519,1.3089,groceries,chennai,0,0,none,normal
M0003,220,196,294515.51,1502.63,0.0546024164432786,0.008243406309494836,1.4246,1.4929,groceries,chennai,0,0,none,normal
M0003,221,190,298132.98,1569.12,0.06326175921106691,0.009299952707723451,1.3847,1.4433,groceries,chennai,0,0,none,normal
M0003,222,172,265215.8,1541.95,0.06704151581561178,0.009458260871877766,1.3808,1.3755,groceries,chennai,0,0,none,normal
M0003,223,176,265973.17,1511.21,0.048556676371005573,0.006077183391280178,1.3897,1.3489,groceries,chennai,0,0,none,normal
M0003,224,178,271091.02,1522.98,0.042100187917547154,0.009331858967574273,1.2651,1.2348,groceries,chennai,0,0,none,normal
M0003,225,178,257156.54,1444.7,0.05485246419668431,0.007060306087176858,1.4199,1.5284,groceries,chennai,0,0,none,normal
M0003,226,212,292273.44,1378.65,0.05070242732916074,0.00792852093412649,1.1822,1.4185,groceries,chennai,0,0,none,normal
M0003,227,190,277681.28,1461.48,0.05499141344763734,0.006181861442420338,1.3228,1.5099,groceries,chennai,0,0,none,normal
M0003,228,193,311099.99,1611.92,0.06255621099054823,0.008683073776671288,1.4103,1.3394,groceries,chennai,0,0,none,normal
M0003,229,196,269044.17,1372.67,0.05480323124160933,0.006980800607711047,1.3745,1.6278,groceries,chennai,0,0,none,normal
M0003,230,199,340789.25,1712.51,0.052770675280260124,0.008932904215679452,1.3624,1.4177,groceries,chennai,0,0,none,normal
M0003,231,177,242239.2,1368.58,0.054888886189729966,0.00685085392518874,1.5094,1.4068,groceries,chennai,0,0,none,normal
M0003,232,207,285819.25,1380.77,0.0388144234180117,0.006794871511508633,1.4645,1.3824,groceries,chennai,0,0,none,normal
M0003,233,160,235321.52,1470.76,0.04590863687483225,0.007417122520334483,1.2526,1.2533,groceries,chennai,0,0,none,normal
M0003,234,158,243198.0,1539.23,0.046864955842317,0.007526002796588309,1.2846,1.349,groceries,chennai,0,0,none,normal
M0003,235,174,260411.41,1496.62,0.05125155287270305,0.010794692717679326,1.1052,1.4418,groceries,chennai,0,0,none,normal
M0003,236,195,287574.14,1474.74,0.057655690793948985,0.010693654499905779,1.2484,1.252,groceries,chennai,0,0,none,normal
M0003,237,185,266982.38,1443.15,0.05938535575650319,0.007292440338619002,1.4753,1.5948,groceries,chennai,0,0,none,normal
M0003,238,169,257779.72,1525.32,0.056021791348095325,0.009121918838479659,1.2472,1.4805,groceries,chennai,0,0,none,normal
M0003,239,196,305177.1,1557.03,0.07000190167831823,0.007946074563550936,1.3583,1.457,groceries,chennai,0,0,none,normal
M0004,0,113,191584.44,1695.44,0.01575487939267691,0.006601219874772962,1.2975,1.4683,groceries,bengaluru,0,0,none,normal
M0004,1,119,240151.91,2018.08,0.01632001412677238,0.009925444245812504,1.2197,1.5787,groceries,bengaluru,0,0,none,normal
M0004,2,121,238474.43,1970.86,0.017038797605843467,0.008781201618671372,1.1535,1.3433,groceries,bengaluru,0,0,none,normal
M0004,3,132,253189.39,1918.1,0.01646899785815088,0.009945991117777955,1.0997,1.5797,groceries,bengaluru,0,0,none,normal
M0004,4,123,238742.03,1940.99,0.014485359089976661,0.008421812282582871,1.2125,1.2603,groceries,bengaluru,0,0,none,normal
M0004,5,142,295034.89,2077.71,0.014906441269126002,0.008311281027965916,1.3377,1.3681,groceries,bengaluru,0,0,none,normal
M0004,6,141,283796.36,2012.74,0.012502895894448782,0.01019427564035392,1.281,1.1645,groceries,bengaluru,0,0,none,normal
M0004,7,111,204072.37,1838.49,0.015201220359611323,0.009790351119773461,1.2688,1.3443,groceries,bengaluru,0,0,none,normal
M0004,8,112,230282.67,2056.1,0.014155093126583923,0.010916973127268914,1.2198,1.073,groceries,bengaluru,0,0,none,normal
M0004,9,115,237213.6,2062.73,0.015883791171332293,0.008850277592132479,1.3508,1.4236,groceries,bengaluru,0,0,none,normal
M0004,10,119,255018.07,2143.01,0.01359281499886657,0.008876336637765108,1.3935,1.318,groceries,bengaluru,0,0,none,normal
M0004,11,137,309413.58,2258.49,0.012353185027576994,0.0061827915062585195,1.1879,1.4861,groceries,bengaluru,0,0,none,normal
M0004,12,114,232718.53,2041.39,0.013261762916250574,0.008499756432429216,1.1818,1.6336,groceries,bengaluru,0,0,none,normal
M0004,13,130,247488.28,1903.76,0.015382822245901212,0.007930677711787055,1.2816,1.4049,groceries,bengaluru,0,0,none,normal
M0004,14,114,213362.28,1871.6,0.01768575509485146,0.008391809175782597,1.4329,1.2792,groceries,bengaluru,0,0,none,normal
M0004,15,127,265252.06,2088.6,0.010928672971784103,0.0066452644111281624,1.374,1.3781,groceries,bengaluru,0,0,none,normal
M0004,16,117,232120.45,1983.94,0.012953369898255943,0.008051717361798535,1.2925,1.4041,groceries,bengaluru,0,0,none,normal
M0004,17,115,221326.72,1924.58,0.014641427169892657,0.008874983137010812,1.2864,1.4042,groceries,bengaluru,0,0,none,normal
M0004,18,124,251534.89,2028.51,0.015781207812754473,0.008450894327171677,1.252,1.4656,groceries,bengaluru,0,0,none,normal
M0004,19,114,228836.56,2007.34,0.014166278377529972,0.008631835710639836,1.4384,1.1635,groceries,bengaluru,0,0,none,normal
M0004,20,106,225725.41,2129.49,0.015997747907505785,0.005934498455884032,1.2017,1.3924,groceries,bengaluru,0,0,none,normal
M0004,21,119,258329.89,2170.84,0.0161462873127266,0.010703652407252061,1.2349,1.2754,groceries,bengaluru,0,0,none,normal
M0004,22,130,260426.7,2003.28,0.016059078672600337,0.008131162518236505,1.3222,1.3521,groceries,bengaluru,0,0,none,normal
M0004,23,112,243841.93,2177.16,0.012098820775248983,0.008489299340817715,1.3406,1.4337,groceries,bengaluru,0,0,none,normal
M0004,24,107,209450.85,1957.48,0.014987356888908484,0.006429309270208776,1.427,1.4509,groceries,bengaluru,0,0,none,normal
M0004,25,112,249457.12,2227.3,0.013733753034219984,0.009989560197530292,1.4151,1.3122,groceries,bengaluru,0,0,none,normal
M0004,26,107,203850.53,1905.15,0.015748783844133852,0.008621394419289448,1.3231,1.4838,groceries,bengaluru,0,0,none,normal
M0004,27,121,221035.97,1826.74,0.014526345736895796,0.00989046685729716,1.2577,1.5037,groceries,bengaluru,0,0,none,normal
M0004,28,120,220445.04,1837.04,0.013848475077378585,0.008031655088411789,1.2909,1.2691,groceries,bengaluru,0,0,none,normal
M0004,29,111,205419.79,1850.63,0.01250665406794599,0.009334822935800974,1.2149,1.2805,groceries,bengaluru,0,0,none,normal
M0004,30,115,230286.7,2002.49,0.014742960067199133,0.006926881347181727,1.2704,1.3806,groceries,bengaluru,0,0,none,normal
M0004,31,108,218200.86,2020.38,0.013000430401670798,0.008504191333605323,1.1525,1.3639,groceries,bengaluru,0,0,none,normal
M0004,32,121,241764.58,1998.05,0.014550687411814742,0.00809217243963855,1.3896,1.638,groceries,bengaluru,0,0,none,normal
M0004,33,113,220419.04,1950.61,0.011812765306318931,0.007732869803683642,1.416,1.142,groceries,bengaluru,0,0,none,normal
M0004,34,99,209186.84,2113.0,0.015192834222176196,0.005767350531524242,1.4902,1.1162,groceries,bengaluru,0,0,none,normal
M0004,35,117,252174.03,2155.33,0.013313613260006478,0.009361319230389423,1.2088,1.3876,groceries,bengaluru,0,0,none,normal
M0004,36,127,254495.1,2003.9,0.012485934889445634,0.006802601580068275,1.2956,1.2848,groceries,bengaluru,0,0,none,normal
M0004,37,125,251372.89,2010.98,0.015456438653817545,0.008991102067694948,1.242,1.1295,groceries,bengaluru,0,0,none,normal
M0004,38,101,199289.98,1973.17,0.014149490121513078,0.00873137973339506,1.3227,1.3854,groceries,bengaluru,0,0,none,normal
M0004,39,117,254601.2,2176.08,0.013895564626263622,0.006604138240347578,1.2899,1.4245,groceries,bengaluru,0,0,none,normal
M0004,40,99,178870.06,1806.77,0.018127418014759873,0.009780904985539086,1.3661,1.2669,groceries,bengaluru,0,0,none,normal
M0004,41,123,236944.59,1926.38,0.014239073911164102,0.009682792819162869,1.3011,1.189,groceries,bengaluru,0,0,none,normal
M0004,42,131,266423.08,2033.76,0.012737681873843144,0.008785556567857535,1.4114,1.4704,groceries,bengaluru,0,0,none,normal
M0004,43,109,196840.41,1805.88,0.014936469477952357,0.00873942159839984,1.2237,1.5749,groceries,bengaluru,0,0,none,normal
M0004,44,112,232830.07,2078.84,0.01746950499013758,0.00892002618560974,1.2688,1.1901,groceries,bengaluru,0,0,none,normal
M0004,45,130,256144.42,1970.34,0.013823230363930933,0.008124031869261798,1.2167,1.5999,groceries,bengaluru,0,0,none,normal
M0004,46,129,297481.63,2306.06,0.015113126568321736,0.008409512611095238,1.3843,1.29,groceries,bengaluru,0,0,none,normal
M0004,47,131,273559.34,2088.24,0.013102769667720528,0.008518192351766105,1.2536,1.364,groceries,bengaluru,0,0,none,normal
M0004,48,118,229627.04,1945.99,0.01570844642983419,0.006652849348730094,1.2749,1.4003,groceries,bengaluru,0,0,none,normal
M0004,49,132,249853.15,1892.83,0.013771444542213513,0.009436999215755781,1.2135,1.2645,groceries,bengaluru,0,0,none,normal
M0004,50,113,225542.97,1995.96,0.016061388453275482,0.00685632192208468,1.2005,1.4193,groceries,bengaluru,0,0,none,normal
M0004,51,118,230907.77,1956.85,0.011444985680058606,0.0076059383160505395,1.2947,1.4649,groceries,bengaluru,0,0,none,normal
M0004,52,115,235696.05,2049.53,0.011910793274051599,0.007335448360662822,1.3629,1.3716,groceries,bengaluru,0,0,none,normal
M0004,53,116,233682.18,2014.5,0.017879126862701576,0.007644463981247076,1.5089,1.5227,groceries,bengaluru,0,0,none,normal
M0004,54,140,263069.88,1879.07,0.012188396577022455,0.006790279809857851,1.1452,1.3783,groceries,bengaluru,0,0,none,normal
M0004,55,119,232103.8,1950.45,0.014665021828300028,0.008252988513885041,1.2207,1.4269,groceries,bengaluru,0,0,none,normal
M0004,56,114,253764.37,2226.0,0.015427785754015908,0.006248582200063319,1.3635,1.4533,groceries,bengaluru,0,0,none,normal
M0004,57,117,233292.18,1993.95,0.015136425471358537,0.008877723273328279,1.3464,1.4421,groceries,bengaluru,0,0,none,normal
M0004,58,114,243696.28,2137.69,0.012693381550581884,0.008484343807578554,1.1848,1.5922,groceries,bengaluru,0,0,none,normal
M0004,59,136,255344.81,1877.54,0.01672073405171991,0.007570932418634587,1.3718,1.3111,groceries,bengaluru,0,0,none,normal
M0004,60,118,244429.66,2071.44,0.016743428739488204,0.008660298694166004,1.4185,1.2991,groceries,bengaluru,0,0,none,normal
M0004,61,132,294297.78,2229.53,0.013867966599084932,0.010633839107374815,1.257,1.4106,groceries,bengaluru,0,0,none,normal
M0004,62,126,262717.43,2085.06,0.011007144761764667,0.007325258467551622,1.4383,1.4204,groceries,bengaluru,0,0,none,normal
M0004,63,124,229017.07,1846.91,0.015498252355040452,0.0055120965199400625,1.2368,1.1194,groceries,bengaluru,0,0,none,normal
M0004,64,111,196454.79,1769.86,0.014813076876865509,0.009619310550200376,1.3324,1.5678,groceries,bengaluru,0,0,none,normal
M0004,65,112,215526.3,1924.34,0.013591674070346138,0.007374803593764287,1.166,1.3301,groceries,bengaluru,0,0,none,normal
M0004,66,131,265244.28,2024.77,0.014842869858144963,0.009074259208043266,1.3524,1.1857,groceries,bengaluru,0,0,none,normal
M0004,67,116,235900.66,2033.63,0.013654908449868402,0.007830071620790373,1.3504,1.7264,groceries,bengaluru,0,0,none,normal
M0004,68,127,251054.81,1976.81,0.01511288183332141,0.0063272012257259555,1.4128,1.3976,groceries,bengaluru,0,0,none,normal
M0004,69,118,237788.55,2015.16,0.015681195000777474,0.010373686770066372,1.2661,1.2814,groceries,bengaluru,0,0,none,normal
M0004,70,137,267577.25,1953.12,0.014791819662605914,0.007558782033377267,1.3182,1.3534,groceries,bengaluru,0,0,none,normal
M0004,71,116,235642.43,2031.4,0.015160588067374622,0.008961418962439184,1.4302,1.496,groceries,bengaluru,0,0,none,normal
M0004,72,97,198236.19,2043.67,0.016899432373116707,0.008207585061802438,1.3457,1.4399,groceries,bengaluru,0,0,none,normal
M0004,73,114,225179.59,1975.26,0.014022946565602306,0.007718352365088156,1.2301,1.2456,groceries,bengaluru,0,0,none,normal
M0004,74,94,175399.15,1865.95,0.013330502896157085,0.00585316812280708,1.3423,1.4883,groceries,bengaluru,0,0,none,normal
M0004,75,124,240262.91,1937.6,0.013227512872927187,0.009858064018479835,1.3485,1.2556,groceries,bengaluru,0,0,none,normal
M0004,76,90,186104.42,2067.83,0.011891597191256287,0.009305380765358324,1.2505,1.5544,groceries,bengaluru,0,0,none,normal
M0004,77,124,250529.4,2020.4,0.014648312965167323,0.006641133538041763,1.5111,1.3212,groceries,bengaluru,0,0,none,normal
M0004,78,98,204332.44,2085.02,0.013726405336519209,0.008721226886097803,1.2954,1.341,groceries,bengaluru,0,0,none,normal
M0004,79,129,273676.46,2121.52,0.015695052593336978,0.006880019655943245,1.3052,1.5555,groceries,bengaluru,0,0,none,normal
M0004,80,102,206765.98,2027.12,0.012659608833094044,0.008617543803664607,1.2298,1.4765,groceries,bengaluru,0,0,none,normal
M0004,81,132,266450.51,2018.56,0.01492621959619855,0.006389376121643162,1.2318,1.4612,groceries,bengaluru,0,0,none,normal
M0004,82,108,218590.15,2023.98,0.012898364684614062,0.00818156413462996,1.3784,1.2451,groceries,bengaluru,0,0,none,normal
M0004,83,129,266975.41,2069.58,0.015545878867673698,0.00601672884061768,1.4221,1.1769,groceries,bengaluru,0,0,none,normal
M0004,84,115,219400.36,1907.83,0.014835241542773887,0.010027239128897062,1.2685,1.4696,groceries,bengaluru,0,0,none,normal
M0004,85,114,235979.47,2070.0,0.012896723551535504,0.007823185732322898,1.5141,1.4249,groceries,bengaluru,0,0,none,normal
M0004,86,126,252067.02,2000.53,0.014797637800969463,0.0074806262540012694,1.3397,1.2667,groceries,bengaluru,0,0,none,normal
M0004,87,125,280686.3,2245.49,0.015411721040003084,0.010772188139438487,1.5096,1.2165,groceries,bengaluru,0,0,none,normal
M0004,88,111,234835.46,2115.63,0.012658705488553863,0.009538353627038493,1.2388,1.4631,groceries,bengaluru,0,0,none,normal
M0004,89,114,239046.15,2096.9,0.014335747250231809,0.007791577582536392,1.2368,1.3369,groceries,bengaluru,0,0,none,normal
M0004,90,116,223246.89,1924.54,0.016239819221992035,0.0075186672044764815,1.4043,1.4923,groceries,bengaluru,0,0,none,normal
M0004,91,120,244667.25,2038.89,0.014069501405520235,0.010015994960531507,1.4201,1.4188,groceries,bengaluru,0,0,none,normal
M0004,92,127,238135.9,1875.09,0.010990495389403835,0.006366937320848518,1.3792,1.4814,groceries,bengaluru,0,0,none,normal
M0004,93,114,227140.23,1992.46,0.015382075211466239,0.009703339256592936,1.3677,1.3255,groceries,bengaluru,0,0,none,normal
M0004,94,126,245129.9,1945.48,0.015687621237263045,0.009483228562018553,1.188,1.1353,groceries,bengaluru,0,0,none,normal
M0004,95,125,234187.19,1873.5,0.012614007993753647,0.009772360397261171,1.292,1.1588,groceries,bengaluru,0,0,none,normal
M0004,96,92,171506.6,1864.2,0.014778496899607054,0.00896145100590855,1.2559,1.2406,groceries,bengaluru,0,0,none,normal
M0004,97,110,213504.18,1940.95,0.012262625928465887,0.010461792069347532,1.4158,1.4974,groceries,bengaluru,0,0,none,normal
M0004,98,118,263511.61,2233.15,0.015357472499801943,0.010516347138603013,1.4475,1.4296,groceries,bengaluru,0,0,none,normal
M0004,99,128,269756.81,2107.48,0.014530130856454864,0.00711843025565294,1.321,1.5055,groceries,bengaluru,0,0,none,normal
M0004,100,138,286873.22,2078.79,0.017445405418493546,0.008746096431448145,1.393,1.341,groceries,bengaluru,0,0,none,normal
M0004,101,120,258983.21,2158.19,0.014856130763317541,0.007039439007283281,1.5268,1.5964,groceries,bengaluru,0,0,none,normal
M0004,102,123,250972.41,2040.43,0.016304102144805415,0.007923591551107992,1.4804,1.4405,groceries,bengaluru,0,0,none,normal
M0004,103,123,234339.46,1905.2,0.015427889803501038,0.004862951288715079,1.3832,1.4113,groceries,bengaluru,0,0,none,normal
M0004,104,121,215620.63,1781.99,0.01557085822755812,0.00647981838143022,1.2668,1.4601,groceries,bengaluru,0,0,none,normal
M0004,105,130,245629.24,1889.46,0.01685959078727212,0.007964146050111379,1.2583,1.262,groceries,bengaluru,0,0,none,normal
M0004,106,112,232720.11,2077.86,0.015521359031593396,0.007500067848984784,1.3962,1.3656,groceries,bengaluru,0,0,none,normal
M0004,107,116,235986.73,2034.37,0.011751319027205989,0.00614104139372982,1.2397,1.5678,groceries,bengaluru,0,0,none,normal
M0004,108,110,216890.33,1971.73,0.014567657806652142,0.007526186024373699,1.4251,1.5428,groceries,bengaluru,0,0,none,normal
M0004,109,128,220459.53,1722.34,0.016160900100570096,0.010503379104242021,1.3586,1.2893,groceries,bengaluru,0,0,none,normal
M0004,110,112,216408.92,1932.22,0.013004577196512185,0.006157946638552813,1.2188,1.2458,groceries,bengaluru,0,0,none,normal
M0004,111,125,238182.06,1905.46,0.014778787158881665,0.007940123046491642,1.2193,1.215,groceries,bengaluru,0,0,none,normal
M0004,112,122,237516.49,1946.86,0.014788278888413112,0.00755922809096924,1.3696,1.5051,groceries,bengaluru,0,0,none,normal
M0004,113,135,238617.89,1767.54,0.01809948796298436,0.008258628053306929,1.29,1.5105,groceries,bengaluru,0,0,none,normal
M0004,114,143,272519.35,1905.73,0.015063804744913046,0.007758066177370453,1.2627,1.6782,groceries,bengaluru,0,0,none,normal
M0004,115,128,272934.21,2132.3,0.014494430442418943,0.008151831173687918,1.2778,1.336,groceries,bengaluru,0,0,none,normal
M0004,116,131,271967.73,2076.09,0.013655246912845214,0.00901752520825247,1.4946,1.3364,groceries,bengaluru,0,0,none,normal
M0004,117,137,280676.98,2048.74,0.012270129882659967,0.007734088564147795,1.2984,1.4064,groceries,bengaluru,0,0,none,normal
M0004,118,117,240445.95,2055.09,0.01693964368824767,0.008878557681406775,1.0485,1.4273,groceries,bengaluru,0,0,none,normal
M0004,119,112,246892.91,2204.4,0.012749694556138735,0.005788744669987115,1.5089,1.5062,groceries,bengaluru,0,0,none,normal
M0004,120,125,263724.42,2109.8,0.01394404558083894,0.008926917681343375,1.2849,1.427,groceries,bengaluru,0,0,none,normal
M0004,121,120,248082.59,2067.35,0.015390545780115839,0.005393906842515747,1.2427,1.5257,groceries,bengaluru,0,0,none,normal
M0004,122,108,212722.47,1969.65,0.014983435291339674,0.008805188809643535,1.3915,1.2917,groceries,bengaluru,0,0,none,normal
M0004,123,117,252169.19,2155.29,0.015013891516797075,0.009252760711919624,1.178,1.5863,groceries,bengaluru,0,0,none,normal
M0004,124,132,291009.11,2204.61,0.013353953889656283,0.006824231701143999,1.401,1.4417,groceries,bengaluru,0,0,none,normal
M0004,125,123,233709.55,1900.08,0.015424232157837123,0.009056686093230685,1.2973,1.4114,groceries,bengaluru,0,0,none,normal
M0004,126,116,234601.56,2022.43,0.012322967986780713,0.008230261614654883,1.2349,1.209,groceries,bengaluru,0,0,none,normal
M0004,127,112,240441.1,2146.8,0.012978001332841872,0.008828621792124344,1.1378,1.1742,groceries,bengaluru,0,0,none,normal
M0004,128,112,206790.78,1846.35,0.013274658983874622,0.009485537017343254,1.4665,1.2903,groceries,bengaluru,0,0,none,normal
M0004,129,121,219059.42,1810.41,0.01265819652644413,0.009399898218150862,1.4099,1.2527,groceries,bengaluru,0,0,none,normal
M0004,130,95,187318.99,1971.78,0.01299589314206276,0.00883333894637427,1.2319,1.053,groceries,bengaluru,0,0,none,normal
M0004,131,124,255636.38,2061.58,0.015127720724578485,0.008717557940804851,1.2715,1.2777,groceries,bengaluru,0,0,none,normal
M0004,132,136,247873.21,1822.6,0.016157576126904737,0.010958594371081133,1.3065,1.322,groceries,bengaluru,0,0,none,normal
M0004,133,140,263136.78,1879.55,0.0102163509471471,0.006742213958464408,1.3922,1.1629,groceries,bengaluru,0,0,none,normal
M0004,134,109,224393.96,2058.66,0.015496418772677148,0.007292710282578466,1.3704,1.5584,groceries,bengaluru,0,0,none,normal
M0004,135,110,231192.01,2101.75,0.013024520904209308,0.008225911643913971,1.3557,1.3825,groceries,bengaluru,0,0,none,normal
M0004,136,114,211807.53,1857.96,0.01346749543858659,0.007293956061239514,1.3317,1.5093,groceries,bengaluru,0,0,none,normal
M0004,137,113,230096.14,2036.25,0.014103285651987717,0.007951102279852063,1.342,1.2619,groceries,bengaluru,0,0,none,normal
M0004,138,126,254581.34,2020.49,0.014315532936945066,0.010168898927746046,1.4109,1.406,groceries,bengaluru,0,0,none,normal
M0004,139,117,239788.59,2049.48,0.0137855592070777,0.009264926073798817,1.3054,1.4363,groceries,bengaluru,0,0,none,normal
M0004,140,115,224722.74,1954.11,0.01379321852079293,0.0079406748245723,1.4388,1.3032,groceries,bengaluru,0,0,none,normal
M0004,141,124,242928.18,1959.1,0.012109201707234256,0.008270565146990462,1.4002,1.4274,groceries,bengaluru,0,0,none,normal
M0004,142,122,265759.1,2178.35,0.014648861222739017,0.008944296019296976,1.2417,1.4579,groceries,bengaluru,0,0,none,normal
M0004,143,138,279748.32,2027.16,0.016282826642459333,0.010120553519917268,1.1577,1.4373,groceries,bengaluru,0,0,none,normal
M0004,144,120,226503.16,1887.53,0.0140889611123499,0.009820951518427245,1.3973,1.3147,groceries,bengaluru,0,0,none,normal
M0004,145,114,224513.53,1969.42,0.012220427296971943,0.00832852191735837,1.1277,1.3279,groceries,bengaluru,0,0,none,normal
M0004,146,117,239192.94,2044.38,0.01900326342995506,0.007733920714014064,1.163,1.4854,groceries,bengaluru,0,0,none,normal
M0004,147,122,239772.94,1965.35,0.012841335039296749,0.007290379636110877,1.2505,1.5368,groceries,bengaluru,0,0,none,normal
M0004,148,129,225915.66,1751.28,0.016413235365871488,0.010607317867139495,1.2755,1.3941,groceries,bengaluru,0,0,none,normal
M0004,149,139,278395.57,2002.85,0.014396340028425506,0.009631660437640853,1.2519,1.5893,groceries,bengaluru,0,0,none,normal
M0004,150,141,288930.78,2049.15,0.013809305581848069,0.009422237933965464,1.3207,1.182,groceries,bengaluru,0,0,none,normal
M0004,151,118,240124.69,2034.96,0.016867990909426936,0.009333032534780858,1.3239,1.4011,groceries,bengaluru,0,0,none,normal
M0004,152,136,271852.81,1998.92,0.014104614144114241,0.008878346126245674,1.3887,1.2711,groceries,bengaluru,0,0,none,normal
M0004,153,124,218211.5,1759.77,0.015300444269141972,0.006433125981107288,1.341,1.4496,groceries,bengaluru,0,0,none,normal
M0004,154,142,275443.45,1939.74,0.015152781372264165,0.007156357919469417,1.3518,1.3134,groceries,bengaluru,0,0,none,normal
M0004,155,126,266430.87,2114.53,0.01114660103738594,0.010547348456142285,1.2667,1.4234,groceries,bengaluru,0,0,none,normal
M0004,156,121,237745.21,1964.84,0.015451066384754368,0.008368762836016414,1.4115,1.5109,groceries,bengaluru,0,0,none,normal
M0004,157,113,231978.64,2052.91,0.0126560162194499,0.006824629879580501,1.384,1.1177,groceries,bengaluru,0,0,none,normal
M0004,158,114,224182.78,1966.52,0.010913591491689007,0.008218238523033121,1.2827,1.4112,groceries,bengaluru,0,0,none,normal
M0004,159,122,265753.04,2178.3,0.015743931787281444,0.007608020174893936,1.2643,1.2312,groceries,bengaluru,0,0,none,normal
M0004,160,121,260279.47,2151.07,0.01344051778209538,0.0089504404385551,1.3762,1.3348,groceries,bengaluru,0,0,none,normal
M0004,161,123,212707.7,1729.33,0.013832603129934333,0.00607961898491833,1.319,1.5014,groceries,bengaluru,0,0,none,normal
M0004,162,122,214026.07,1754.31,0.0173040109967079,0.007359839410435612,1.3037,1.3278,groceries,bengaluru,0,0,none,normal
M0004,163,105,184773.84,1759.75,0.01318351807848514,0.008743594385272405,1.4024,1.4736,groceries,bengaluru,0,0,none,normal
M0004,164,125,251571.95,2012.58,0.012833533581445239,0.009533177228965479,1.3801,1.3106,groceries,bengaluru,0,0,none,normal
M0004,165,116,244066.71,2104.02,0.01625784047450898,0.010131709888825172,1.1087,1.4304,groceries,bengaluru,0,0,none,normal
M0004,166,138,291109.52,2109.49,0.015647477100396517,0.007049839632643175,1.1598,1.2938,groceries,bengaluru,0,0,none,normal
M0004,167,113,206338.48,1826.0,0.012030687396325535,0.008479982472468704,1.318,1.3411,groceries,bengaluru,0,0,none,normal
M0004,168,96,200412.32,2087.63,0.01363130516093726,0.01114379784056475,1.2343,1.4757,groceries,bengaluru,0,0,none,normal
M0004,169,114,223778.88,1962.97,0.01510808059014929,0.0070615693187903615,1.2379,1.4041,groceries,bengaluru,0,0,none,normal
M0004,170,128,243260.88,1900.48,0.0161963944479488,0.010368965618443,1.4702,1.4648,groceries,bengaluru,0,0,none,normal
M0004,171,140,298366.09,2131.19,0.014601923208484618,0.0101380768080919,1.4435,1.348,groceries,bengaluru,0,0,none,normal
M0004,172,127,264130.95,2079.77,0.016910328606966257,0.010045672977889358,1.1146,1.4286,groceries,bengaluru,0,0,none,normal
M0004,173,136,283965.32,2087.98,0.011354887590784254,0.006889278282362997,1.4571,1.3236,groceries,bengaluru,0,0,none,normal
M0004,174,129,267197.67,2071.3,0.014442495816730313,0.007582499696867033,1.385,1.2908,groceries,bengaluru,0,0,none,normal
M0004,175,118,245567.35,2081.08,0.014171598258963386,0.011351061663675974,1.4083,1.3035,groceries,bengaluru,0,0,none,normal
M0004,176,112,217131.1,1938.67,0.01519286025979101,0.006571285307976104,1.2308,1.3766,groceries,bengaluru,0,0,none,normal
M0004,177,116,225847.59,1946.96,0.014774274940066287,0.00737970578153232,1.3282,1.2781,groceries,bengaluru,0,0,none,normal
M0004,178,119,250270.54,2103.11,0.015004806379666067,0.007845488757117478,1.2499,1.4364,groceries,bengaluru,0,0,none,normal
M0004,179,123,244300.68,1986.18,0.014474843136763685,0.007412659962919354,1.1037,1.5198,groceries,bengaluru,0,0,none,normal
M0004,180,124,253576.65,2044.97,0.01504431283615968,0.008313892374571362,1.3161,1.5706,groceries,bengaluru,0,0,none,normal
M0004,181,114,233005.17,2043.9,0.012087456995432327,0.009945880771975689,1.2842,1.3069,groceries,bengaluru,0,0,none,normal
M0004,182,122,255370.4,2093.2,0.014952486844432171,0.006835051497343285,1.314,1.4718,groceries,bengaluru,0,0,none,normal
M0004,183,110,226513.79,2059.22,0.01807788143182734,0.008077468480284858,1.4687,1.2705,groceries,bengaluru,0,0,none,normal
M0004,184,112,216874.69,1936.38,0.012178195012762337,0.006703037430145024,1.1149,1.547,groceries,bengaluru,0,0,none,normal
M0004,185,117,215873.93,1845.08,0.0140402047360223,0.00961638681870218,1.2581,1.42,groceries,bengaluru,0,0,none,normal
M0004,186,123,223569.47,1817.64,0.015361741823361006,0.008989020452231414,1.456,1.0457,groceries,bengaluru,0,0,none,normal
M0004,187,103,220340.02,2139.22,0.014131715813246754,0.008315672723938704,1.3407,1.1688,groceries,bengaluru,0,0,none,normal
M0004,188,128,269380.56,2104.54,0.01584523685893537,0.00919532609449535,1.2908,1.3661,groceries,bengaluru,0,0,none,normal
M0004,189,133,286718.4,2155.78,0.013303951099629095,0.005380959516223921,1.4568,1.4236,groceries,bengaluru,0,0,none,normal
M0004,190,117,253454.19,2166.28,0.014279873695792039,0.009414908643455509,1.364,1.4953,groceries,bengaluru,0,0,none,normal
M0004,191,119,263083.04,2210.78,0.01170793901913901,0.008036134089755724,1.3267,1.4499,groceries,bengaluru,0,0,none,normal
M0004,192,132,250368.41,1896.73,0.017345001853147014,0.007828328511480565,1.4081,1.2574,groceries,bengaluru,0,0,none,normal
M0004,193,122,268677.84,2202.28,0.018010077306486467,0.006518244210470779,1.3827,1.3787,groceries,bengaluru,0,0,none,normal
M0004,194,118,247946.02,2101.24,0.014690650302809251,0.009286103784446168,1.4787,1.2329,groceries,bengaluru,0,0,none,normal
M0004,195,112,216047.97,1929.0,0.014248966115855452,0.006595707960180858,1.3219,1.3148,groceries,bengaluru,0,0,none,normal
M0004,196,133,268003.51,2015.06,0.013500929660622524,0.0066417254461650106,1.3394,1.4054,groceries,bengaluru,0,0,none,normal
M0004,197,133,252315.29,1897.11,0.013306614485516382,0.007576208166287035,1.3241,1.2161,groceries,bengaluru,0,0,none,normal
M0004,198,127,248512.72,1956.79,0.011886028272787973,0.010365826964173156,1.3833,1.4889,groceries,bengaluru,0,0,none,normal
M0004,199,110,212731.08,1933.92,0.014712966130758716,0.009098053566283723,1.2278,1.2554,groceries,bengaluru,0,0,none,normal
M0004,200,121,251701.51,2080.18,0.01706200750589016,0.010338239404727582,1.2908,1.5193,groceries,bengaluru,0,0,none,normal
M0004,201,141,311427.48,2208.71,0.014934850567989611,0.008793813704105658,1.4397,1.4687,groceries,bengaluru,0,0,none,normal
M0004,202,115,217347.93,1889.98,0.014552990450103064,0.007744812407646872,1.3269,1.586,groceries,bengaluru,0,0,none,normal
M0004,203,117,245681.3,2099.84,0.0165514773561674,0.0088916676305371,1.3658,1.3913,groceries,bengaluru,0,0,none,normal
M0004,204,121,239295.08,1977.65,0.0104331582711958,0.0067615973413435795,1.2047,1.3564,groceries,bengaluru,0,0,none,normal
M0004,205,117,264685.96,2262.27,0.01182768901151039,0.008205378766588197,1.3736,1.3049,groceries,bengaluru,0,0,none,normal
M0004,206,120,245884.11,2049.03,0.013749439218367776,0.007788463059983959,1.1289,1.5869,groceries,bengaluru,0,0,none,normal
M0004,207,121,237438.07,1962.3,0.012760473353573866,0.005038523443931973,1.3688,1.3797,groceries,bengaluru,0,0,none,normal
M0004,208,121,255177.29,2108.9,0.013034880528127589,0.008423540536288054,0.9764,1.4675,groceries,bengaluru,0,0,none,normal
M0004,209,124,265440.88,2140.65,0.014007267036274593,0.009985312756936109,1.3846,1.457,groceries,bengaluru,0,0,none,normal
M0004,210,134,272212.07,2031.43,0.014105870221632772,0.008125172020449122,1.3547,1.2789,groceries,bengaluru,0,0,none,normal
M0004,211,124,220756.4,1780.29,0.013452719395418446,0.00870652201714374,1.3259,1.4364,groceries,bengaluru,0,0,none,normal
M0004,212,115,247672.94,2153.68,0.01491298284218716,0.009671896756282234,1.5006,1.3996,groceries,bengaluru,0,0,none,normal
M0004,213,133,257613.04,1936.94,0.014648488339766329,0.008361882236031305,1.4289,1.5418,groceries,bengaluru,0,0,none,normal
M0004,214,122,268062.4,2197.23,0.014252622723220648,0.0074602618145509425,1.2875,1.489,groceries,bengaluru,0,0,none,normal
M0004,215,118,233947.86,1982.61,0.014636315609382352,0.010027193227685352,1.1456,1.3053,groceries,bengaluru,0,0,none,normal
M0004,216,117,221469.55,1892.9,0.015326258333450055,0.007672508935276284,1.4261,1.3567,groceries,bengaluru,0,0,none,normal
M0004,217,126,249757.78,1982.2,0.014416891454548332,0.008482091305829666,1.331,1.4281,groceries,bengaluru,0,0,none,normal
M0004,218,149,300729.77,2018.32,0.01377705370395366,0.009130366583000758,1.4437,1.4571,groceries,bengaluru,0,0,none,normal
M0004,219,119,225965.47,1898.87,0.013878313020437598,0.010428927223330385,1.3276,1.6642,groceries,bengaluru,0,0,none,normal
M0004,220,125,261879.75,2095.04,0.015304244953286934,0.010089835105778756,1.3799,1.2882,groceries,bengaluru,0,0,none,normal
M0004,221,114,243209.01,2133.41,0.013736482453909567,0.007153966355298766,1.4418,1.5378,groceries,bengaluru,0,0,none,normal
M0004,222,126,230109.14,1826.26,0.01323088712949043,0.008023996036066482,1.5099,1.2818,groceries,bengaluru,0,0,none,normal
M0004,223,115,245127.65,2131.54,0.01614692790939203,0.007891195100157027,1.2836,1.2529,groceries,bengaluru,0,0,none,normal
M0004,224,119,231608.91,1946.29,0.015333892321882755,0.007321215702131895,1.3183,1.393,groceries,bengaluru,0,0,none,normal
M0004,225,126,247523.78,1964.47,0.014880841805559979,0.007381813829252237,1.4229,1.3703,groceries,bengaluru,0,0,none,normal
M0004,226,125,268247.04,2145.98,0.014507529052130931,0.008780943693700588,1.3584,1.4253,groceries,bengaluru,0,0,none,normal
M0004,227,120,217849.38,1815.41,0.01452338666220206,0.006079182709750752,1.1664,1.4567,groceries,bengaluru,0,0,none,normal
M0004,228,117,231792.68,1981.13,0.010385057488982677,0.011319283703355458,1.1991,1.2472,groceries,bengaluru,0,0,none,normal
M0004,229,117,215774.17,1844.22,0.01396282952984319,0.010339944438631536,1.3562,1.3262,groceries,bengaluru,0,0,none,normal
M0004,230,114,229839.53,2016.14,0.013681041991439376,0.008334196352055987,1.3063,1.252,groceries,bengaluru,0,0,none,normal
M0004,231,106,199047.44,1877.81,0.015798035585892347,0.007093252666636168,1.3285,1.3842,groceries,bengaluru,0,0,none,normal
M0004,232,115,256999.05,2234.77,0.01254209640493467,0.00834165806206234,1.5087,1.422,groceries,bengaluru,0,0,none,normal
M0004,233,113,212436.85,1879.97,0.01249746390082021,0.008412746004298624,1.266,1.2541,groceries,bengaluru,0,0,none,normal
M0004,234,118,239850.5,2032.63,0.016033179308119237,0.008612199709972465,1.2726,1.3356,groceries,bengaluru,0,0,none,normal
M0004,235,118,240539.0,2038.47,0.012838764110888015,0.00870089208236377,1.1636,1.5547,groceries,bengaluru,0,0,none,normal
M0004,236,118,251363.94,2130.2,0.015399045786359592,0.007499566738991089,1.3695,1.4389,groceries,bengaluru,0,0,none,normal
M0004,237,113,209472.97,1853.74,0.011537460342856508,0.011224484548957496,1.3369,1.1903,groceries,bengaluru,0,0,none,normal
M0004,238,112,215647.34,1925.42,0.012746115999242023,0.008806680001937562,1.1603,1.2813,groceries,bengaluru,0,0,none,normal
M0004,239,133,287161.59,2159.11,0.014164660565897578,0.009238503632474278,1.2775,1.2003,groceries,bengaluru,0,0,none,normal
M0005,0,85,216512.34,2547.2,0.07406743692443289,0.007173357289740612,1.0888,1.5864,electronics,jaipur,0,0,none,normal
M0005,1,84,188635.23,2245.66,0.08349234157876705,0.007247545759659663,1.1615,1.3978,electronics,jaipur,0,0,none,normal
M0005,2,73,166198.09,2276.69,0.06872595526421683,0.008751782204428083,1.1004,1.2958,electronics,jaipur,0,0,none,normal
M0005,3,84,194129.17,2311.06,0.07602675825293065,0.007072843890966569,1.3358,1.2084,electronics,jaipur,0,0,none,normal
M0005,4,95,213553.19,2247.93,0.07239388870119008,0.008573865073070222,1.204,1.3972,electronics,jaipur,0,0,none,normal
M0005,5,94,230727.52,2454.55,0.08036410244685123,0.009560366739091341,1.2439,1.4923,electronics,jaipur,0,0,none,normal
M0005,6,79,211510.55,2677.35,0.06579316759503741,0.0061649994588534075,1.4136,1.5949,electronics,jaipur,0,0,none,normal
M0005,7,76,193102.61,2540.82,0.07242793323989134,0.009595878577982378,1.2813,1.4447,electronics,jaipur,0,0,none,normal
M0005,8,73,173571.98,2377.7,0.08095984433499961,0.010721168528873948,1.3184,1.0754,electronics,jaipur,0,0,none,normal
M0005,9,104,222476.96,2139.2,0.09226418573455725,0.009786603769509001,1.0778,1.3221,electronics,jaipur,0,0,none,normal
M0005,10,76,200625.98,2639.82,0.06896119347311952,0.00813520592509594,1.2431,1.1762,electronics,jaipur,0,0,none,normal
M0005,11,78,207110.29,2655.26,0.0819358219655024,0.009154722802529524,1.13,1.1733,electronics,jaipur,0,0,none,normal
M0005,12,82,218539.56,2665.12,0.08978460080993705,0.00673965160649215,1.3575,1.3677,electronics,jaipur,0,0,none,normal
M0005,13,74,162526.16,2196.3,0.0797410277723193,0.007433465565741563,1.338,1.4489,electronics,jaipur,0,0,none,normal
M0005,14,76,169099.7,2225.0,0.07659852149689798,0.009005301880376114,1.2604,1.3095,electronics,jaipur,0,0,none,normal
M0005,15,81,198246.49,2447.49,0.08613703469598735,0.012542838949163828,1.5763,1.5667,electronics,jaipur,0,0,none,normal
M0005,16,96,234860.67,2446.47,0.05586065412685543,0.009139880482259444,1.2955,1.3421,electronics,jaipur,0,0,none,normal
M0005,17,93,223147.54,2399.44,0.08633310294998402,0.009934335895829389,1.3451,1.5468,electronics,jaipur,0,0,none,normal
M0005,18,88,222316.52,2526.32,0.09083982333713105,0.008444326410841337,1.2308,1.2606,electronics,jaipur,0,0,none,normal
M0005,19,82,191836.95,2339.47,0.08123726502236986,0.00995912811287029,1.2132,1.2707,electronics,jaipur,0,0,none,normal
M0005,20,81,186687.59,2304.79,0.07598584834680584,0.011227604784664174,1.2413,1.2988,electronics,jaipur,0,0,none,normal
M0005,21,94,226735.97,2412.08,0.0835559074689081,0.010152194360519066,1.2703,1.2731,electronics,jaipur,0,0,none,normal
M0005,22,68,155908.89,2292.78,0.07658578427572803,0.009596565551436911,1.362,1.1755,electronics,jaipur,0,0,none,normal
M0005,23,84,190266.22,2265.07,0.07662120214684116,0.01056514281036619,1.2124,1.5846,electronics,jaipur,0,0,none,normal
M0005,24,84,196236.87,2336.15,0.0745559426920114,0.008004375291652065,1.4501,1.4772,electronics,jaipur,0,0,none,normal
M0005,25,89,216200.86,2429.22,0.08070981790406473,0.009552056101675359,1.4398,1.0371,electronics,jaipur,0,0,none,normal
M0005,26,81,188929.98,2332.47,0.08111511763212532,0.008600583803964024,1.5722,1.5002,electronics,jaipur,0,0,none,normal
M0005,27,90,207166.94,2301.85,0.07044404153690367,0.00915265738527456,1.4674,1.3227,electronics,jaipur,0,0,none,normal
M0005,28,84,191942.41,2285.03,0.08833552976056097,0.009445846479769118,1.239,1.1388,electronics,jaipur,0,0,none,normal
M0005,29,87,181312.96,2084.06,0.07514873375926986,0.010034272395490535,1.4544,1.2548,electronics,jaipur,0,0,none,normal
M0005,30,75,191259.08,2550.12,0.07346090155316636,0.009724568508964884,1.2505,1.4908,electronics,jaipur,0,0,none,normal
M0005,31,74,188600.54,2548.66,0.06774526042940865,0.008652939089597564,1.309,0.9954,electronics,jaipur,0,0,none,normal
M0005,32,76,211374.44,2781.24,0.06951595546372692,0.008081507376289524,1.6258,1.5845,electronics,jaipur,0,0,none,normal
M0005,33,86,205250.29,2386.63,0.07604478600279119,0.008968973246245454,1.2867,1.5713,electronics,jaipur,0,0,none,normal
M0005,34,76,177852.3,2340.16,0.08523236094100173,0.009311678160465377,1.2168,1.4264,electronics,jaipur,0,0,none,normal
M0005,35,82,200789.05,2448.65,0.08688719792937939,0.011943516572966627,1.4428,1.6311,electronics,jaipur,0,0,none,normal
M0005,36,89,211372.68,2374.97,0.09187654177560105,0.008993208589710196,1.2888,1.172,electronics,jaipur,0,0,none,normal
M0005,37,93,224745.36,2416.62,0.0805058686960615,0.00956155836250801,1.3163,1.5851,electronics,jaipur,0,0,none,normal
M0005,38,84,215659.48,2567.37,0.07188528078211308,0.009441227499095518,1.0778,1.4046,electronics,jaipur,0,0,none,normal
M0005,39,76,170316.69,2241.01,0.08724148786616827,0.009557414013254507,1.0739,1.2896,electronics,jaipur,0,0,none,normal
M0005,40,84,185183.26,2204.56,0.09583440622552025,0.007434601144539213,1.266,1.3551,electronics,jaipur,0,0,none,normal
M0005,41,90,238842.8,2653.81,0.07382224460767954,0.010027408258629807,1.3605,1.4309,electronics,jaipur,0,0,none,normal
M0005,42,92,240293.2,2611.88,0.09014921477059461,0.0067062523758768,1.2921,1.2501,electronics,jaipur,0,0,none,normal
M0005,43,85,206564.12,2430.17,0.07246509409380703,0.0087064450918716,1.4564,1.0543,electronics,jaipur,0,0,none,normal
M0005,44,85,204856.8,2410.08,0.07699553828281923,0.009386965874878243,1.231,1.5426,electronics,jaipur,0,0,none,normal
M0005,45,83,193182.72,2327.5,0.05812453784821848,0.012591931539189532,1.3167,1.3662,electronics,jaipur,0,0,none,normal
M0005,46,85,215296.12,2532.9,0.09670213509939785,0.0064299311278014646,1.1468,1.3443,electronics,jaipur,0,0,none,normal
M0005,47,80,194889.3,2436.12,0.07535465483559023,0.008032976271989293,1.2079,1.3486,electronics,jaipur,0,0,none,normal
M0005,48,81,179289.92,2213.46,0.08103401402914032,0.008497784531522378,1.4078,1.448,electronics,jaipur,0,0,none,normal
M0005,49,79,225211.36,2850.78,0.05635335281038965,0.009421565186127478,1.301,1.3685,electronics,jaipur,0,0,none,normal
M0005,50,92,210834.79,2291.68,0.06435571705525568,0.009648951497479586,1.4558,1.3586,electronics,jaipur,0,0,none,normal
M0005,51,84,193158.07,2299.5,0.07717277606416756,0.00990000854305468,1.3335,1.2695,electronics,jaipur,0,0,none,normal
M0005,52,76,202795.09,2668.36,0.08693241557924843,0.008752648062394328,1.3052,1.1645,electronics,jaipur,0,0,none,normal
M0005,53,87,217954.36,2505.22,0.08225340177295958,0.00937718969550252,1.2958,1.3185,electronics,jaipur,0,0,none,normal
M0005,54,80,195238.3,2440.48,0.06501262088229204,0.009783179778269877,1.4935,1.4907,electronics,jaipur,0,0,none,normal
M0005,55,82,192024.53,2341.76,0.06669752498887409,0.012785219321588964,1.4155,1.6831,electronics,jaipur,0,0,none,normal
M0005,56,96,223952.13,2332.83,0.08644379342966048,0.008375309359360157,1.1446,1.1899,electronics,jaipur,0,0,none,normal
M0005,57,93,184540.6,1984.31,0.08247669129097575,0.008929079324458236,1.3306,1.3553,electronics,jaipur,0,0,none,normal
M0005,58,77,177064.61,2299.54,0.07658180103235328,0.010545686817522406,1.2043,1.2669,electronics,jaipur,0,0,none,normal
M0005,59,83,203790.17,2455.3,0.09441544751876396,0.009586939109002407,1.3502,1.1428,electronics,jaipur,0,0,none,normal
M0005,60,85,202366.93,2380.79,0.06549767059211277,0.00771850681113864,1.299,1.3734,electronics,jaipur,0,0,none,normal
M0005,61,88,208879.15,2373.63,0.07247759438792872,0.007325045994935466,1.259,1.3897,electronics,jaipur,0,0,none,normal
M0005,62,79,202918.46,2568.59,0.0695496675453491,0.009043455848225513,1.3869,1.4888,electronics,jaipur,0,0,none,normal
M0005,63,76,189559.85,2494.21,0.07747019978496078,0.008596170218290093,1.3524,1.4442,electronics,jaipur,0,0,none,normal
M0005,64,98,219604.94,2240.87,0.07607167990294685,0.00920932493464188,1.208,1.5826,electronics,jaipur,0,0,none,normal
M0005,65,88,216883.16,2464.58,0.08587326583656146,0.0074069292637188085,1.409,1.3341,electronics,jaipur,0,0,none,normal
M0005,66,91,214489.85,2357.03,0.07776342750742157,0.0086236444397839,1.1263,1.2894,electronics,jaipur,0,0,none,normal
M0005,67,95,234917.16,2472.81,0.07998292501989945,0.00874449596288477,1.4064,1.2378,electronics,jaipur,0,0,none,normal
M0005,68,82,226868.01,2766.68,0.0850082098041779,0.009428290250740465,1.2444,1.4597,electronics,jaipur,0,0,none,normal
M0005,69,100,256809.8,2568.1,0.07706198194669964,0.009364057952248126,1.2916,1.6065,electronics,jaipur,0,0,none,normal
M0005,70,86,217262.35,2526.31,0.06685038429919517,0.004794887169392176,1.4106,1.3414,electronics,jaipur,0,0,none,normal
M0005,71,71,170586.82,2402.63,0.08011133078469582,0.00956742090918529,1.3755,1.1616,electronics,jaipur,0,0,none,normal
M0005,72,81,186011.6,2296.44,0.09227990363658142,0.006779669629375415,1.4148,1.1213,electronics,jaipur,0,0,none,normal
M0005,73,92,239593.84,2604.28,0.07110461541631599,0.009921085780715867,1.4061,1.5391,electronics,jaipur,0,0,none,normal
M0005,74,80,200083.52,2501.04,0.07780601072965336,0.007098123088692637,1.1322,1.365,electronics,jaipur,0,0,none,normal
M0005,75,87,188251.35,2163.81,0.08721800937178309,0.009765327149052367,1.4346,1.44,electronics,jaipur,0,0,none,normal
M0005,76,84,184153.29,2192.3,0.07938682634729413,0.009303507675685272,1.1965,1.5162,electronics,jaipur,0,0,none,normal
M0005,77,82,185624.16,2263.71,0.07952198208723896,0.009872015644072543,1.1988,1.1832,electronics,jaipur,0,0,none,normal
M0005,78,88,228330.49,2594.66,0.07325685441621337,0.00877474312428143,1.4105,1.1386,electronics,jaipur,0,0,none,normal
M0005,79,81,205545.88,2537.6,0.06877748046714152,0.007736808200955011,1.2782,1.3426,electronics,jaipur,0,0,none,normal
M0005,80,77,195989.51,2545.32,0.06072879732107964,0.0073047050199108576,1.3168,1.2971,electronics,jaipur,0,0,none,normal
M0005,81,86,185708.99,2159.41,0.09432262438392224,0.009216744500193485,1.3846,1.1888,electronics,jaipur,0,0,none,normal
M0005,82,80,195855.76,2448.2,0.0854510798903529,0.009215454499650968,0.9363,1.4483,electronics,jaipur,0,0,none,normal
M0005,83,81,167727.21,2070.71,0.07709250837438279,0.008421221468718766,1.1594,1.0323,electronics,jaipur,0,0,none,normal
M0005,84,83,216435.08,2607.65,0.07863470489303144,0.009045563048799549,1.4877,1.4349,electronics,jaipur,0,0,none,normal
M0005,85,96,212550.87,2214.07,0.07120154059663332,0.008549461679700884,1.2503,1.1809,electronics,jaipur,0,0,none,normal
M0005,86,77,177450.74,2304.56,0.07246655499012937,0.01025356468783399,1.3457,1.4667,electronics,jaipur,0,0,none,normal
M0005,87,73,168521.49,2308.51,0.075344507931413,0.008309016231159863,1.3471,1.3869,electronics,jaipur,0,0,none,normal
M0005,88,85,202421.87,2381.43,0.07033799703007998,0.008973284874838162,1.2622,1.1633,electronics,jaipur,0,0,none,normal
M0005,89,79,189219.28,2395.18,0.055844792999039126,0.007561489085219586,1.3773,1.3411,electronics,jaipur,0,0,none,normal
M0005,90,88,200713.12,2280.83,0.0742639599350805,0.007298656032432249,1.4197,1.5576,electronics,jaipur,0,0,none,normal
M0005,91,85,200133.54,2354.51,0.08218927023390933,0.01092957474546067,1.3685,1.3716,electronics,jaipur,0,0,none,normal
M0005,92,79,171470.21,2170.51,0.0854176284730076,0.010337748928894218,1.1914,1.1275,electronics,jaipur,0,0,none,normal
M0005,93,81,212808.08,2627.26,0.07785092325345139,0.007906314384141739,1.2762,1.5293,electronics,jaipur,0,0,none,normal
M0005,94,86,201376.15,2341.58,0.07581063913329047,0.012530792115552346,1.3158,1.3526,electronics,jaipur,0,0,none,normal
M0005,95,85,204860.74,2410.13,0.0907091587193401,0.008163235479883046,1.3752,1.6471,electronics,jaipur,0,0,none,normal
M0005,96,78,194624.85,2495.19,0.0798065848744653,0.006870998827756975,1.2184,1.5719,electronics,jaipur,0,0,none,normal
M0005,97,83,201377.15,2426.23,0.07893451020159951,0.008573722102854122,1.5105,1.2823,electronics,jaipur,0,0,none,normal
M0005,98,92,220364.41,2395.27,0.07683992629903412,0.008638445665930493,1.3035,1.2219,electronics,jaipur,0,0,none,normal
M0005,99,89,219905.02,2470.84,0.08857263354828573,0.010969189470173512,1.2451,1.3919,electronics,jaipur,0,0,none,normal
M0005,100,81,192827.31,2380.58,0.07547928859860288,0.009308847051458798,1.4023,1.2565,electronics,jaipur,0,0,none,normal
M0005,101,72,183115.84,2543.28,0.08399876433626087,0.010631516465054582,1.2892,1.0545,electronics,jaipur,0,0,none,normal
M0005,102,83,203696.46,2454.17,0.06805870088189613,0.010248953060748868,1.3006,1.2321,electronics,jaipur,0,0,none,normal
M0005,103,92,216293.13,2351.01,0.07402904949305925,0.00746319012395014,1.2347,1.2333,electronics,jaipur,0,0,none,normal
M0005,104,92,228542.7,2484.16,0.09734182264182745,0.011094951457676026,1.1154,1.2363,electronics,jaipur,0,0,none,normal
M0005,105,88,216942.33,2465.25,0.08301604731125908,0.008682949863070019,1.3301,1.2752,electronics,jaipur,0,0,none,normal
M0005,106,82,199878.18,2437.54,0.0732218337583446,0.010336426239818546,1.4612,1.3688,electronics,jaipur,0,0,none,normal
M0005,107,93,218952.44,2354.33,0.0593432483243534,0.009336131917149302,1.2693,1.1175,electronics,jaipur,0,0,none,normal
M0005,108,88,220544.63,2506.19,0.06993753154717397,0.01197384734761727,1.3318,1.3551,electronics,jaipur,0,0,none,normal
M0005,109,88,197198.22,2240.89,0.07125183309192983,0.00972341782217319,1.3207,1.3519,electronics,jaipur,0,0,none,normal
M0005,110,83,206438.12,2487.21,0.06781597051064105,0.008780611976718573,1.1329,1.3662,electronics,jaipur,0,0,none,normal
M0005,111,85,180949.23,2128.81,0.06607795651540029,0.0073934879631827695,1.3706,1.4199,electronics,jaipur,0,0,none,normal
M0005,112,96,228603.08,2381.28,0.07457739766729314,0.008943731587673535,1.2277,1.4062,electronics,jaipur,0,0,none,normal
M0005,113,77,173211.28,2249.5,0.09040671850946959,0.009401451715133376,1.4104,1.3636,electronics,jaipur,0,0,none,normal
M0005,114,91,203306.47,2234.14,0.07839732125677981,0.01146389514536069,1.3226,1.3239,electronics,jaipur,0,0,none,normal
M0005,115,91,225205.25,2474.78,0.06630479118146375,0.0075068079790841765,1.0676,1.4275,electronics,jaipur,0,0,none,normal
M0005,116,93,218622.28,2350.78,0.09218353887405763,0.006318507030934549,1.2067,1.3506,electronics,jaipur,0,0,none,normal
M0005,117,89,224849.69,2526.4,0.07408442617687051,0.010402461054813971,1.2209,1.0467,electronics,jaipur,0,0,none,normal
M0005,118,80,209139.36,2614.24,0.07895544588089091,0.007842580742735885,1.3107,1.3159,electronics,jaipur,0,0,none,normal
M0005,119,80,191377.48,2392.22,0.08308987723726434,0.00855952357710136,1.2522,1.2437,electronics,jaipur,0,0,none,normal
M0005,120,82,191825.21,2339.33,0.07661140238557472,0.010394217246365746,1.249,1.2496,electronics,jaipur,0,0,none,normal
M0005,121,73,168322.83,2305.79,0.06762168330484886,0.0056790928600388745,1.3731,1.1243,electronics,jaipur,0,0,none,normal
M0005,122,97,218100.42,2248.46,0.08467430487950103,0.008870047151150414,1.2391,1.4215,electronics,jaipur,0,0,none,normal
M0005,123,79,199118.57,2520.49,0.08757481608276742,0.008739107716157695,1.4145,1.2156,electronics,jaipur,0,0,none,normal
M0005,124,89,198255.1,2227.59,0.06795568318862402,0.010719511082605784,1.3355,1.3415,electronics,jaipur,0,0,none,normal
M0005,125,84,207655.13,2472.08,0.06323271815584408,0.007853843101810063,1.3278,1.3695,electronics,jaipur,0,0,none,normal
M0005,126,92,228857.21,2487.58,0.08423662452033671,0.009227404401389755,1.4021,1.3269,electronics,jaipur,0,0,none,normal
M0005,127,83,208467.52,2511.66,0.08965598729537379,0.009756976380185533,1.1847,1.457,electronics,jaipur,0,0,none,normal
M0005,128,92,207940.4,2260.22,0.09370834082603763,0.011033466901779983,1.2375,1.6399,electronics,jaipur,0,0,none,normal
M0005,129,92,229283.45,2492.21,0.0689785045768608,0.008131436354738874,1.4081,1.1593,electronics,jaipur,0,0,none,normal
M0005,130,86,215334.43,2503.89,0.07684035113507168,0.00953683556366178,1.3942,1.1679,electronics,jaipur,0,0,none,normal
M0005,131,77,177859.76,2309.87,0.06556756131161728,0.006246883834681287,1.1001,1.248,electronics,jaipur,0,0,none,normal
M0005,132,82,191530.47,2335.74,0.08527932539173418,0.005879378916414682,1.3918,1.3732,electronics,jaipur,0,0,none,normal
M0005,133,87,200787.28,2307.9,0.08544351772984769,0.011152776624127511,1.2431,1.0642,electronics,jaipur,0,0,none,normal
M0005,134,82,191768.24,2338.64,0.09097566481841603,0.009492138097861562,1.0787,1.1972,electronics,jaipur,0,0,none,normal
M0005,135,84,200577.12,2387.82,0.08154317024361102,0.009071750709754267,1.3618,1.5277,electronics,jaipur,0,0,none,normal
M0005,136,85,215210.26,2531.89,0.0700079083735829,0.009162131658908772,1.3084,1.4813,electronics,jaipur,0,0,none,normal
M0005,137,85,204382.33,2404.5,0.08840797826892176,0.010043416239423404,1.2672,1.4207,electronics,jaipur,0,0,none,normal
M0005,138,83,197071.65,2374.36,0.08681112366576035,0.008583191791499675,1.3764,1.4865,electronics,jaipur,0,0,none,normal
M0005,139,85,194350.61,2286.48,0.08341049269774618,0.008727061691720422,1.3491,1.2961,electronics,jaipur,0,0,none,normal
M0005,140,77,191004.09,2480.57,0.059239519706100106,0.009472994649135083,1.1877,1.3581,electronics,jaipur,0,0,none,normal
M0005,141,83,193060.31,2326.03,0.07693248526001056,0.010520546598560866,1.298,1.7475,electronics,jaipur,0,0,none,normal
M0005,142,76,179907.11,2367.2,0.06630731923917985,0.008898688031902604,1.4257,1.3286,electronics,jaipur,0,0,none,normal
M0005,143,85,216330.73,2545.07,0.07099592772581853,0.008277762693034513,1.2139,1.1681,electronics,jaipur,0,0,none,normal
M0005,144,91,211929.96,2328.9,0.0846949377024652,0.01152321344227387,1.2691,1.3901,electronics,jaipur,0,0,none,normal
M0005,145,92,237647.01,2583.12,0.0896184030694542,0.00868641406139735,1.3743,1.114,electronics,jaipur,0,0,none,normal
M0005,146,87,211664.06,2432.92,0.07977510976750056,0.006063187643841416,1.2141,1.4101,electronics,jaipur,0,0,none,normal
M0005,147,91,210265.83,2310.61,0.07887551072102036,0.009630766340728684,1.2356,1.3951,electronics,jaipur,0,0,none,normal
M0005,148,96,223235.11,2325.37,0.05565715750818253,0.009325318078537946,1.2277,1.4603,electronics,jaipur,0,0,none,normal
M0005,149,83,215233.92,2593.18,0.0736617462584155,0.011198593030070854,1.2823,1.5355,electronics,jaipur,0,0,none,normal
M0005,150,84,199208.99,2371.54,0.08199324570264226,0.008930446635331707,1.2498,1.5229,electronics,jaipur,0,0,none,normal
M0005,151,85,224817.35,2644.91,0.08769830174449735,0.009423925823651922,1.1269,1.3933,electronics,jaipur,0,0,none,normal
M0005,152,84,196758.13,2342.36,0.07696466008391178,0.007856775208626994,1.229,1.3037,electronics,jaipur,0,0,none,normal
M0005,153,84,213750.64,2544.65,0.07823004309942067,0.009891272949148303,1.2395,1.3468,electronics,jaipur,0,0,none,normal
M0005,154,87,200676.51,2306.63,0.0809000186168557,0.007832375609846759,1.2252,1.3711,electronics,jaipur,0,0,none,normal
M0005,155,93,204062.39,2194.22,0.04831329388056838,0.011918717878326846,1.347,1.457,electronics,jaipur,0,0,none,normal
M0005,156,83,220706.8,2659.12,0.08027845883226734,0.00842629808177045,1.3745,1.346,electronics,jaipur,0,0,none,normal
M0005,157,89,250792.04,2817.89,0.07549645403853704,0.010606075794288313,1.1829,1.4112,electronics,jaipur,0,0,none,normal
M0005,158,88,208032.21,2364.0,0.08752364825422076,0.008707910033986029,1.4244,1.1122,electronics,jaipur,0,0,none,normal
M0005,159,84,181273.46,2158.02,0.08412255800327122,0.0098690683058377,1.0849,1.3849,electronics,jaipur,0,0,none,normal
M0005,160,82,204143.04,2489.55,0.0795954146589158,0.00880470451531293,1.3651,1.3078,electronics,jaipur,0,0,none,normal
M0005,161,83,194114.98,2338.73,0.06963162209527846,0.0091131149733743,1.2204,1.4458,electronics,jaipur,0,0,none,normal
M0005,162,93,214000.08,2301.08,0.06318400328416864,0.007450123384476504,1.259,1.5013,electronics,jaipur,0,0,none,normal
M0005,163,86,203716.8,2368.8,0.06299907563333086,0.009208357819600797,1.4092,1.3698,electronics,jaipur,0,0,none,normal
M0005,164,87,235323.8,2704.87,0.058755412418919864,0.008064300872022244,1.4091,1.353,electronics,jaipur,0,0,none,normal
M0005,165,82,195738.05,2387.05,0.08259425829774646,0.009445713239669973,1.2997,1.6123,electronics,jaipur,0,0,none,normal
M0005,166,81,178564.76,2204.5,0.08430073852502293,0.009586447210797147,1.4409,1.5311,electronics,jaipur,0,0,none,normal
M0005,167,76,196144.95,2580.85,0.0873271711975757,0.008936733397170002,1.0957,1.0358,electronics,jaipur,0,0,none,normal
M0005,168,85,210798.35,2479.98,0.08325784854775557,0.00995217214851384,1.2072,1.4242,electronics,jaipur,0,0,none,normal
M0005,169,90,204635.59,2273.73,0.08654027150025628,0.0088267196732741,1.2577,1.0769,electronics,jaipur,0,0,none,normal
M0005,170,97,226940.25,2339.59,0.07192535461401274,0.008514468673408509,1.5984,1.4569,electronics,jaipur,0,0,none,normal
M0005,171,80,199495.83,2493.7,0.0792636444331994,0.007436255023789874,1.2078,1.3948,electronics,jaipur,0,0,none,normal
M0005,172,88,206180.65,2342.96,0.09039407907920484,0.008922889081828934,1.3753,1.2566,electronics,jaipur,0,0,none,normal
M0005,173,84,209472.79,2493.72,0.08632018073398821,0.007390381176284543,1.1422,1.367,electronics,jaipur,0,0,none,normal
M0005,174,85,191805.58,2256.54,0.08156925258246761,0.007746177985029397,1.3392,1.3948,electronics,jaipur,0,0,none,normal
M0005,175,77,173440.06,2252.47,0.08386420168783217,0.00851771927871644,1.344,1.4105,electronics,jaipur,0,0,none,normal
M0005,176,73,173573.9,2377.72,0.08637341803959842,0.007969934096898225,1.4768,1.414,electronics,jaipur,0,0,none,normal
M0005,177,83,227996.99,2746.95,0.07958395411120925,0.009562459535379726,1.0623,1.3977,electronics,jaipur,0,0,none,normal
M0005,178,86,188600.04,2193.02,0.057715919735711205,0.007470418836067255,1.2304,1.4946,electronics,jaipur,0,0,none,normal
M0005,179,87,193013.14,2218.54,0.07139641212483866,0.007770042321727837,1.2864,1.272,electronics,jaipur,0,0,none,normal
M0005,180,79,185013.52,2341.94,0.08054230073337715,0.009533981204354496,1.3239,1.4613,electronics,jaipur,0,0,none,normal
M0005,181,80,192016.94,2400.21,0.062147071020122346,0.007857903952257175,1.2621,1.3848,electronics,jaipur,0,0,none,normal
M0005,182,82,212209.52,2587.92,0.06958089582676671,0.008328789541690121,1.3789,1.2771,electronics,jaipur,0,0,none,normal
M0005,183,66,146253.53,2215.96,0.08379097926389169,0.009896000448108889,1.4155,1.5011,electronics,jaipur,0,0,none,normal
M0005,184,86,216842.53,2521.42,0.06447881851421665,0.007866481604644931,1.2894,1.33,electronics,jaipur,0,0,none,normal
M0005,185,78,207146.05,2655.72,0.06507765138780441,0.007956350153727105,1.4082,1.0355,electronics,jaipur,0,0,none,normal
M0005,186,99,219948.49,2221.7,0.06949809759967658,0.01032940949470489,1.2842,1.3183,electronics,jaipur,0,0,none,normal
M0005,187,87,198327.16,2279.62,0.08678783456815355,0.006428933980534934,1.1824,1.4053,electronics,jaipur,0,0,none,normal
M0005,188,90,198634.3,2207.05,0.08143836272297868,0.008845686822475085,1.3812,1.1153,electronics,jaipur,0,0,none,normal
M0005,189,85,212157.28,2495.97,0.07223481078503372,0.009768037836486061,1.2651,1.2804,electronics,jaipur,0,0,none,normal
M0005,190,82,195258.19,2381.2,0.06589941784977701,0.007162073126203516,1.4902,1.4538,electronics,jaipur,0,0,none,normal
M0005,191,92,214377.3,2330.19,0.09137839199367818,0.008621070211350664,1.2169,1.5175,electronics,jaipur,0,0,none,normal
M0005,192,88,208072.63,2364.46,0.07593535972590816,0.007759043948651922,1.4369,1.5479,electronics,jaipur,0,0,none,normal
M0005,193,92,214060.69,2326.75,0.06286991199523549,0.008053368348798922,1.3139,1.6629,electronics,jaipur,0,0,none,normal
M0005,194,75,189990.73,2533.21,0.0704292363803306,0.006586225353654472,1.3479,1.2832,electronics,jaipur,0,0,none,normal
M0005,195,78,191668.32,2457.29,0.07636449863294396,0.009972571597058371,1.3068,1.4,electronics,jaipur,0,0,none,normal
M0005,196,89,221897.71,2493.23,0.07540454206082663,0.008894187714881121,1.5622,1.2885,electronics,jaipur,0,0,none,normal
M0005,197,80,190137.22,2376.72,0.08985086437460678,0.008626767887080347,1.3781,1.3347,electronics,jaipur,0,0,none,normal
M0005,198,80,201550.48,2519.38,0.08209344968606168,0.011120390955083792,1.0572,1.2747,electronics,jaipur,0,0,none,normal
M0005,199,77,176585.58,2293.32,0.0749061497916027,0.009006659373493599,1.3837,1.5435,electronics,jaipur,0,0,none,normal
M0005,200,85,206135.46,2425.12,0.10090389708048991,0.008454586727730173,1.4761,1.3422,electronics,jaipur,0,0,none,normal
M0005,201,83,205968.86,2481.55,0.07486950634850867,0.011478557435569508,1.3498,1.3271,electronics,jaipur,0,0,none,normal
M0005,202,81,179991.49,2222.12,0.06966156593891172,0.010108485927220412,1.2748,1.3558,electronics,jaipur,0,0,none,normal
M0005,203,89,211128.51,2372.23,0.08118538045655987,0.008926327416998373,1.5892,1.3633,electronics,jaipur,0,0,none,normal
M0005,204,65,144061.56,2216.33,0.07343070898896036,0.008854031856882426,1.3207,1.4109,electronics,jaipur,0,0,none,normal
M0005,205,88,209161.91,2376.84,0.07122515974521286,0.009230023494672763,1.3242,1.4126,electronics,jaipur,0,0,none,normal
M0005,206,92,220097.28,2392.36,0.0725229805410521,0.00899773481832242,1.4431,1.1994,electronics,jaipur,0,0,none,normal
M0005,207,91,195106.0,2144.02,0.09127778343208938,0.007283128411810836,1.4387,1.4211,electronics,jaipur,0,0,none,normal
M0005,208,79,197480.14,2499.75,0.08746062855392638,0.006002643644813831,1.0843,1.2366,electronics,jaipur,0,0,none,normal
M0005,209,77,172568.99,2241.16,0.08586986565682406,0.009202182615881972,1.1957,1.1328,electronics,jaipur,0,0,none,normal
M0005,210,86,194173.57,2257.83,0.06439026016100922,0.007326076628064155,1.3373,1.1859,electronics,jaipur,0,0,none,normal
M0005,211,93,228585.59,2457.91,0.08378645203322303,0.007616746465273632,1.0803,1.3425,electronics,jaipur,0,0,none,normal
M0005,212,86,200860.71,2335.59,0.09414482019424335,0.009416137866759773,1.4854,1.4424,electronics,jaipur,0,0,none,normal
M0005,213,94,229232.16,2438.64,0.07957698426582974,0.010066405900310061,1.3697,1.5212,electronics,jaipur,0,0,none,normal
M0005,214,70,172847.06,2469.24,0.06895904571675132,0.009179827198777735,1.2339,1.4646,electronics,jaipur,0,0,none,normal
M0005,215,96,226916.94,2363.72,0.08510039159951616,0.008967225814681533,1.4425,1.5596,electronics,jaipur,0,0,none,normal
M0005,216,89,220325.34,2475.57,0.07066096794834936,0.008141704875210206,1.4296,1.4968,electronics,jaipur,0,0,none,normal
M0005,217,72,172590.03,2397.08,0.07710694785567916,0.008615167094198172,1.1845,1.3558,electronics,jaipur,0,0,none,normal
M0005,218,82,192978.03,2353.39,0.0744112610161959,0.0072429651889013985,1.3448,1.6734,electronics,jaipur,0,0,none,normal
M0005,219,94,215656.85,2294.22,0.09130367559353446,0.0112023177422389,1.2961,1.4046,electronics,jaipur,0,0,none,normal
M0005,220,86,209715.67,2438.55,0.06848488821813122,0.00927957756627355,1.4682,1.2071,electronics,jaipur,0,0,none,normal
M0005,221,76,179347.03,2359.83,0.06430248766003212,0.008131249121842614,1.0654,1.1208,electronics,jaipur,0,0,none,normal
M0005,222,84,225177.92,2680.69,0.08932711085065946,0.0065654178192513365,1.5098,1.3942,electronics,jaipur,0,0,none,normal
M0005,223,82,186620.86,2275.86,0.09518756505385338,0.007561820677591306,1.3834,1.3852,electronics,jaipur,0,0,none,normal
M0005,224,79,185957.0,2353.89,0.08926109198492328,0.008579949268227745,1.2927,1.3957,electronics,jaipur,0,0,none,normal
M0005,225,81,180317.91,2226.15,0.08352826108064997,0.009085227036456155,1.3689,1.5363,electronics,jaipur,0,0,none,normal
M0005,226,83,195577.63,2356.36,0.10673365919762862,0.008073335561798334,1.3246,1.4813,electronics,jaipur,0,0,none,normal
M0005,227,72,187738.6,2607.48,0.07347305791637841,0.009625688550843713,1.3526,1.4555,electronics,jaipur,0,0,none,normal
M0005,228,92,212661.35,2311.54,0.07711420793428354,0.009520756661403468,1.1826,1.3858,electronics,jaipur,0,0,none,normal
M0005,229,87,202728.25,2330.21,0.08824779021140076,0.008742900342286114,1.1695,1.106,electronics,jaipur,0,0,none,normal
M0005,230,81,185339.77,2288.15,0.06919156497600946,0.008349968486124374,1.2762,1.4986,electronics,jaipur,0,0,none,normal
M0005,231,91,238265.59,2618.3,0.07499347218146835,0.00932950328485289,1.2082,1.3096,electronics,jaipur,0,0,none,normal
M0005,232,75,185443.94,2472.59,0.0783600213138089,0.008577720417331892,1.2487,1.2085,electronics,jaipur,0,0,none,normal
M0005,233,81,206982.55,2555.34,0.08544857370636758,0.008097594320832586,1.2856,1.6636,electronics,jaipur,0,0,none,normal
M0005,234,82,206265.44,2515.43,0.07857738793221643,0.008701313282632458,1.1848,1.2635,electronics,jaipur,0,0,none,normal
M0005,235,80,196469.21,2455.87,0.07479607959986066,0.009783286763120116,1.2422,1.0672,electronics,jaipur,0,0,none,normal
M0005,236,84,197741.18,2354.06,0.08311700325919646,0.009353314698764612,1.27,1.315,electronics,jaipur,0,0,none,normal
M0005,237,90,205794.14,2286.6,0.07307844033022232,0.010695436864164963,1.2541,1.2771,electronics,jaipur,0,0,none,normal
M0005,238,84,220093.92,2620.17,0.07964821393695455,0.008638649158523816,1.092,1.5928,electronics,jaipur,0,0,none,normal
M0005,239,87,203436.35,2338.35,0.07972183298564786,0.0077060656561531195,1.279,1.2647,electronics,jaipur,0,0,none,normal
M0006,0,105,208944.46,1989.95,0.013023916449147637,0.003392468122984287,1.3868,1.5578,beauty,delhi,0,0,none,normal
M0006,1,100,238054.8,2380.55,0.01038588504009121,0.0026573219690973152,1.1268,1.4168,beauty,delhi,0,0,none,normal
M0006,2,110,252415.68,2294.69,0.013663898746635747,0.0021436557815779074,1.2512,1.1573,beauty,delhi,0,0,none,normal
M0006,3,116,247253.98,2131.5,0.011560651004663481,0.0027837711287533123,1.3449,1.4587,beauty,delhi,0,0,none,normal
M0006,4,107,226278.57,2114.75,0.01234913240935181,0.002352672446971677,1.2919,1.3753,beauty,delhi,0,0,none,normal
M0006,5,103,212147.09,2059.68,0.013907791977560511,0.0022428269120826176,1.2051,1.402,beauty,delhi,0,0,none,normal
M0006,6,105,201143.57,1915.65,0.012463304244747318,0.0025173088025504725,1.17,1.3448,beauty,delhi,0,0,none,normal
M0006,7,98,215364.21,2197.59,0.013166749448738389,0.00310374087153728,1.3073,1.2026,beauty,delhi,0,0,none,normal
M0006,8,116,261314.56,2252.71,0.014676812870465681,0.002066466551307988,1.2723,1.2467,beauty,delhi,0,0,none,normal
M0006,9,106,243318.06,2295.45,0.013130304944009205,0.002889591226802901,1.5216,1.1632,beauty,delhi,0,0,none,normal
M0006,10,107,237490.24,2219.53,0.01587928065443679,0.0020536715039490647,1.1078,1.2399,beauty,delhi,0,0,none,normal
M0006,11,91,196947.95,2164.26,0.014619726335239887,0.002436579067756633,1.318,1.5402,beauty,delhi,0,0,none,normal
M0006,12,117,249169.24,2129.65,0.012837542343075641,0.0029482139858207222,1.1721,1.2979,beauty,delhi,0,0,none,normal
M0006,13,92,197660.62,2148.48,0.014274777460930017,0.002645300019051637,1.3319,1.0205,beauty,delhi,0,0,none,normal
M0006,14,98,205879.89,2100.82,0.012683544070583353,0.00210149849089678,1.3771,1.3746,beauty,delhi,0,0,none,normal
M0006,15,102,223039.15,2186.66,0.01465449697547945,0.002047388747217556,1.4262,1.2566,beauty,delhi,0,0,none,normal
M0006,16,105,234013.04,2228.7,0.014310123150592205,0.002617241112641394,1.4167,1.0278,beauty,delhi,0,0,none,normal
M0006,17,107,231789.21,2166.25,0.01377497196348854,0.0020676803623178547,1.3085,1.4564,beauty,delhi,0,0,none,normal
M0006,18,100,189945.01,1899.45,0.011824075039362612,0.0025178839014619193,1.2685,1.2775,beauty,delhi,0,0,none,normal
M0006,19,102,218291.33,2140.11,0.012970091905303498,0.002321747642296353,1.3172,1.2152,beauty,delhi,0,0,none,normal
M0006,20,79,168698.78,2135.43,0.01423365435413891,0.0027298805623562953,1.4509,1.5652,beauty,delhi,0,0,none,normal
M0006,21,100,226715.26,2267.15,0.012426403299564797,0.0019305635329532457,1.2715,1.376,beauty,delhi,0,0,none,normal
M0006,22,113,234563.69,2075.78,0.012169561792817238,0.0027702813023837195,1.2732,1.4357,beauty,delhi,0,0,none,normal
M0006,23,100,245550.33,2455.5,0.014044677917481891,0.0022517463510987237,1.2877,1.2641,beauty,delhi,0,0,none,normal
M0006,24,100,203488.19,2034.88,0.012995608953125268,0.002520282784778135,1.1284,1.3018,beauty,delhi,0,0,none,normal
M0006,25,102,195804.56,1919.65,0.012852199329272583,0.0017277812954832029,0.9215,1.3424,beauty,delhi,0,0,none,normal
M0006,26,99,224938.19,2272.1,0.011651300085274983,0.0022703231561803654,1.2968,1.4428,beauty,delhi,0,0,none,normal
M0006,27,96,200687.85,2090.5,0.008122186559265455,0.0021181298424556914,1.4634,1.4171,beauty,delhi,0,0,none,normal
M0006,28,101,222791.04,2205.85,0.011655531923612612,0.0025695703354399685,1.3251,1.5368,beauty,delhi,0,0,none,normal
M0006,29,108,221700.12,2052.78,0.013628426910448811,0.0024570143704478065,1.3165,1.4628,beauty,delhi,0,0,none,normal
M0006,30,119,266307.53,2237.88,0.012713266782184561,0.002275513459867715,1.3055,1.2304,beauty,delhi,0,0,none,normal
M0006,31,98,211548.9,2158.66,0.014041286578354961,0.002054238813307806,1.4309,1.3199,beauty,delhi,0,0,none,normal
M0006,32,105,232312.05,2212.5,0.01403902877877697,0.0030171967238159596,1.354,1.2154,beauty,delhi,0,0,none,normal
M0006,33,118,243128.04,2060.41,0.011715590888508445,0.0021186026325175945,1.4669,1.4038,beauty,delhi,0,0,none,normal
M0006,34,122,275126.84,2255.14,0.01556625702977301,0.002402371308342777,1.369,1.3105,beauty,delhi,0,0,none,normal
M0006,35,106,233313.84,2201.07,0.014002386550569786,0.0020793697030076657,1.1654,1.3907,beauty,delhi,0,0,none,normal
M0006,36,109,219587.21,2014.56,0.012659034482871147,0.0019405592858685692,1.3082,1.3517,beauty,delhi,0,0,none,normal
M0006,37,96,194822.46,2029.4,0.013349703691866627,0.0020559051495036298,1.2315,1.2405,beauty,delhi,0,0,none,normal
M0006,38,91,189049.14,2077.46,0.014645219401301625,0.0020252103292248483,1.1796,1.3734,beauty,delhi,0,0,none,normal
M0006,39,109,242724.69,2226.83,0.013769548003048849,0.0019730695259302707,1.3657,1.4171,beauty,delhi,0,0,none,normal
M0006,40,109,237423.34,2178.2,0.012759710740559043,0.002756290695577498,1.418,1.5332,beauty,delhi,0,0,none,normal
M0006,41,97,202737.03,2090.07,0.013005098734529014,0.002530027542654549,1.4081,1.3013,beauty,delhi,0,0,none,normal
M0006,42,101,198069.59,1961.09,0.011587089478542102,0.00242148419784721,1.2304,1.1933,beauty,delhi,0,0,none,normal
M0006,43,109,243554.15,2234.44,0.015656901434437785,0.002631706703436536,1.4312,1.2963,beauty,delhi,0,0,none,normal
M0006,44,98,200354.22,2044.43,0.011011273038920943,0.0015884958615016806,1.3636,1.3466,beauty,delhi,0,0,none,normal
M0006,45,104,225494.18,2168.21,0.011312866649053788,0.0020829129926861283,1.3819,1.3372,beauty,delhi,0,0,none,normal
M0006,46,93,199617.52,2146.42,0.010548060542835731,0.0022831503270734346,1.1673,1.3386,beauty,delhi,0,0,none,normal
M0006,47,112,249158.19,2224.63,0.012787667558911963,0.0021294149121334365,1.215,1.3255,beauty,delhi,0,0,none,normal
M0006,48,101,226624.22,2243.8,0.013968758179299658,0.0023589868600975747,1.274,1.4734,beauty,delhi,0,0,none,normal
M0006,49,95,204404.06,2151.62,0.010209907754516042,0.0025228549387137835,1.1871,1.32,beauty,delhi,0,0,none,normal
M0006,50,107,233620.46,2183.37,0.012416106922217804,0.002663840132870682,1.1385,1.2366,beauty,delhi,0,0,none,normal
M0006,51,97,237474.82,2448.19,0.013733290956583098,0.0016269724214872828,1.36,1.3854,beauty,delhi,0,0,none,normal
M0006,52,105,238344.58,2269.95,0.015625290020097715,0.0025231054019464036,1.2115,1.4074,beauty,delhi,0,0,none,normal
M0006,53,103,208580.55,2025.05,0.013279371444567034,0.002304852133028164,1.4746,1.4544,beauty,delhi,0,0,none,normal
M0006,54,97,194686.0,2007.07,0.013251029766769609,0.002538601846626323,1.4096,1.3296,beauty,delhi,0,0,none,normal
M0006,55,111,241571.32,2176.32,0.017431845319259717,0.0028993804321225604,1.1974,1.6267,beauty,delhi,0,0,none,normal
M0006,56,111,219972.46,1981.73,0.012085917136007283,0.0026142399271726078,1.4804,1.3529,beauty,delhi,0,0,none,normal
M0006,57,106,223223.08,2105.88,0.012587840514662845,0.0027812724953466617,1.2791,1.2367,beauty,delhi,0,0,none,normal
M0006,58,105,198979.08,1895.04,0.011641855415578125,0.0026303751854872565,1.2075,1.4598,beauty,delhi,0,0,none,normal
M0006,59,97,219308.1,2260.91,0.013709756631302975,0.0029287278676059726,1.4486,1.3374,beauty,delhi,0,0,none,normal
M0006,60,118,270026.84,2288.36,0.014288361405441919,0.002520615442134141,1.1695,1.1501,beauty,delhi,0,0,none,normal
M0006,61,117,239340.97,2045.65,0.013691434621437806,0.0027860002633030945,1.1441,1.428,beauty,delhi,0,0,none,normal
M0006,62,89,198243.88,2227.46,0.012137865672468327,0.002266667089228018,1.4054,1.4614,beauty,delhi,0,0,none,normal
M0006,63,108,221692.47,2052.71,0.015520429426889953,0.0026283080100057586,1.3488,1.4831,beauty,delhi,0,0,none,normal
M0006,64,119,237631.11,1996.9,0.015191960186162734,0.0028815265223298752,1.3562,1.4945,beauty,delhi,0,0,none,normal
M0006,65,104,224224.41,2156.0,0.012840313723769481,0.0015417843451004623,0.8604,1.3992,beauty,delhi,0,0,none,normal
M0006,66,107,216571.56,2024.03,0.014376408580756605,0.002681558900367197,1.4277,1.4715,beauty,delhi,0,0,none,normal
M0006,67,98,206916.23,2111.39,0.016033478278490984,0.002288752159758548,1.5393,0.9636,beauty,delhi,0,0,none,normal
M0006,68,106,226946.4,2141.0,0.016156474096893823,0.002107978541568866,1.1956,1.4267,beauty,delhi,0,0,none,normal
M0006,69,95,195890.92,2062.01,0.013673346213843349,0.0024660119502814327,1.2224,1.2027,beauty,delhi,0,0,none,normal
M0006,70,110,242077.79,2200.71,0.011760931235667968,0.0020543348254193246,1.3108,1.4117,beauty,delhi,0,0,none,normal
M0006,71,104,204527.23,1966.61,0.012613925601182121,0.0029639395612064173,0.9233,1.2935,beauty,delhi,0,0,none,normal
M0006,72,98,195630.47,1996.23,0.01132476447218636,0.0029897440808809893,1.5042,1.5067,beauty,delhi,0,0,none,normal
M0006,73,110,241980.87,2199.83,0.012016930027395217,0.002052120888909366,1.3664,1.3039,beauty,delhi,0,0,none,normal
M0006,74,120,242190.68,2018.26,0.014625155615694246,0.002682440429399982,1.4769,1.3106,beauty,delhi,0,0,none,normal
M0006,75,95,207530.63,2184.53,0.01615485039323448,0.00231231260779742,1.3803,1.4285,beauty,delhi,0,0,none,normal
M0006,76,111,244511.86,2202.81,0.013119762596234302,0.0020136872223743565,1.3375,1.2885,beauty,delhi,0,0,none,normal
M0006,77,110,246316.57,2239.24,0.011931826122396851,0.0020302474516749654,1.3972,1.5085,beauty,delhi,0,0,none,normal
M0006,78,105,256968.34,2447.32,0.013094626192601698,0.0023762176967604787,1.3377,1.5137,beauty,delhi,0,0,none,normal
M0006,79,94,209388.55,2227.54,0.012898368807092239,0.0022657233418988897,1.1438,1.4452,beauty,delhi,0,0,none,normal
M0006,80,106,249873.9,2357.3,0.013552693792357443,0.002636523085673685,1.2872,1.5753,beauty,delhi,0,0,none,normal
M0006,81,104,211150.62,2030.29,0.011968129337389884,0.0023198918301405853,1.3423,1.5128,beauty,delhi,0,0,none,normal
M0006,82,125,257199.33,2057.59,0.014427665853911897,0.0025002900474628323,1.3281,1.3274,beauty,delhi,0,0,none,normal
M0006,83,104,237456.19,2283.23,0.010362799056145146,0.002138258157082744,1.4528,1.4626,beauty,delhi,0,0,none,normal
M0006,84,100,209350.05,2093.5,0.015435360186379461,0.002140465701001111,1.4232,1.4176,beauty,delhi,0,0,none,normal
M0006,85,106,208044.46,1962.68,0.014320416041492671,0.0024163877001428056,1.4004,1.49,beauty,delhi,0,0,none,normal
M0006,86,103,205325.19,1993.45,0.013050346664387605,0.0025999852036789396,1.4495,1.4174,beauty,delhi,0,0,none,normal
M0006,87,92,221883.64,2411.78,0.01066519653822711,0.002478891506347288,1.104,1.4853,beauty,delhi,0,0,none,normal
M0006,88,106,238317.69,2248.28,0.011853517115849529,0.0028370486300323488,1.2426,1.2713,beauty,delhi,0,0,none,normal
M0006,89,109,229302.07,2103.69,0.013964450758257871,0.002784130066242895,1.2725,1.1296,beauty,delhi,0,0,none,normal
M0006,90,112,232519.45,2076.07,0.012862619560777689,0.0023016303700560442,1.3441,1.5498,beauty,delhi,0,0,none,normal
M0006,91,110,243134.83,2210.32,0.012558249272202266,0.0020094046985327826,1.297,1.3726,beauty,delhi,0,0,none,normal
M0006,92,110,232084.71,2109.86,0.011383638694846635,0.0019297721586356252,1.4286,1.1849,beauty,delhi,0,0,none,normal
M0006,93,119,227604.9,1912.65,0.0129166578131642,0.002506776207656466,1.4168,1.4768,beauty,delhi,0,0,none,normal
M0006,94,114,228392.17,2003.44,0.013643088700751961,0.0021587165946781173,1.2507,1.2216,beauty,delhi,0,0,none,normal
M0006,95,103,193692.76,1880.51,0.012561530934383048,0.0020866563311633594,1.2512,1.6009,beauty,delhi,0,0,none,normal
M0006,96,92,178633.62,1941.67,0.010840847207198112,0.001791559876665594,1.3207,1.2577,beauty,delhi,0,0,none,normal
M0006,97,103,224274.97,2177.43,0.01319067974066098,0.002146042065682908,1.4482,1.1797,beauty,delhi,0,0,none,normal
M0006,98,114,255047.59,2237.26,0.01470457951068428,0.0026954386288613984,1.3012,1.2522,beauty,delhi,0,0,none,normal
M0006,99,114,266579.13,2338.41,0.01004038996220757,0.0023414990477637404,1.217,1.5411,beauty,delhi,0,0,none,normal
M0006,100,107,223547.92,2089.23,0.011827258959261193,0.0028751908292798424,1.2264,1.3229,beauty,delhi,0,0,none,normal
M0006,101,98,211935.69,2162.61,0.013873015770539445,0.002276823877603923,1.4461,1.5664,beauty,delhi,0,0,none,normal
M0006,102,93,188297.22,2024.7,0.013677002984395174,0.00274202130732789,1.2504,1.4672,beauty,delhi,0,0,none,normal
M0006,103,118,273583.31,2318.5,0.013725904226924452,0.002218470581196773,1.2086,1.4376,beauty,delhi,0,0,none,normal
M0006,104,112,272378.12,2431.95,0.015295634164130094,0.002552567736236929,1.4453,1.4623,beauty,delhi,0,0,none,normal
M0006,105,106,235995.34,2226.37,0.013148094169325126,0.0023422879942579106,1.2528,1.29,beauty,delhi,0,0,none,normal
M0006,106,98,222019.05,2265.5,0.012853990715616001,0.0023260631137445864,1.2758,1.1658,beauty,delhi,0,0,none,normal
M0006,107,104,225140.45,2164.81,0.01172257057355934,0.0015077626793217696,1.2486,1.4031,beauty,delhi,0,0,none,normal
M0006,108,97,202527.3,2087.91,0.012894505941086366,0.0023881330076753566,1.5285,1.3847,beauty,delhi,0,0,none,normal
M0006,109,115,250565.1,2178.83,0.014443523334129493,0.00216447388781677,1.3198,1.4659,beauty,delhi,0,0,none,normal
M0006,110,100,179013.66,1790.14,0.012117033151531988,0.00244767023822719,1.3056,1.2554,beauty,delhi,0,0,none,normal
M0006,111,112,230234.59,2055.67,0.01511117920323207,0.003012219173227217,1.3843,1.4744,beauty,delhi,0,0,none,normal
M0006,112,94,216263.89,2300.68,0.011288370261484718,0.0025466030149989263,1.3536,1.4905,beauty,delhi,0,0,none,normal
M0006,113,113,259809.4,2299.2,0.01369481447327025,0.002563813352375399,1.2086,1.4286,beauty,delhi,0,0,none,normal
M0006,114,107,214938.56,2008.77,0.012669420751597564,0.0023461778018761424,1.4315,1.4769,beauty,delhi,0,0,none,normal
M0006,115,107,241008.34,2252.41,0.01083862919312974,0.002377504944412402,1.3352,1.4301,beauty,delhi,0,0,none,normal
M0006,116,109,230257.79,2112.46,0.011665172709388268,0.0023975661848713112,1.3548,1.2908,beauty,delhi,0,0,none,normal
M0006,117,107,243945.77,2279.87,0.011312422294106738,0.0022978245205564174,1.1885,1.5005,beauty,delhi,0,0,none,normal
M0006,118,103,245232.8,2380.9,0.015983563478108403,0.002665905830906919,1.3558,1.5874,beauty,delhi,0,0,none,normal
M0006,119,118,239151.03,2026.7,0.010446520227451041,0.0025908333770867406,1.0637,1.3271,beauty,delhi,0,0,none,normal
M0006,120,107,230420.45,2153.46,0.013990183502844313,0.0022286655973850046,1.1828,1.5909,beauty,delhi,0,0,none,normal
M0006,121,97,181576.61,1871.92,0.011720236201922434,0.0020135634817594126,1.2728,1.6235,beauty,delhi,0,0,none,normal
M0006,122,109,260938.1,2393.93,0.014244777193502247,0.002597622212508107,1.2879,1.4422,beauty,delhi,0,0,none,normal
M0006,123,118,280344.13,2375.8,0.010959859876099152,0.0023316298548356584,1.2772,1.2871,beauty,delhi,0,0,none,normal
M0006,124,91,189294.9,2080.16,0.014183543377346817,0.0022401200983971203,1.3052,1.4109,beauty,delhi,0,0,none,normal
M0006,125,105,240164.82,2287.28,0.01528039723706859,0.0023124303417223217,1.4148,1.399,beauty,delhi,0,0,none,normal
M0006,126,105,235652.79,2244.31,0.014200508701804256,0.0025749074802583387,1.3611,1.2706,beauty,delhi,0,0,none,normal
M0006,127,107,209684.93,1959.67,0.013621076131018746,0.0020491252651174377,1.3181,1.2451,beauty,delhi,0,0,none,normal
M0006,128,95,196378.42,2067.14,0.012713684525628053,0.002420554109266469,1.4208,1.4583,beauty,delhi,0,0,none,normal
M0006,129,110,231972.2,2108.84,0.01371547301003446,0.0022341294198598574,1.4037,1.2213,beauty,delhi,0,0,none,normal
M0006,130,88,165491.38,1880.58,0.01220418297549553,0.002503466846485936,1.3683,1.4319,beauty,delhi,0,0,none,normal
M0006,131,97,188771.16,1946.09,0.010604888797459076,0.0020861524424050128,1.2527,1.3362,beauty,delhi,0,0,none,normal
M0006,132,97,205533.17,2118.9,0.015383360364852255,0.0025741025929366776,1.3652,1.3626,beauty,delhi,0,0,none,normal
M0006,133,105,213911.36,2037.25,0.012051570592656236,0.002597050611802481,1.3189,1.4778,beauty,delhi,0,0,none,normal
M0006,134,100,241254.72,2412.55,0.013264438069791511,0.0026205643428096606,1.3296,1.1526,beauty,delhi,0,0,none,normal
M0006,135,96,196435.77,2046.21,0.014212619380607371,0.0023820442887429053,1.2286,1.263,beauty,delhi,0,0,none,normal
M0006,136,104,220903.0,2124.07,0.013271785235438423,0.0030231646081202218,1.3087,1.4553,beauty,delhi,0,0,none,normal
M0006,137,106,216267.48,2040.26,0.015409300234847548,0.002277478803319593,1.3328,1.3802,beauty,delhi,0,0,none,normal
M0006,138,107,250265.34,2338.93,0.01462473093929377,0.0022162874435567707,1.2127,1.5392,beauty,delhi,0,0,none,normal
M0006,139,106,243919.03,2301.12,0.010188709304920787,0.0028291277820061632,1.3373,1.2736,beauty,delhi,0,0,none,normal
M0006,140,100,233746.73,2337.47,0.015810639317775512,0.002224886995026383,1.2145,1.4589,beauty,delhi,0,0,none,normal
M0006,141,96,216319.95,2253.33,0.012469619923116548,0.001948456321792143,1.3786,1.2658,beauty,delhi,0,0,none,normal
M0006,142,95,211711.44,2228.54,0.012067489874515282,0.00287290430857503,1.3876,1.5244,beauty,delhi,0,0,none,normal
M0006,143,105,241114.08,2296.32,0.013806805263830711,0.0028881823069107537,1.3435,1.4793,beauty,delhi,0,0,none,normal
M0006,144,102,208093.03,2040.13,0.012841806472700388,0.0023584371735629116,1.3159,1.3826,beauty,delhi,0,0,none,normal
M0006,145,98,207533.82,2117.69,0.012396336782571718,0.002731520560600281,1.237,1.4008,beauty,delhi,0,0,none,normal
M0006,146,112,230527.87,2058.28,0.012852785903078704,0.0027875814872753905,1.2986,1.485,beauty,delhi,0,0,none,normal
M0006,147,117,252530.98,2158.38,0.013808893454460961,0.0022529616005397086,1.4256,1.4107,beauty,delhi,0,0,none,normal
M0006,148,104,243145.44,2337.94,0.014810650138791749,0.0027621594512663916,1.3475,1.3325,beauty,delhi,0,0,none,normal
M0006,149,109,223384.15,2049.4,0.013115789134889123,0.002229656342066191,1.1722,1.4372,beauty,delhi,0,0,none,normal
M0006,150,95,209964.98,2210.16,0.012793266854556413,0.0028110303714580856,1.2304,1.2061,beauty,delhi,0,0,none,normal
M0006,151,104,234054.52,2250.52,0.015607707970061342,0.0026792030837148187,1.2527,1.4026,beauty,delhi,0,0,none,normal
M0006,152,104,239972.92,2307.43,0.013789418476915376,0.0024384855841361607,1.3134,1.3028,beauty,delhi,0,0,none,normal
M0006,153,101,209565.52,2074.91,0.011600941392278562,0.002401193808874421,1.4309,1.5425,beauty,delhi,0,0,none,normal
M0006,154,103,245212.83,2380.71,0.011689856168433179,0.002747095367026789,1.4493,1.6332,beauty,delhi,0,0,none,normal
M0006,155,94,200018.85,2127.86,0.014146993636956798,0.0030630720376090713,1.1397,1.3897,beauty,delhi,0,0,none,normal
M0006,156,117,259890.95,2221.29,0.014355183171474705,0.0018718479888218415,1.3455,1.4371,beauty,delhi,0,0,none,normal
M0006,157,95,204472.27,2152.34,0.012929834400103863,0.003027609765600107,1.3157,1.4319,beauty,delhi,0,0,none,normal
M0006,158,81,143717.6,1774.29,0.01265166768273766,0.0023398177405748134,1.2469,1.25,beauty,delhi,0,0,none,normal
M0006,159,104,228872.88,2200.7,0.013782060354107915,0.0018591270852295553,1.2065,1.4084,beauty,delhi,0,0,none,normal
M0006,160,97,222221.68,2290.95,0.01378808065826167,0.003030658464540055,1.4094,1.4294,beauty,delhi,0,0,none,normal
M0006,161,103,225317.59,2187.55,0.012429925011050556,0.002175599319432758,1.427,1.4,beauty,delhi,0,0,none,normal
M0006,162,104,214380.95,2061.36,0.010908025123243773,0.002795085520069724,1.4231,1.3317,beauty,delhi,0,0,none,normal
M0006,163,95,180370.43,1898.64,0.013460076480751022,0.0020450464839320013,1.3403,1.0044,beauty,delhi,0,0,none,normal
M0006,164,99,211211.34,2133.45,0.009058734220870515,0.0022829653217859964,1.3892,1.3983,beauty,delhi,0,0,none,normal
M0006,165,111,256068.09,2306.92,0.009632989255077077,0.0026945679495567094,1.4627,1.186,beauty,delhi,0,0,none,normal
M0006,166,109,241471.62,2215.34,0.013168590954705664,0.0025523737644943113,1.242,1.5559,beauty,delhi,0,0,none,normal
M0006,167,101,216626.0,2144.81,0.010930605095826607,0.001935037459181535,1.402,1.1803,beauty,delhi,0,0,none,normal
M0006,168,92,197131.01,2142.73,0.012114355804178004,0.0028585441439499654,1.1919,1.3296,beauty,delhi,0,0,none,normal
M0006,169,104,238471.33,2292.99,0.01103164510289718,0.0026885848296499698,1.3791,1.4967,beauty,delhi,0,0,none,normal
M0006,170,113,208173.44,1842.24,0.013782859379456842,0.0021820675089970734,1.2904,1.2517,beauty,delhi,0,0,none,normal
M0006,171,97,178903.43,1844.37,0.014841423368762938,0.001790583024904868,1.2635,1.1355,beauty,delhi,0,0,none,normal
M0006,172,101,210334.3,2082.52,0.013078464550557313,0.0018159700020156087,1.2018,1.4238,beauty,delhi,0,0,none,normal
M0006,173,102,203905.45,1999.07,0.010080021825163316,0.0024249524793606594,1.3879,1.3295,beauty,delhi,0,0,none,normal
M0006,174,106,223323.87,2106.83,0.01468993085140164,0.0021362464169685158,1.2499,1.2596,beauty,delhi,0,0,none,normal
M0006,175,107,202991.03,1897.11,0.013591604192631813,0.0024017592310786456,1.2994,1.4463,beauty,delhi,0,0,none,normal
M0006,176,103,207967.6,2019.1,0.0147863108730841,0.0023755297027287926,1.2051,1.1802,beauty,delhi,0,0,none,normal
M0006,177,105,207902.72,1980.03,0.011773534058496155,0.0024533292494635255,1.278,1.4187,beauty,delhi,0,0,none,normal
M0006,178,100,208891.14,2088.91,0.012954886042697821,0.0024907376196415397,1.308,1.3157,beauty,delhi,0,0,none,normal
M0006,179,107,230443.6,2153.68,0.013166708900856961,0.0022662101766343,1.341,1.3083,beauty,delhi,0,0,none,normal
M0006,180,111,231666.51,2087.09,0.011962806060338048,0.002767311229170467,1.3535,1.5582,beauty,delhi,0,0,none,normal
M0006,181,112,235947.75,2106.68,0.012881230581907785,0.002090322682294148,1.4407,1.4382,beauty,delhi,0,0,none,normal
M0006,182,105,245540.62,2338.48,0.014133827846263372,0.00285617623008799,1.4585,1.4548,beauty,delhi,0,0,none,normal
M0006,183,125,285461.63,2283.69,0.012296661341503251,0.002846447146804595,1.4299,1.1981,beauty,delhi,0,0,none,normal
M0006,184,109,230566.19,2115.29,0.011863027527068654,0.001748218932318958,1.4562,1.5544,beauty,delhi,0,0,none,normal
M0006,185,101,253405.21,2508.96,0.011711095706197633,0.0020675819772184804,1.1175,1.5015,beauty,delhi,0,0,none,normal
M0006,186,104,239793.97,2305.71,0.014138852201944099,0.002712406035768439,1.3055,1.2395,beauty,delhi,0,0,none,normal
M0006,187,109,223476.61,2050.24,0.011856645691861033,0.0019487814124030686,1.2806,1.407,beauty,delhi,0,0,none,normal
M0006,188,102,223714.94,2193.28,0.01213396656212952,0.002577238567154966,1.301,1.6293,beauty,delhi,0,0,none,normal
M0006,189,96,207667.16,2163.2,0.012188788011943017,0.0033149917090791346,1.4617,1.1862,beauty,delhi,0,0,none,normal
M0006,190,106,220051.9,2075.96,0.011538668904359728,0.0021113854312883543,1.382,1.3907,beauty,delhi,0,0,none,normal
M0006,191,121,252217.66,2084.44,0.012946271925516365,0.001983133169872271,1.4188,1.0817,beauty,delhi,0,0,none,normal
M0006,192,97,205789.0,2121.54,0.015234776404507527,0.002470586924973133,1.3308,1.0494,beauty,delhi,0,0,none,normal
M0006,193,102,218236.35,2139.57,0.0120648855691435,0.0015835945159528484,1.3589,1.0334,beauty,delhi,0,0,none,normal
M0006,194,103,230898.04,2241.73,0.011249674333599255,0.0022968145460028726,1.2235,1.4676,beauty,delhi,0,0,none,normal
M0006,195,102,213054.51,2088.77,0.0150895154343717,0.0019803725174991236,1.3905,1.5165,beauty,delhi,0,0,none,normal
M0006,196,96,197692.49,2059.3,0.012948567387905443,0.002654248957309296,1.2459,1.3814,beauty,delhi,0,0,none,normal
M0006,197,105,253255.75,2411.96,0.014930652913841443,0.00234455993820429,1.3141,1.476,beauty,delhi,0,0,none,normal
M0006,198,108,218308.69,2021.38,0.013446117739724161,0.0024914501123790814,1.3401,1.3344,beauty,delhi,0,0,none,normal
M0006,199,96,211994.04,2208.27,0.016301042051655248,0.0018114803681607981,1.2488,1.3056,beauty,delhi,0,0,none,normal
M0006,200,100,227109.82,2271.1,0.01490300524018802,0.0019251290862317735,1.507,1.4752,beauty,delhi,0,0,none,normal
M0006,201,104,198714.59,1910.72,0.010164882329967286,0.002602820064019044,1.1869,1.5615,beauty,delhi,0,0,none,normal
M0006,202,99,219526.36,2217.44,0.014601501693897094,0.002182463869657442,1.0917,1.3819,beauty,delhi,0,0,none,normal
M0006,203,110,231610.78,2105.55,0.012881181930913494,0.002736256870990589,1.3774,1.5965,beauty,delhi,0,0,none,normal
M0006,204,91,188998.48,2076.91,0.01306620282923383,0.0019450644953822936,1.179,1.3556,beauty,delhi,0,0,none,normal
M0006,205,102,206592.32,2025.41,0.012535838930144245,0.0022527409843049366,1.1421,1.3048,beauty,delhi,0,0,none,normal
M0006,206,98,212431.5,2167.67,0.014762763127497589,0.002593659768095714,1.2021,1.2755,beauty,delhi,0,0,none,normal
M0006,207,92,188668.62,2050.75,0.014990296459912365,0.0019578772210257895,1.2063,1.4884,beauty,delhi,0,0,none,normal
M0006,208,110,245250.92,2229.55,0.01326557107748639,0.0026162177067444287,1.2075,1.2341,beauty,delhi,0,0,none,normal
M0006,209,92,210146.12,2284.2,0.015085168775613628,0.001689437734926982,1.0591,1.3459,beauty,delhi,0,0,none,normal
M0006,210,98,203459.32,2076.12,0.013129735955768851,0.0019497247422049988,1.0368,1.2174,beauty,delhi,0,0,none,normal
M0006,211,107,233144.31,2178.92,0.014366135879449807,0.0028962246317782215,1.438,1.4491,beauty,delhi,0,0,none,normal
M0006,212,112,234543.44,2094.14,0.01154442612709163,0.0029511428187011758,1.2028,1.4971,beauty,delhi,0,0,none,normal
M0006,213,105,212887.85,2027.5,0.011459646797003785,0.00247315755383308,1.1824,1.463,beauty,delhi,0,0,none,normal
M0006,214,117,270368.34,2310.84,0.011842641530972548,0.002456236833260433,1.3772,1.3616,beauty,delhi,0,0,none,normal
M0006,215,101,216325.62,2141.84,0.014784491913558902,0.0017654841457331327,1.3415,1.2333,beauty,delhi,0,0,none,normal
M0006,216,110,249619.59,2269.27,0.011970270272764203,0.0021975942801846305,1.4546,1.3088,beauty,delhi,0,0,none,normal
M0006,217,103,233769.95,2269.61,0.013503514971082788,0.0022558761133792435,1.3518,1.2694,beauty,delhi,0,0,none,normal
M0006,218,97,183849.9,1895.36,0.014098687026411424,0.0026122838929328687,1.3966,1.2921,beauty,delhi,0,0,none,normal
M0006,219,107,241525.45,2257.25,0.009584197044792195,0.002635682106176066,1.3209,1.3065,beauty,delhi,0,0,none,normal
M0006,220,94,221660.62,2358.09,0.014360869829882984,0.0021057890658001295,1.3659,1.2844,beauty,delhi,0,0,none,normal
M0006,221,94,215600.47,2293.62,0.015544805899392299,0.002637552000106689,1.2505,1.5906,beauty,delhi,0,0,none,normal
M0006,222,103,207642.26,2015.94,0.014267093593596448,0.0019434893979437785,1.3058,1.3384,beauty,delhi,0,0,none,normal
M0006,223,101,227833.3,2255.78,0.013592470333185796,0.0019754219262643866,1.166,1.4977,beauty,delhi,0,0,none,normal
M0006,224,105,233972.57,2228.31,0.01145457281415132,0.00230493915342092,1.2991,1.2801,beauty,delhi,0,0,none,normal
M0006,225,100,201070.4,2010.7,0.01015859106604003,0.002223232361146982,1.4181,1.5741,beauty,delhi,0,0,none,normal
M0006,226,112,234895.1,2097.28,0.012371035057078929,0.002511820092305967,1.3293,1.3787,beauty,delhi,0,0,none,normal
M0006,227,125,274285.28,2194.28,0.014777978114562279,0.0025947523945916706,1.2607,1.5088,beauty,delhi,0,0,none,normal
M0006,228,114,219154.97,1922.41,0.01098460602349434,0.0025459494107075323,1.3007,1.2034,beauty,delhi,0,0,none,normal
M0006,229,108,227230.35,2103.98,0.012921707726292309,0.0018940673186686149,1.2312,1.3389,beauty,delhi,0,0,none,normal
M0006,230,115,236484.59,2056.39,0.015129813930267048,0.0018032378729510583,1.4427,1.3074,beauty,delhi,0,0,none,normal
M0006,231,120,271122.6,2259.36,0.013355388250694069,0.0029295611618978556,1.486,1.5026,beauty,delhi,0,0,none,normal
M0006,232,89,187946.83,2111.76,0.009844300492314129,0.002275496507009761,1.2457,1.3732,beauty,delhi,0,0,none,normal
M0006,233,117,250872.46,2144.21,0.01541579457626736,0.0023558664452969945,1.4579,1.2939,beauty,delhi,0,0,none,normal
M0006,234,110,231653.88,2105.94,0.011793715936433968,0.001980008415755582,1.226,1.4191,beauty,delhi,0,0,none,normal
M0006,235,110,248017.03,2254.7,0.011741744282404704,0.0025774728539036196,1.3476,1.5033,beauty,delhi,0,0,none,normal
M0006,236,103,230948.8,2242.22,0.012354214733896815,0.0029028640846489677,1.1427,1.4786,beauty,delhi,0,0,none,normal
M0006,237,114,238169.13,2089.2,0.011391640616962554,0.0016134398725752312,1.3842,1.4279,beauty,delhi,0,0,none,normal
M0006,238,115,241153.26,2096.98,0.013163132126329396,0.002397772583560009,1.2861,1.5327,beauty,delhi,0,0,none,normal
M0006,239,97,204807.93,2111.42,0.012164935016112316,0.0022111283179420387,1.2393,1.4888,beauty,delhi,0,0,none,normal
M0007,0,200,292434.07,1462.17,0.02984777138935959,0.005409101014309341,1.4088,1.475,subscriptions,jaipur,0,0,none,normal
M0007,1,170,267445.12,1573.21,0.031057964805845842,0.00387247538879054,1.3294,1.3168,subscriptions,jaipur,0,0,none,normal
M0007,2,199,309294.46,1554.24,0.03334772537309203,0.0047818015353449745,1.2734,1.357,subscriptions,jaipur,0,0,none,normal
M0007,3,204,330940.66,1622.26,0.029649618486664822,0.003388093348503602,1.4846,1.3973,subscriptions,jaipur,0,0,none,normal
M0007,4,203,307315.2,1513.87,0.03326534595803839,0.0033499972631086555,1.2754,1.3564,subscriptions,jaipur,0,0,none,normal
M0007,5,193,299965.89,1554.23,0.037677470821015975,0.004741291143513179,1.3303,1.4205,subscriptions,jaipur,0,0,none,normal
M0007,6,190,302991.99,1594.69,0.03152358935144103,0.0035299439914723003,1.3274,1.4368,subscriptions,jaipur,0,0,none,normal
M0007,7,176,297558.11,1690.67,0.0423591655887073,0.0046098812022820805,1.3788,1.3813,subscriptions,jaipur,0,0,none,normal
M0007,8,215,319477.69,1485.94,0.034089219809244994,0.003551766556737712,1.2966,1.4038,subscriptions,jaipur,0,0,none,normal
M0007,9,203,293520.26,1445.91,0.03156656554931875,0.004492077831236655,1.2891,1.3981,subscriptions,jaipur,0,0,none,normal
M0007,10,194,281181.59,1449.39,0.030305585511647883,0.004318546603329353,1.2959,1.4261,subscriptions,jaipur,0,0,none,normal
M0007,11,205,297591.27,1451.66,0.032415900315107285,0.005037501124156018,1.4308,1.4662,subscriptions,jaipur,0,0,none,normal
M0007,12,187,292888.48,1566.25,0.02964717607487529,0.003547269113088821,1.4231,1.3753,subscriptions,jaipur,0,0,none,normal
M0007,13,198,330261.5,1667.99,0.030184451960477282,0.004167784230939028,1.2424,1.1999,subscriptions,jaipur,0,0,none,normal
M0007,14,219,357867.77,1634.1,0.035744837909659426,0.0043221102252315935,1.1685,1.3172,subscriptions,jaipur,0,0,none,normal
M0007,15,170,258899.01,1522.94,0.03257108364020761,0.004690687914253154,1.2302,1.404,subscriptions,jaipur,0,0,none,normal
M0007,16,194,305159.62,1572.99,0.031069734729762287,0.0053809904734704464,1.2477,1.2438,subscriptions,jaipur,0,0,none,normal
M0007,17,200,316493.43,1582.47,0.029531487942680356,0.004975654261676118,1.3946,1.4768,subscriptions,jaipur,0,0,none,normal
M0007,18,182,282323.79,1551.23,0.027478127901525654,0.005002977582796086,1.3613,1.422,subscriptions,jaipur,0,0,none,normal
M0007,19,194,320649.67,1652.83,0.024091551664991006,0.004464322194810966,1.2808,1.5015,subscriptions,jaipur,0,0,none,normal
M0007,20,181,293364.71,1620.8,0.03259633764198763,0.0043502200182275194,1.4174,1.1771,subscriptions,jaipur,0,0,none,normal
M0007,21,196,335077.49,1709.58,0.029288698618651302,0.004171175199715916,1.2654,1.1304,subscriptions,jaipur,0,0,none,normal
M0007,22,200,340156.26,1700.78,0.03895296852424369,0.00447116061661818,1.2695,1.4612,subscriptions,jaipur,0,0,none,normal
M0007,23,179,279119.38,1559.33,0.0323007545606946,0.004555734934336755,1.2883,1.2316,subscriptions,jaipur,0,0,none,normal
M0007,24,202,337153.47,1669.08,0.03164656168326505,0.003347949915396239,1.2447,1.2716,subscriptions,jaipur,0,0,none,normal
M0007,25,202,345267.29,1709.24,0.03402397091538812,0.005183253091164544,1.35,1.3307,subscriptions,jaipur,0,0,none,normal
M0007,26,205,313393.35,1528.75,0.03765752649223972,0.0041764385714133795,1.271,1.3281,subscriptions,jaipur,0,0,none,normal
M0007,27,196,320095.4,1633.14,0.03399321166826571,0.004724206511056512,1.2012,1.3273,subscriptions,jaipur,0,0,none,normal
M0007,28,177,267613.2,1511.94,0.03252159573276611,0.004273276146779929,1.3357,1.5391,subscriptions,jaipur,0,0,none,normal
M0007,29,177,276444.81,1561.84,0.032186158567318934,0.0038658790637813223,1.2171,1.4689,subscriptions,jaipur,0,0,none,normal
M0007,30,173,293074.3,1694.07,0.033405275207255884,0.003569932066297305,1.3976,1.4971,subscriptions,jaipur,0,0,none,normal
M0007,31,170,281249.09,1654.41,0.03668402726565547,0.0048137871637712725,1.3115,1.3105,subscriptions,jaipur,0,0,none,normal
M0007,32,218,330136.85,1514.39,0.026060305298880003,0.003869630600846917,1.2811,1.3813,subscriptions,jaipur,0,0,none,normal
M0007,33,189,310086.83,1640.67,0.037504611075117496,0.0032703681881519095,1.3791,1.5089,subscriptions,jaipur,0,0,none,normal
M0007,34,200,317141.18,1585.71,0.026026985957416517,0.0038881753585722476,1.435,1.4924,subscriptions,jaipur,0,0,none,normal
M0007,35,181,267518.41,1478.0,0.03338165186394802,0.004752019444017896,1.2603,1.3178,subscriptions,jaipur,0,0,none,normal
M0007,36,208,355483.93,1709.06,0.032579398831847066,0.004442703272380605,1.3148,1.2289,subscriptions,jaipur,0,0,none,normal
M0007,37,206,348275.01,1690.66,0.03852167025360477,0.005201747194233061,1.4199,1.4359,subscriptions,jaipur,0,0,none,normal
M0007,38,214,332980.2,1555.98,0.03850029574752155,0.003972584264875084,1.2247,1.4891,subscriptions,jaipur,0,0,none,normal
M0007,39,198,328717.3,1660.19,0.033811116168205,0.004429974683676058,1.3966,1.4432,subscriptions,jaipur,0,0,none,normal
M0007,40,182,329179.77,1808.68,0.028759696719775033,0.004232079701408078,1.22,1.5061,subscriptions,jaipur,0,0,none,normal
M0007,41,203,310708.8,1530.59,0.04248406610252227,0.004170794757936778,1.327,1.5137,subscriptions,jaipur,0,0,none,normal
M0007,42,204,289448.33,1418.86,0.04201217348413363,0.006091448745432104,1.2787,1.4094,subscriptions,jaipur,0,0,none,normal
M0007,43,195,292343.53,1499.2,0.036111527911674976,0.004916265591765848,1.3207,1.3619,subscriptions,jaipur,0,0,none,normal
M0007,44,180,268439.66,1491.33,0.03119701587230926,0.0036010155018367422,1.4128,1.2602,subscriptions,jaipur,0,0,none,normal
M0007,45,187,269855.08,1443.08,0.034701109043956034,0.0030789528516350713,1.1661,1.349,subscriptions,jaipur,0,0,none,normal
M0007,46,179,294082.96,1642.92,0.038302747634447215,0.002646795058273971,1.5033,1.2066,subscriptions,jaipur,0,0,none,normal
M0007,47,205,314979.87,1536.49,0.030491907694402257,0.0044206842965452825,1.3118,1.4729,subscriptions,jaipur,0,0,none,normal
M0007,48,201,308736.96,1536.0,0.02345985178845349,0.005060173174399092,1.2874,1.4818,subscriptions,jaipur,0,0,none,normal
M0007,49,200,280357.57,1401.79,0.038726368831805746,0.0030461694093079075,1.3124,1.5708,subscriptions,jaipur,0,0,none,normal
M0007,50,196,324327.48,1654.73,0.03477522684843578,0.004219177902069155,1.3521,1.5626,subscriptions,jaipur,0,0,none,normal
M0007,51,190,298214.98,1569.55,0.025683447091592097,0.004052579870808918,1.4002,1.3713,subscriptions,jaipur,0,0,none,normal
M0007,52,230,332126.27,1444.03,0.02858225502920953,0.0044241377043106956,1.1817,1.3182,subscriptions,jaipur,0,0,none,normal
M0007,53,175,257899.34,1473.71,0.02990915385995716,0.0045610969703982086,1.3185,1.3811,subscriptions,jaipur,0,0,none,normal
M0007,54,209,316335.57,1513.57,0.032472015038012336,0.004135096676253946,1.3641,1.3974,subscriptions,jaipur,0,0,none,normal
M0007,55,211,333832.04,1582.14,0.03852094189241379,0.0032435840443750716,1.3458,1.2398,subscriptions,jaipur,0,0,none,normal
M0007,56,190,294489.13,1549.94,0.028672550943834477,0.005147600828324517,1.3166,1.2474,subscriptions,jaipur,0,0,none,normal
M0007,57,155,254546.2,1642.23,0.03167059509344237,0.0046908071373711994,1.238,1.3755,subscriptions,jaipur,0,0,none,normal
M0007,58,197,289356.81,1468.82,0.03452871930147492,0.005221776235584834,1.4024,1.3402,subscriptions,jaipur,0,0,none,normal
M0007,59,207,334949.93,1618.12,0.03399297293645453,0.0031897189905169027,1.3542,1.4721,subscriptions,jaipur,0,0,none,normal
M0007,60,194,281778.36,1452.47,0.027428553633644062,0.005881628977356693,1.3605,1.4174,subscriptions,jaipur,0,0,none,normal
M0007,61,200,291182.54,1455.91,0.036671652305628626,0.0034131545704853567,1.2241,1.2838,subscriptions,jaipur,0,0,none,normal
M0007,62,187,293829.34,1571.28,0.02816835827744104,0.004220208679344578,1.3337,1.184,subscriptions,jaipur,0,0,none,normal
M0007,63,169,247142.4,1462.38,0.03649204904952472,0.00461316650372276,1.3142,1.3197,subscriptions,jaipur,0,0,none,normal
M0007,64,201,288573.87,1435.69,0.03301441514331086,0.00524221635211873,1.4413,1.4022,subscriptions,jaipur,0,0,none,normal
M0007,65,219,374104.26,1708.24,0.039448048289797574,0.00468513234695009,1.3176,1.3054,subscriptions,jaipur,0,0,none,normal
M0007,66,209,319681.01,1529.57,0.041807979356856796,0.003947906235350642,1.3786,1.371,subscriptions,jaipur,0,0,none,normal
M0007,67,200,333295.64,1666.48,0.03663411212247109,0.004120492782893153,1.3189,1.3604,subscriptions,jaipur,0,0,none,normal
M0007,68,195,277375.62,1422.44,0.03202817056045164,0.004359477601143955,1.3756,1.5294,subscriptions,jaipur,0,0,none,normal
M0007,69,199,292058.91,1467.63,0.040766859154689104,0.002897946400099252,1.2952,1.2412,subscriptions,jaipur,0,0,none,normal
M0007,70,178,272526.92,1531.05,0.031373433324165485,0.004640012991339197,1.3133,1.254,subscriptions,jaipur,0,0,none,normal
M0007,71,165,252366.82,1529.5,0.033350682223877895,0.004518093479078236,1.3301,1.1339,subscriptions,jaipur,0,0,none,normal
M0007,72,193,327294.79,1695.83,0.031629196877079234,0.004842269043437684,1.2706,1.3509,subscriptions,jaipur,0,0,none,normal
M0007,73,192,294489.48,1533.8,0.03589362945825675,0.003601895510058646,1.3786,1.3206,subscriptions,jaipur,0,0,none,normal
M0007,74,174,284754.73,1636.52,0.03795435591790902,0.0046895466059404456,1.4727,1.443,subscriptions,jaipur,0,0,none,normal
M0007,75,222,314831.97,1418.16,0.03448900802314505,0.00429213878409146,1.3044,1.3862,subscriptions,jaipur,0,0,none,normal
M0007,76,203,331383.88,1632.43,0.03676367401886554,0.003042008020096188,1.2669,1.3845,subscriptions,jaipur,0,0,none,normal
M0007,77,192,291839.88,1520.0,0.03308225413988433,0.00469581653620162,1.2618,1.4912,subscriptions,jaipur,0,0,none,normal
M0007,78,224,315485.34,1408.42,0.03108979142706103,0.004932758814407563,1.3056,1.435,subscriptions,jaipur,0,0,none,normal
M0007,79,188,272499.3,1449.46,0.03532493145752436,0.0044489714224350526,1.3934,1.5202,subscriptions,jaipur,0,0,none,normal
M0007,80,189,286090.07,1513.7,0.029697032913203348,0.004590891193245859,1.2062,1.5236,subscriptions,jaipur,0,0,none,normal
M0007,81,186,279964.76,1505.19,0.03320086146127722,0.003504788244322739,1.3469,1.2741,subscriptions,jaipur,0,0,none,normal
M0007,82,169,281354.79,1664.82,0.027688465811703453,0.004758779725528772,1.4129,1.2733,subscriptions,jaipur,0,0,none,normal
M0007,83,174,316833.18,1820.88,0.03162168136899155,0.0041390302532391746,1.2484,1.3327,subscriptions,jaipur,0,0,none,normal
M0007,84,172,252356.18,1467.19,0.03761950093470145,0.003996000967167947,1.3404,1.2873,subscriptions,jaipur,0,0,none,normal
M0007,85,202,301522.97,1492.69,0.03590070947836781,0.00440757187403906,1.3025,1.4402,subscriptions,jaipur,0,0,none,normal
M0007,86,193,308163.31,1596.7,0.028901270937701645,0.005623460343202994,1.3531,1.3863,subscriptions,jaipur,0,0,none,normal
M0007,87,212,334410.41,1577.41,0.0335651792330961,0.004053047876570521,1.3547,1.4289,subscriptions,jaipur,0,0,none,normal
M0007,88,188,281359.51,1496.59,0.03566814166398378,0.004875426977812975,1.3952,1.4202,subscriptions,jaipur,0,0,none,normal
M0007,89,159,238075.21,1497.33,0.031778746387877234,0.004319125743223362,1.3851,1.3318,subscriptions,jaipur,0,0,none,normal
M0007,90,194,272843.84,1406.41,0.03306292302263346,0.005115939927653994,1.3235,1.3942,subscriptions,jaipur,0,0,none,normal
M0007,91,185,302046.19,1632.68,0.03302337381994719,0.0050671183338733975,1.3591,1.5116,subscriptions,jaipur,0,0,none,normal
M0007,92,179,237639.77,1327.6,0.03297742817315261,0.0036959287837558005,1.2182,1.5226,subscriptions,jaipur,0,0,none,normal
M0007,93,205,297593.79,1451.68,0.032551666971882366,0.004296077736130938,1.3998,1.294,subscriptions,jaipur,0,0,none,normal
M0007,94,204,306910.37,1504.46,0.038253184692389086,0.004912073055364475,1.296,1.2482,subscriptions,jaipur,0,0,none,normal
M0007,95,171,257573.5,1506.28,0.03539048763465495,0.00450474709500538,1.1248,1.2788,subscriptions,jaipur,0,0,none,normal
M0007,96,197,314888.67,1598.42,0.026316390689535868,0.0033931402036071305,1.3482,1.47,subscriptions,jaipur,0,0,none,normal
M0007,97,205,349040.73,1702.64,0.03021821615990206,0.003389780496420242,1.3085,1.3461,subscriptions,jaipur,0,0,none,normal
M0007,98,199,296723.83,1491.07,0.029747128539586155,0.004027300701961702,1.3187,1.4983,subscriptions,jaipur,0,0,none,normal
M0007,99,194,314845.02,1622.91,0.03676892478388888,0.004426574173372506,1.356,1.4587,subscriptions,jaipur,0,0,none,normal
M0007,100,185,312991.93,1691.85,0.032709399267784676,0.004536303653262418,1.144,1.5133,subscriptions,jaipur,0,0,none,normal
M0007,101,192,318336.43,1658.0,0.04123145486697809,0.0057064645125419495,1.3886,1.333,subscriptions,jaipur,0,0,none,normal
M0007,102,212,341159.98,1609.25,0.03456655428556471,0.005048581247239605,1.2768,1.3795,subscriptions,jaipur,0,0,none,normal
M0007,103,182,287049.31,1577.19,0.02582360513713823,0.004023903280058969,1.323,1.4917,subscriptions,jaipur,0,0,none,normal
M0007,104,206,356089.72,1728.59,0.03172608446391291,0.0048156217018366695,1.32,1.2296,subscriptions,jaipur,0,0,none,normal
M0007,105,211,313873.77,1487.55,0.031192046886410526,0.00492629860453727,1.2889,1.4428,subscriptions,jaipur,0,0,none,normal
M0007,106,203,279555.63,1377.12,0.025399914004829754,0.0034609686938023407,1.3994,1.2196,subscriptions,jaipur,0,0,none,normal
M0007,107,189,278462.9,1473.35,0.03390068670523851,0.003961593753566359,1.3454,1.4528,subscriptions,jaipur,0,0,none,normal
M0007,108,219,330261.85,1508.04,0.02562487580501691,0.00349014360551276,1.5604,1.5302,subscriptions,jaipur,0,0,none,normal
M0007,109,198,319225.68,1612.25,0.028961962761130403,0.004567241248261524,1.4926,1.4138,subscriptions,jaipur,0,0,none,normal
M0007,110,196,305029.26,1556.27,0.027539500353000495,0.004417533290277111,1.2884,1.5032,subscriptions,jaipur,0,0,none,normal
M0007,111,208,332450.55,1598.32,0.02815921107701002,0.004194035100853225,1.2245,1.3912,subscriptions,jaipur,0,0,none,normal
M0007,112,229,372430.03,1626.33,0.03527240408386147,0.0041069670347009925,1.4539,1.256,subscriptions,jaipur,0,0,none,normal
M0007,113,211,308299.69,1461.14,0.03187822951621177,0.003986322230157541,1.367,1.5307,subscriptions,jaipur,0,0,none,normal
M0007,114,175,258771.98,1478.7,0.03426899772989945,0.004399392859826812,1.2997,1.3266,subscriptions,jaipur,0,0,none,normal
M0007,115,177,243311.51,1374.64,0.03161390878551048,0.004680081484635105,1.4352,1.3547,subscriptions,jaipur,0,0,none,normal
M0007,116,186,282913.59,1521.04,0.029027062231838464,0.004108437517349409,1.2275,1.4821,subscriptions,jaipur,0,0,none,normal
M0007,117,174,251644.58,1446.23,0.036552568801515695,0.005207493519605603,1.2268,1.4114,subscriptions,jaipur,0,0,none,normal
M0007,118,218,311884.07,1430.66,0.03769429675090075,0.0051295660318114,1.3426,1.4109,subscriptions,jaipur,0,0,none,normal
M0007,119,173,279843.74,1617.59,0.034317798863221644,0.0046068859149693015,1.3599,1.3901,subscriptions,jaipur,0,0,none,normal
M0007,120,185,297464.79,1607.92,0.029213643883016404,0.004066309976750915,1.3606,1.3769,subscriptions,jaipur,0,0,none,normal
M0007,121,201,308788.67,1536.26,0.03617353363142607,0.005646217844202977,1.2444,1.4876,subscriptions,jaipur,0,0,none,normal
M0007,122,183,290160.39,1585.58,0.035146648881111985,0.004237928160874761,1.2771,1.5156,subscriptions,jaipur,0,0,none,normal
M0007,123,177,273930.99,1547.63,0.032013256701192365,0.0054272400944946194,1.4119,1.4493,subscriptions,jaipur,0,0,none,normal
M0007,124,198,293441.41,1482.03,0.03558055437592205,0.004872437167684383,1.4023,1.5015,subscriptions,jaipur,0,0,none,normal
M0007,125,182,280478.69,1541.09,0.027150711942188155,0.0030596651377540213,1.2928,1.2249,subscriptions,jaipur,0,0,none,normal
M0007,126,196,330355.88,1685.49,0.03403401334499138,0.004974919501105681,1.4394,1.4974,subscriptions,jaipur,0,0,none,normal
M0007,127,185,307638.34,1662.91,0.02879679198443334,0.003607044854294535,1.268,1.3016,subscriptions,jaipur,0,0,none,normal
M0007,128,196,310529.07,1584.33,0.030226574691530454,0.0028907028988482543,1.2435,1.4103,subscriptions,jaipur,0,0,none,normal
M0007,129,187,295970.36,1582.73,0.0273166984478521,0.003993793448034409,1.2583,1.397,subscriptions,jaipur,0,0,none,normal
M0007,130,188,281530.18,1497.5,0.0337676824891839,0.00515738609941043,1.2547,1.5882,subscriptions,jaipur,0,0,none,normal
M0007,131,187,271110.19,1449.79,0.04309597106012136,0.00428817371455853,1.3009,1.441,subscriptions,jaipur,0,0,none,normal
M0007,132,204,307086.04,1505.32,0.03102809444055568,0.0042119941352125176,1.3121,1.424,subscriptions,jaipur,0,0,none,normal
M0007,133,177,260611.59,1472.38,0.03600998617053738,0.0049915073049343235,1.3254,1.3798,subscriptions,jaipur,0,0,none,normal
M0007,134,202,313290.32,1550.94,0.031038104508961536,0.0038735112169124815,1.3115,1.3663,subscriptions,jaipur,0,0,none,normal
M0007,135,199,314207.49,1578.93,0.0345627502173057,0.003798163201250505,1.4334,1.2163,subscriptions,jaipur,0,0,none,normal
M0007,136,188,311387.7,1656.32,0.03872357223814567,0.0035568591483507443,1.3613,1.3507,subscriptions,jaipur,0,0,none,normal
M0007,137,215,342177.81,1591.52,0.034060624268031726,0.004404577445238832,1.078,1.4299,subscriptions,jaipur,0,0,none,normal
M0007,138,166,257279.26,1549.88,0.03905298695252182,0.004671409491129351,1.3699,1.3954,subscriptions,jaipur,0,0,none,normal
M0007,139,188,303192.71,1612.73,0.03127603802578207,0.005303520653389552,1.261,1.3889,subscriptions,jaipur,0,0,none,normal
M0007,140,178,260429.57,1463.09,0.033569609856672414,0.004477626760968304,1.3456,1.4621,subscriptions,jaipur,0,0,none,normal
M0007,141,187,269844.98,1443.02,0.03430428458429608,0.0043699066634205605,1.3668,1.4015,subscriptions,jaipur,0,0,none,normal
M0007,142,192,308920.49,1608.96,0.034696593966669874,0.0033247400726861783,1.2451,1.5579,subscriptions,jaipur,0,0,none,normal
M0007,143,176,288061.84,1636.72,0.036619472510223794,0.004708910568941487,1.2168,1.4878,subscriptions,jaipur,0,0,none,normal
M0007,144,202,313103.3,1550.02,0.03265901517217458,0.004153980619934002,1.3071,1.5646,subscriptions,jaipur,0,0,none,normal
M0007,145,205,344985.37,1682.86,0.02972185331844291,0.004400706547847636,1.3739,1.4883,subscriptions,jaipur,0,0,none,normal
M0007,146,154,233523.95,1516.39,0.02722161957175493,0.00467959934365617,1.3107,1.4079,subscriptions,jaipur,0,0,none,normal
M0007,147,214,366565.16,1712.92,0.028073591269717486,0.003871105220221067,1.336,1.4576,subscriptions,jaipur,0,0,none,normal
M0007,148,168,267699.67,1593.45,0.030553936969996965,0.004760325021362541,1.312,1.2185,subscriptions,jaipur,0,0,none,normal
M0007,149,200,322813.75,1614.07,0.037027117905439305,0.004783587877653177,1.3144,1.4278,subscriptions,jaipur,0,0,none,normal
M0007,150,180,315396.97,1752.21,0.030116272404632865,0.004198461932518983,1.4393,1.4872,subscriptions,jaipur,0,0,none,normal
M0007,151,179,266406.94,1488.31,0.03625874445332403,0.0046584086381317325,1.4381,1.2804,subscriptions,jaipur,0,0,none,normal
M0007,152,191,316948.0,1659.41,0.03188697942777424,0.003919312763746781,1.33,1.4568,subscriptions,jaipur,0,0,none,normal
M0007,153,165,268020.61,1624.37,0.03631195740205837,0.0037704027289461105,1.2627,1.4263,subscriptions,jaipur,0,0,none,normal
M0007,154,204,315171.45,1544.96,0.03608680805049422,0.004902642161365088,1.2499,1.3447,subscriptions,jaipur,0,0,none,normal
M0007,155,202,327502.48,1621.3,0.03100443352779345,0.004973990650476863,1.3445,1.468,subscriptions,jaipur,0,0,none,normal
M0007,156,172,272824.51,1586.19,0.03412125627308678,0.004720809573304678,1.1922,1.4252,subscriptions,jaipur,0,0,none,normal
M0007,157,206,327293.49,1588.8,0.031339980097387414,0.004855798880006009,1.337,1.4982,subscriptions,jaipur,0,0,none,normal
M0007,158,196,322179.32,1643.77,0.03958728160344043,0.003939295249780379,1.2512,1.456,subscriptions,jaipur,0,0,none,normal
M0007,159,198,329214.99,1662.7,0.03427067307713691,0.00556385201974865,1.3504,1.3425,subscriptions,jaipur,0,0,none,normal
M0007,160,187,310959.9,1662.89,0.02300263769939404,0.004109782051521666,1.3237,1.2673,subscriptions,jaipur,0,0,none,normal
M0007,161,216,343654.51,1590.99,0.03251515176106704,0.00413567057010931,1.3333,1.2774,subscriptions,jaipur,0,0,none,normal
M0007,162,194,311414.81,1605.23,0.03366328387569461,0.003683012991794249,1.2389,1.4002,subscriptions,jaipur,0,0,none,normal
M0007,163,189,312888.83,1655.5,0.03120953963936752,0.004385936164833997,1.3488,1.2582,subscriptions,jaipur,0,0,none,normal
M0007,164,189,276220.92,1461.49,0.034309903143270815,0.003411674437255009,1.3624,1.3194,subscriptions,jaipur,0,0,none,normal
M0007,165,217,304024.22,1401.03,0.032739013170273584,0.004578199720193106,1.3162,1.3981,subscriptions,jaipur,0,0,none,normal
M0007,166,202,301911.66,1494.61,0.034118971314259026,0.004433280736489032,1.394,1.3752,subscriptions,jaipur,0,0,none,normal
M0007,167,187,292925.74,1566.45,0.036947234095714224,0.0050279753218533,1.289,1.4639,subscriptions,jaipur,0,0,none,normal
M0007,168,185,277481.13,1499.9,0.03459560817016465,0.003264224055934263,1.4298,1.4447,subscriptions,jaipur,0,0,none,normal
M0007,169,186,302935.43,1628.69,0.033090445112666816,0.0039661018488785825,1.332,1.3884,subscriptions,jaipur,0,0,none,normal
M0007,170,191,309292.49,1619.33,0.03603371577731663,0.003774785614013224,1.2497,1.3639,subscriptions,jaipur,0,0,none,normal
M0007,171,182,286454.83,1573.93,0.039841095259596504,0.0042005683912122995,1.2761,1.3992,subscriptions,jaipur,0,0,none,normal
M0007,172,189,278288.79,1472.43,0.039848468857384405,0.0039178351070868955,1.2787,1.4293,subscriptions,jaipur,0,0,none,normal
M0007,173,175,228707.4,1306.9,0.02967731210893329,0.004055159401529229,1.1618,1.444,subscriptions,jaipur,0,0,none,normal
M0007,174,177,269130.28,1520.51,0.02593002965536582,0.004168574041947766,1.3668,1.525,subscriptions,jaipur,0,0,none,normal
M0007,175,225,330445.39,1468.65,0.026712693930470138,0.004492250369105887,1.2654,1.3325,subscriptions,jaipur,0,0,none,normal
M0007,176,199,304549.28,1530.4,0.031461496168271326,0.0045887214008829575,1.263,1.5209,subscriptions,jaipur,0,0,none,normal
M0007,177,211,317360.47,1504.08,0.03493180420676197,0.0044364235587575655,1.3508,1.2912,subscriptions,jaipur,0,0,none,normal
M0007,178,195,312157.22,1600.81,0.030105485843300937,0.004099044590686777,1.3433,1.4237,subscriptions,jaipur,0,0,none,normal
M0007,179,199,306301.58,1539.2,0.03417220403539416,0.004282616285271785,1.2695,1.4748,subscriptions,jaipur,0,0,none,normal
M0007,180,183,287062.66,1568.65,0.03434474736872699,0.004764927488068465,1.3516,1.5521,subscriptions,jaipur,0,0,none,normal
M0007,181,208,301753.77,1450.74,0.02987028849194711,0.004972420623255811,1.3181,1.5586,subscriptions,jaipur,0,0,none,normal
M0007,182,193,312041.8,1616.8,0.030184978951685336,0.004166711716723246,1.3795,1.5046,subscriptions,jaipur,0,0,none,normal
M0007,183,201,328457.28,1634.12,0.03450995378394052,0.004962720613501152,1.3122,1.2585,subscriptions,jaipur,0,0,none,normal
M0007,184,206,303598.47,1473.78,0.03820422650499609,0.0035057447599347487,1.3206,1.3954,subscriptions,jaipur,0,0,none,normal
M0007,185,176,301781.02,1714.66,0.030201253737468896,0.003970260393758051,1.2027,1.4035,subscriptions,jaipur,0,0,none,normal
M0007,186,204,295155.62,1446.84,0.022326457200181886,0.004242296401393154,1.3924,1.3515,subscriptions,jaipur,0,0,none,normal
M0007,187,189,305068.74,1614.12,0.0352160314581278,0.0035140142282620995,1.3088,1.3577,subscriptions,jaipur,0,0,none,normal
M0007,188,199,329783.45,1657.2,0.03124171938657593,0.004102579015648416,1.3752,1.4335,subscriptions,jaipur,0,0,none,normal
M0007,189,229,356178.22,1555.36,0.03181920567416556,0.004384554611062412,1.4052,1.3486,subscriptions,jaipur,0,0,none,normal
M0007,190,184,280735.04,1525.73,0.030601979771923294,0.0046193105712027055,1.2059,1.5035,subscriptions,jaipur,0,0,none,normal
M0007,191,190,301188.9,1585.2,0.03258801278713155,0.003368049669248177,1.3087,1.5174,subscriptions,jaipur,0,0,none,normal
M0007,192,160,242947.66,1518.42,0.035791425981735236,0.004719814676055351,1.2557,1.2365,subscriptions,jaipur,0,0,none,normal
M0007,193,202,283890.45,1405.4,0.03199642282991617,0.0039112188149675,1.3577,1.546,subscriptions,jaipur,0,0,none,normal
M0007,194,180,251402.47,1396.68,0.03653075992994362,0.0035073000855743294,1.3741,1.4183,subscriptions,jaipur,0,0,none,normal
M0007,195,205,297827.87,1452.82,0.03124941980389953,0.004017793683043055,1.2362,1.5135,subscriptions,jaipur,0,0,none,normal
M0007,196,208,308001.53,1480.78,0.03683856573089875,0.003942368403230559,1.3363,1.4103,subscriptions,jaipur,0,0,none,normal
M0007,197,193,325796.65,1688.07,0.03283858747733422,0.0031719668128625087,1.3441,1.5021,subscriptions,jaipur,0,0,none,normal
M0007,198,176,300038.56,1704.76,0.03082625659564915,0.003558626512373656,1.2809,1.3372,subscriptions,jaipur,0,0,none,normal
M0007,199,209,345583.77,1653.51,0.04042339065296662,0.004201368731103009,1.38,1.4022,subscriptions,jaipur,0,0,none,normal
M0007,200,206,318512.88,1546.18,0.02757884367998195,0.005019884891411172,1.2629,1.4985,subscriptions,jaipur,0,0,none,normal
M0007,201,191,319807.89,1674.39,0.03789192973894125,0.0036328017485708214,1.2634,1.4234,subscriptions,jaipur,0,0,none,normal
M0007,202,205,291434.93,1421.63,0.02933145046475845,0.004236937540826517,1.3296,1.4023,subscriptions,jaipur,0,0,none,normal
M0007,203,179,278721.27,1557.1,0.03412065320920442,0.004738279411153608,1.3632,1.4275,subscriptions,jaipur,0,0,none,normal
M0007,204,176,287747.13,1634.93,0.03434759543782655,0.004379573629329839,1.3787,1.3498,subscriptions,jaipur,0,0,none,normal
M0007,205,177,290093.46,1638.95,0.0368353707401521,0.005103075219218352,1.2261,1.439,subscriptions,jaipur,0,0,none,normal
M0007,206,209,328676.36,1572.61,0.03732612792220244,0.004381990328152047,1.2435,1.2723,subscriptions,jaipur,0,0,none,normal
M0007,207,188,294636.48,1567.22,0.030872312212282507,0.004408832667134526,1.2722,1.2814,subscriptions,jaipur,0,0,none,normal
M0007,208,173,247314.61,1429.56,0.03260493000758793,0.00343537365953055,1.2733,1.3895,subscriptions,jaipur,0,0,none,normal
M0007,209,205,297765.67,1452.52,0.025407902297580772,0.0034128212283350686,1.3776,1.3531,subscriptions,jaipur,0,0,none,normal
M0007,210,186,294540.26,1583.55,0.029738819152210647,0.004641613582612667,1.2324,1.3761,subscriptions,jaipur,0,0,none,normal
M0007,211,214,362898.03,1695.79,0.03484861612651648,0.0040982637867414086,1.433,1.3745,subscriptions,jaipur,0,0,none,normal
M0007,212,205,275883.19,1345.77,0.034377035646142216,0.003527685332490724,1.3408,1.4729,subscriptions,jaipur,0,0,none,normal
M0007,213,181,284611.37,1572.44,0.024783563514370912,0.004129774391298619,1.4317,1.245,subscriptions,jaipur,0,0,none,normal
M0007,214,188,317426.34,1688.44,0.03004031635669575,0.004912600820421462,1.3257,1.3221,subscriptions,jaipur,0,0,none,normal
M0007,215,183,280328.33,1531.85,0.030697949209547503,0.003767058322786026,1.3859,1.5562,subscriptions,jaipur,0,0,none,normal
M0007,216,204,324831.0,1592.31,0.0338755246872217,0.004433127913459789,1.4909,1.4979,subscriptions,jaipur,0,0,none,normal
M0007,217,202,307584.78,1522.7,0.02595602920412826,0.004308453566786009,1.3176,1.2802,subscriptions,jaipur,0,0,none,normal
M0007,218,158,257690.19,1630.95,0.037930141759719004,0.004082690977358245,1.3707,1.4335,subscriptions,jaipur,0,0,none,normal
M0007,219,187,301612.37,1612.9,0.031083615669507538,0.0046031660818989665,1.3612,1.3791,subscriptions,jaipur,0,0,none,normal
M0007,220,206,349238.73,1695.33,0.028688711480016456,0.004093188216466904,1.4093,1.3773,subscriptions,jaipur,0,0,none,normal
M0007,221,185,296288.34,1601.56,0.029199292378844926,0.0036845814636265522,1.1738,1.4011,subscriptions,jaipur,0,0,none,normal
M0007,222,178,272053.12,1528.39,0.028793252307622252,0.004489221597798883,1.3078,1.4065,subscriptions,jaipur,0,0,none,normal
M0007,223,192,294283.06,1532.72,0.035631964212499354,0.005313501042070679,1.2565,1.2774,subscriptions,jaipur,0,0,none,normal
M0007,224,193,316824.8,1641.58,0.03415914451808355,0.004478589691092041,1.2637,1.4119,subscriptions,jaipur,0,0,none,normal
M0007,225,164,248062.01,1512.57,0.032373765233268244,0.003766150656867409,1.4558,1.4496,subscriptions,jaipur,0,0,none,normal
M0007,226,203,313689.09,1545.27,0.028782641247857073,0.005343113148771476,1.2229,1.3782,subscriptions,jaipur,0,0,none,normal
M0007,227,184,270477.45,1469.99,0.03134644150046361,0.003094518112125924,1.3732,1.1684,subscriptions,jaipur,0,0,none,normal
M0007,228,190,297560.03,1566.11,0.03673361638402615,0.0037076209584881335,1.2976,1.4446,subscriptions,jaipur,0,0,none,normal
M0007,229,218,324843.27,1490.11,0.031769684084308435,0.004069736954250026,1.2677,1.4935,subscriptions,jaipur,0,0,none,normal
M0007,230,193,291377.13,1509.73,0.03314422322221548,0.004082348350714154,1.2867,1.4306,subscriptions,jaipur,0,0,none,normal
M0007,231,184,274716.14,1493.02,0.030563889557775732,0.004856833387740051,1.3899,1.3491,subscriptions,jaipur,0,0,none,normal
M0007,232,178,233089.55,1309.49,0.03259471654963231,0.004297472206815771,1.226,1.4224,subscriptions,jaipur,0,0,none,normal
M0007,233,208,331287.5,1592.73,0.03068610344378565,0.004841735288526563,1.4487,1.2927,subscriptions,jaipur,0,0,none,normal
M0007,234,175,280862.32,1604.93,0.03074195491885111,0.003743069853016071,1.4136,1.4536,subscriptions,jaipur,0,0,none,normal
M0007,235,211,340425.37,1613.39,0.026492614641285068,0.0032236852332987436,1.4297,1.3439,subscriptions,jaipur,0,0,none,normal
M0007,236,157,211894.43,1349.65,0.0345140999838012,0.003690522715640283,1.2507,1.4193,subscriptions,jaipur,0,0,none,normal
M0007,237,184,291237.25,1582.81,0.03531713165352257,0.00403731976653091,1.3451,1.4112,subscriptions,jaipur,0,0,none,normal
M0007,238,194,296198.13,1526.79,0.03197644967238439,0.0035074302868496735,1.342,1.3662,subscriptions,jaipur,0,0,none,normal
M0007,239,187,290633.16,1554.19,0.029122221253329344,0.0040176910519348925,1.2825,1.5509,subscriptions,jaipur,0,0,none,normal
M0008,0,40,83729.19,2093.23,0.04843442108436007,0.004288958099682364,1.0135,1.3632,beauty,delhi,0,0,none,normal
M0008,1,42,88912.86,2116.97,0.059118687452767674,0.003589260415392719,0.8254,1.3175,beauty,delhi,0,0,none,normal
M0008,2,51,117235.82,2298.74,0.041051750496401834,0.00331174150078611,1.207,1.5955,beauty,delhi,0,0,none,normal
M0008,3,46,99781.78,2169.17,0.041609273839169944,0.004362778630794804,1.3428,1.3515,beauty,delhi,0,0,none,normal
M0008,4,45,103086.7,2290.82,0.041355438577731676,0.002742270890425702,1.1321,1.5737,beauty,delhi,0,0,none,normal
M0008,5,39,82725.09,2121.16,0.045570433671567,0.0027091365906963135,1.1044,1.2782,beauty,delhi,0,0,none,normal
M0008,6,46,94588.78,2056.28,0.03853867182975415,0.0024240292517306995,1.4826,1.0414,beauty,delhi,0,0,none,normal
M0008,7,43,84675.84,1969.21,0.04246995540219725,0.0031617815736627113,1.0678,1.0294,beauty,delhi,0,0,none,normal
M0008,8,43,86912.14,2021.21,0.04848008151465619,0.0031392262537642147,0.8318,1.3169,beauty,delhi,0,0,none,normal
M0008,9,44,92897.8,2111.31,0.04168521047356982,0.0032762106731441805,1.3883,1.5082,beauty,delhi,0,0,none,normal
M0008,10,43,89857.67,2089.71,0.05391766933961104,0.00322953124098861,0.9045,1.3756,beauty,delhi,0,0,none,normal
M0008,11,46,98841.91,2148.74,0.04536955470897357,0.0025476097110672022,1.4278,1.5424,beauty,delhi,0,0,none,normal
M0008,12,39,80499.56,2064.09,0.04757468824297106,0.003326162255236973,1.3458,1.4321,beauty,delhi,0,0,none,normal
M0008,13,49,100432.92,2049.65,0.048769856000845276,0.0032453778927999323,1.3576,1.4708,beauty,delhi,0,0,none,normal
M0008,14,44,86035.05,1955.34,0.03706083325139968,0.0027143528356013175,1.2169,1.2209,beauty,delhi,0,0,none,normal
M0008,15,39,81982.21,2102.11,0.042201770922142015,0.002203383408157678,0.9464,1.339,beauty,delhi,0,0,none,normal
M0008,16,44,77655.45,1764.9,0.03952997972002853,0.00218151884844356,1.2619,1.3718,beauty,delhi,0,0,none,normal
M0008,17,40,85262.15,2131.55,0.03496867826544202,0.00309119108843184,1.5461,0.9863,beauty,delhi,0,0,none,normal
M0008,18,45,97256.41,2161.25,0.04548580664582167,0.0035875382790651503,1.4348,1.0841,beauty,delhi,0,0,none,normal
M0008,19,45,100781.88,2239.6,0.04150127725914816,0.0034238327120738672,0.7336,1.0461,beauty,delhi,0,0,none,normal
M0008,20,42,79927.17,1903.03,0.042654845022095204,0.004094723558700679,1.2956,1.5666,beauty,delhi,0,0,none,normal
M0008,21,45,102254.41,2272.32,0.04169014150830693,0.0037663183270104945,1.313,1.0269,beauty,delhi,0,0,none,normal
M0008,22,38,75983.09,1999.55,0.04950367312423071,0.0023427620409931624,1.2143,1.4934,beauty,delhi,0,0,none,normal
M0008,23,45,88475.13,1966.11,0.04050423167615527,0.0027016154270286044,1.2848,1.5005,beauty,delhi,0,0,none,normal
M0008,24,46,87641.42,1905.25,0.05068807025956642,0.0031928849019818434,1.3255,1.4218,beauty,delhi,0,0,none,normal
M0008,25,40,87561.07,2189.03,0.03612936581475592,0.0030874042070666062,1.2774,1.6161,beauty,delhi,0,0,none,normal
M0008,26,39,85503.25,2192.39,0.05007371863985453,0.003380375557951329,1.3104,1.2293,beauty,delhi,0,0,none,normal
M0008,27,51,114069.15,2236.65,0.042711989187579825,0.004152567508553745,1.4614,1.1879,beauty,delhi,0,0,none,normal
M0008,28,43,86887.46,2020.64,0.042259033934921364,0.004238351874990211,1.2739,0.7706,beauty,delhi,0,0,none,normal
M0008,29,46,95393.39,2073.77,0.04023217985081773,0.003143382254713786,1.2562,1.2255,beauty,delhi,0,0,none,normal
M0008,30,41,97352.4,2374.45,0.04517623145122812,0.002942203249126923,1.1162,1.2809,beauty,delhi,0,0,none,normal
M0008,31,44,96279.15,2188.16,0.04472361916775692,0.0038494530040690893,1.2618,1.2269,beauty,delhi,0,0,none,normal
M0008,32,45,91286.31,2028.58,0.04047653906390424,0.0032632419352175025,1.3734,1.4636,beauty,delhi,0,0,none,normal
M0008,33,38,72986.99,1920.71,0.05194029217254104,0.002782375396981495,1.2678,1.2122,beauty,delhi,0,0,none,normal
M0008,34,47,96452.13,2052.17,0.044271927490709996,0.003274189205666768,1.0226,1.5705,beauty,delhi,0,0,none,normal
M0008,35,45,89985.77,1999.68,0.043963808999588856,0.0029165184270403704,1.1406,1.1946,beauty,delhi,0,0,none,normal
M0008,36,39,83885.91,2150.92,0.04895226265075101,0.0029060489571825715,1.2545,1.3024,beauty,delhi,0,0,none,normal
M0008,37,48,98770.52,2057.72,0.03737774115485797,0.0034947802718593587,1.0866,1.2892,beauty,delhi,0,0,none,normal
M0008,38,45,90347.59,2007.72,0.044228806281417066,0.0030260737860625143,1.1331,1.4989,beauty,delhi,0,0,none,normal
M0008,39,52,105382.34,2026.58,0.04332976756608581,0.0025023404244055134,1.1404,1.1129,beauty,delhi,0,0,none,normal
M0008,40,46,101231.62,2200.69,0.04127735651702926,0.0025886236042670483,1.0112,1.3688,beauty,delhi,0,0,none,normal
M0008,41,43,85383.05,1985.65,0.03622582075989287,0.0033162921970731844,1.0087,0.9811,beauty,delhi,0,0,none,normal
M0008,42,42,90743.38,2160.56,0.04716198416846258,0.0024721037846057894,1.2748,1.1361,beauty,delhi,0,0,none,normal
M0008,43,48,96393.06,2008.19,0.05091195982521423,0.0034660660152092907,1.5432,1.3008,beauty,delhi,0,0,none,normal
M0008,44,43,97708.8,2272.3,0.04608290220750267,0.0030960503408542896,1.3477,1.2868,beauty,delhi,0,0,none,normal
M0008,45,43,84542.25,1966.1,0.035982523428364575,0.002664534780075411,1.3095,1.1626,beauty,delhi,0,0,none,normal
M0008,46,41,83766.51,2043.09,0.04539082378769848,0.0030969714362922983,1.212,0.941,beauty,delhi,0,0,none,normal
M0008,47,42,88570.68,2108.83,0.04909750826302445,0.0035242616705997197,1.3882,1.155,beauty,delhi,0,0,none,normal
M0008,48,42,97904.08,2331.05,0.045032313177119504,0.0028149699641365324,1.394,1.038,beauty,delhi,0,0,none,normal
M0008,49,36,72101.51,2002.82,0.049451134044711215,0.0024545410420122155,1.2577,0.794,beauty,delhi,0,0,none,normal
M0008,50,36,80819.04,2244.97,0.04009964694357311,0.0027612523569573322,1.2192,1.2181,beauty,delhi,0,0,none,normal
M0008,51,51,115264.99,2260.1,0.03637518743952146,0.0021383283368777385,1.3023,1.547,beauty,delhi,0,0,none,normal
M0008,52,43,92308.52,2146.71,0.035682094083335204,0.003991832156475437,1.4719,1.3213,beauty,delhi,0,0,none,normal
M0008,53,40,95483.02,2387.08,0.04460802992387662,0.0034775659166295988,1.4774,0.8065,beauty,delhi,0,0,none,normal
M0008,54,45,91305.38,2029.01,0.04608123504434031,0.0027492755474353005,1.4009,1.3595,beauty,delhi,0,0,none,normal
M0008,55,38,76746.11,2019.63,0.040027853816224875,0.003473753751728581,0.9081,1.3248,beauty,delhi,0,0,none,normal
M0008,56,47,94669.13,2014.24,0.029050174006471235,0.0027209762610519235,1.1662,1.4298,beauty,delhi,0,0,none,normal
M0008,57,42,85527.69,2036.37,0.0425936239286137,0.0031612434989331585,1.0826,1.3739,beauty,delhi,0,0,none,normal
M0008,58,44,94233.02,2141.66,0.04872804673142277,0.0022756492758721084,1.2064,1.6054,beauty,delhi,0,0,none,normal
M0008,59,47,97789.91,2080.64,0.045887805266190566,0.003115619086946662,1.0204,1.3667,beauty,delhi,0,0,none,normal
M0008,60,41,82672.49,2016.4,0.039522849521667854,0.0030203573077042414,1.4944,1.129,beauty,delhi,0,0,none,normal
M0008,61,46,87558.74,1903.45,0.039328719212109016,0.0028185203491286133,1.1237,1.1884,beauty,delhi,0,0,none,normal
M0008,62,41,91493.03,2231.54,0.033698467196655056,0.003214008039142718,0.9882,1.3068,beauty,delhi,0,0,none,normal
M0008,63,40,81187.72,2029.69,0.04215153062793585,0.003060712833866622,1.2461,1.3373,beauty,delhi,0,0,none,normal
M0008,64,44,96994.16,2204.41,0.04757796630143057,0.00372316382530327,1.0074,1.3326,beauty,delhi,0,0,none,normal
M0008,65,51,111832.11,2192.79,0.041751835927501514,0.0028964714538004996,1.2969,1.3887,beauty,delhi,0,0,none,normal
M0008,66,45,91361.25,2030.25,0.041167549071340515,0.003720952132922016,1.3498,1.3427,beauty,delhi,0,0,none,normal
M0008,67,47,103101.07,2193.64,0.042290414809906605,0.0019368488643169753,1.1964,1.3731,beauty,delhi,0,0,none,normal
M0008,68,42,90898.11,2164.24,0.03768719583486031,0.0029532697682883107,1.038,1.0256,beauty,delhi,0,0,none,normal
M0008,69,40,83167.92,2079.2,0.04339485220129053,0.0030744055264848628,1.1244,1.0959,beauty,delhi,0,0,none,normal
M0008,70,39,81548.82,2091.0,0.04686202275393892,0.003391478184779204,1.3103,0.8984,beauty,delhi,0,0,none,normal
M0008,71,45,94391.12,2097.58,0.032735273659019695,0.0025493529658148356,1.6338,1.1905,beauty,delhi,0,0,none,normal
M0008,72,47,99578.88,2118.7,0.039131989790805524,0.002506002954852339,1.0114,1.437,beauty,delhi,0,0,none,normal
M0008,73,41,91110.82,2222.22,0.041906292932196026,0.0021301761169789284,1.4557,0.7979,beauty,delhi,0,0,none,normal
M0008,74,47,98381.15,2093.22,0.03501964310247278,0.0030282785783561183,1.4798,1.4146,beauty,delhi,0,0,none,normal
M0008,75,42,94386.97,2247.31,0.038531642202579916,0.0033980319132925576,1.089,1.2397,beauty,delhi,0,0,none,normal
M0008,76,44,86549.46,1967.03,0.04645429040289359,0.003856160497664111,1.3253,1.352,beauty,delhi,0,0,none,normal
M0008,77,44,99229.74,2255.22,0.03613568228686574,0.0030955037417509045,1.5279,1.4571,beauty,delhi,0,0,none,normal
M0008,78,44,89169.1,2026.57,0.0495777742770791,0.0025713084880968702,1.1086,1.2446,beauty,delhi,0,0,none,normal
M0008,79,45,87041.61,1934.26,0.04775428246060989,0.002938609690118154,1.4406,1.134,beauty,delhi,0,0,none,normal
M0008,80,42,93462.35,2225.29,0.03930400798417611,0.002375532439558566,1.4918,1.188,beauty,delhi,0,0,none,normal
M0008,81,37,72265.9,1953.13,0.04002215759724255,0.003920529689973006,1.4124,1.3621,beauty,delhi,0,0,none,normal
M0008,82,35,74900.79,2140.02,0.03585345316609988,0.002339188480965268,1.4538,1.2177,beauty,delhi,0,0,none,normal
M0008,83,43,91486.19,2127.59,0.04394816793291875,0.00185901479641886,1.3398,1.1827,beauty,delhi,0,0,none,normal
M0008,84,41,83788.75,2043.63,0.0554082067819204,0.0035834602105502228,1.382,1.4285,beauty,delhi,0,0,none,normal
M0008,85,45,104482.06,2321.82,0.03618171131477114,0.0028014357765738488,1.3514,1.3053,beauty,delhi,0,0,none,normal
M0008,86,45,92489.72,2055.33,0.044586306263055875,0.0030816362614153247,1.3322,0.9575,beauty,delhi,0,0,none,normal
M0008,87,44,92123.83,2093.72,0.04517462870919101,0.003045190112022272,1.1495,1.5186,beauty,delhi,0,0,none,normal
M0008,88,45,91384.39,2030.76,0.03990551883635094,0.0030178833525495363,1.313,1.3669,beauty,delhi,0,0,none,normal
M0008,89,39,80269.01,2058.18,0.04134386888257838,0.004057739434409817,1.6343,1.2179,beauty,delhi,0,0,none,normal
M0008,90,54,117169.61,2169.81,0.041671230494109875,0.0032641221985151045,1.1114,1.4528,beauty,delhi,0,0,none,normal
M0008,91,39,87890.18,2253.59,0.042498888740561784,0.0033866943729413995,1.0,1.4677,beauty,delhi,0,0,none,normal
M0008,92,48,93184.55,1941.34,0.048815244103945346,0.0030512475530239005,1.3264,1.3538,beauty,delhi,0,0,none,normal
M0008,93,43,91781.33,2134.45,0.0494543295330859,0.0030699064851030925,1.0939,1.4417,beauty,delhi,0,0,none,normal
M0008,94,47,92539.8,1968.93,0.047934638589507694,0.0034773941267037412,1.4612,1.4369,beauty,delhi,0,0,none,normal
M0008,95,44,104053.67,2364.86,0.04652172765357001,0.003140761213832948,0.9332,1.3324,beauty,delhi,0,0,none,normal
M0008,96,43,88757.35,2064.12,0.04231343825670307,0.003355074560428621,1.3398,1.2769,beauty,delhi,0,0,none,normal
M0008,97,42,95122.93,2264.83,0.05519561551785582,0.0035463851081686897,1.023,1.1942,beauty,delhi,0,0,none,normal
M0008,98,42,89396.57,2128.49,0.054991994445355276,0.0034652122540931116,1.0317,1.1816,beauty,delhi,0,0,none,normal
M0008,99,42,83482.09,1987.67,0.04237724029763923,0.002187590386762442,1.2639,1.1638,beauty,delhi,0,0,none,normal
M0008,100,38,81266.66,2138.6,0.04709338087687727,0.003436506160660409,1.2816,0.8489,beauty,delhi,0,0,none,normal
M0008,101,48,103516.79,2156.6,0.04452372186593768,0.003582952640140465,1.3491,1.4457,beauty,delhi,0,0,none,normal
M0008,102,47,102144.22,2173.28,0.04721599232389111,0.003522434358421542,1.5522,1.5942,beauty,delhi,0,0,none,normal
M0008,103,38,80060.41,2106.85,0.05165245498943978,0.003208418325807811,1.2972,1.593,beauty,delhi,0,0,none,normal
M0008,104,43,92765.86,2157.35,0.04690980328210641,0.0026706603433005777,1.3599,1.6718,beauty,delhi,0,0,none,normal
M0008,105,37,82617.93,2232.92,0.04046047186345202,0.0034784565558987103,1.2791,1.6799,beauty,delhi,0,0,none,normal
M0008,106,46,83281.69,1810.47,0.052568085845281644,0.002731421797030233,1.3047,0.9639,beauty,delhi,0,0,none,normal
M0008,107,44,104440.23,2373.64,0.04121587117328266,0.002998180106381912,1.0074,1.3464,beauty,delhi,0,0,none,normal
M0008,108,45,107860.42,2396.9,0.04926709550054265,0.0033967308744938312,1.1447,1.1501,beauty,delhi,0,0,none,normal
M0008,109,46,89897.06,1954.28,0.04499045416825312,0.0032798334167092186,1.408,1.2141,beauty,delhi,0,0,none,normal
M0008,110,49,98471.89,2009.63,0.044946072692402,0.003208735371017699,1.4074,0.9992,beauty,delhi,0,0,none,normal
M0008,111,48,99244.09,2067.59,0.02914372651177459,0.0033149913039274117,1.1567,1.4169,beauty,delhi,0,0,none,normal
M0008,112,40,81841.06,2046.03,0.039072505219805966,0.0028876601448059266,1.0444,1.5814,beauty,delhi,0,0,none,normal
M0008,113,45,95093.37,2113.19,0.04223847742341002,0.003921885919540373,1.1755,1.3998,beauty,delhi,0,0,none,normal
M0008,114,45,87777.13,1950.6,0.036566545330146576,0.0030886755105215117,1.3893,1.0191,beauty,delhi,0,0,none,normal
M0008,115,37,76902.57,2078.45,0.050219799703878014,0.0032521620163054165,1.3467,1.0143,beauty,delhi,0,0,none,normal
M0008,116,46,103874.65,2258.14,0.041698102723372675,0.0035632447267077046,1.467,1.2556,beauty,delhi,0,0,none,normal
M0008,117,45,92435.87,2054.13,0.04062863821139413,0.0030731287827604637,1.2649,1.688,beauty,delhi,0,0,none,normal
M0008,118,40,85967.28,2149.18,0.04370212660452028,0.0026029030322618947,1.3259,1.17,beauty,delhi,0,0,none,normal
M0008,119,38,79063.78,2080.63,0.03974907500605109,0.0037516719063886757,1.2224,1.0728,beauty,delhi,0,0,none,normal
M0008,120,44,83813.79,1904.86,0.051957553334430494,0.004364012341267157,1.3584,1.4213,beauty,delhi,0,0,none,normal
M0008,121,41,88417.87,2156.53,0.03725144677178481,0.003436267972840043,1.2368,1.3853,beauty,delhi,0,0,none,normal
M0008,122,40,79770.55,1994.26,0.042702826749156285,0.003888442275361212,1.3662,1.3616,beauty,delhi,0,0,none,normal
M0008,123,46,86218.91,1874.32,0.0446300177462269,0.0036133592681991266,1.2727,1.4004,beauty,delhi,0,0,none,normal
M0008,124,43,88169.22,2050.45,0.04866317597492122,0.003274062786435166,0.9442,1.1942,beauty,delhi,0,0,none,normal
M0008,125,38,83478.41,2196.8,0.03942018865397899,0.002443787705646488,1.3275,1.5286,beauty,delhi,0,0,none,normal
M0008,126,44,92393.44,2099.85,0.03911684402897937,0.0031212516649868705,1.4778,1.3564,beauty,delhi,0,0,none,normal
M0008,127,39,74144.94,1901.15,0.04605676656091796,0.003008501936918176,1.4711,1.4543,beauty,delhi,0,0,none,normal
M0008,128,45,91665.31,2037.01,0.050616388980308506,0.003677638678643609,0.7761,1.5507,beauty,delhi,0,0,none,normal
M0008,129,36,73765.54,2049.04,0.053296345235739236,0.003592717432327283,1.0892,1.2327,beauty,delhi,0,0,none,normal
M0008,130,46,104801.67,2278.3,0.04609940355150161,0.0028185422970311356,1.0549,1.5296,beauty,delhi,0,0,none,normal
M0008,131,46,96077.74,2088.65,0.05021174302893597,0.003777091573947721,1.2448,1.1696,beauty,delhi,0,0,none,normal
M0008,132,39,85702.13,2197.49,0.048346591613955436,0.0033936114304674615,1.2817,1.5032,beauty,delhi,0,0,none,normal
M0008,133,43,83997.82,1953.44,0.03828058236098353,0.003069621413298675,1.3599,1.3477,beauty,delhi,0,0,none,normal
M0008,134,37,80392.9,2172.78,0.050473473660667414,0.003285882465176281,1.2448,1.5175,beauty,delhi,0,0,none,normal
M0008,135,48,95818.73,1996.22,0.03801241321618685,0.002814912601044297,1.2686,1.3013,beauty,delhi,0,0,none,normal
M0008,136,39,85578.8,2194.33,0.044315793654272705,0.003107102442644683,1.0806,1.1907,beauty,delhi,0,0,none,normal
M0008,137,45,86292.86,1917.62,0.040781228971182075,0.0026333236075940978,1.3498,1.3746,beauty,delhi,0,0,none,normal
M0008,138,39,84701.16,2171.82,0.0419398064149904,0.002498808973001848,0.9685,1.6097,beauty,delhi,0,0,none,normal
M0008,139,43,92943.65,2161.48,0.03855650174724497,0.00271756966905804,1.5326,1.6152,beauty,delhi,0,0,none,normal
M0008,140,54,116226.98,2152.35,0.03807676972868076,0.0020004801264020882,1.5131,1.2484,beauty,delhi,0,0,none,normal
M0008,141,50,110154.18,2203.08,0.04300938081164207,0.0029810417069142015,1.3357,1.4572,beauty,delhi,0,0,none,normal
M0008,142,45,101681.75,2259.59,0.044649107707375006,0.0031919304917528576,1.2964,1.4004,beauty,delhi,0,0,none,normal
M0008,143,46,100894.98,2193.37,0.0456962681222489,0.003472681742853032,1.2448,1.48,beauty,delhi,0,0,none,normal
M0008,144,45,95629.9,2125.11,0.05326812827358885,0.002817983761402529,1.2553,1.0577,beauty,delhi,0,0,none,normal
M0008,145,41,86659.69,2113.65,0.042543777783339586,0.0037908612921387845,1.2261,1.0951,beauty,delhi,0,0,none,normal
M0008,146,38,84332.44,2219.27,0.04435068149920238,0.002538885140119137,1.4377,1.2735,beauty,delhi,0,0,none,normal
M0008,147,43,94019.64,2186.5,0.0463302475720448,0.002804065598321705,1.4276,1.4743,beauty,delhi,0,0,none,normal
M0008,148,46,99673.64,2166.82,0.042672085507179984,0.0027858114096398863,1.259,1.4332,beauty,delhi,0,0,none,normal
M0008,149,44,104447.86,2373.82,0.03456210638103341,0.003021322129514112,1.1008,1.6488,beauty,delhi,0,0,none,normal
M0008,150,41,90282.06,2202.0,0.042636806183762005,0.003030118196013414,1.4075,1.2095,beauty,delhi,0,0,none,normal
M0008,151,43,90702.72,2109.37,0.04245478378142477,0.0035916436068310713,1.1664,1.0234,beauty,delhi,0,0,none,normal
M0008,152,40,88971.84,2224.3,0.03520144932222668,0.003203927046913712,1.1738,1.2301,beauty,delhi,0,0,none,normal
M0008,153,45,93567.81,2079.28,0.04250396328208118,0.003118973929352107,0.9342,1.2811,beauty,delhi,0,0,none,normal
M0008,154,39,86578.34,2219.96,0.04108414366866411,0.00318327495813418,1.3872,1.1551,beauty,delhi,0,0,none,normal
M0008,155,45,96826.32,2151.7,0.050813364455932576,0.0033247185984092713,1.3757,1.5714,beauty,delhi,0,0,none,normal
M0008,156,45,89526.93,1989.49,0.04441498444059514,0.002391045085180201,1.1149,1.4714,beauty,delhi,0,0,none,normal
M0008,157,48,103572.9,2157.77,0.046231949404892926,0.003381578701085009,1.0866,1.3756,beauty,delhi,0,0,none,normal
M0008,158,45,81610.53,1813.57,0.055708615656195955,0.001980144984962247,0.9713,1.2195,beauty,delhi,0,0,none,normal
M0008,159,40,86362.82,2159.07,0.0441730851143213,0.003847376143984956,1.0784,1.5741,beauty,delhi,0,0,none,normal
M0008,160,49,95258.84,1944.06,0.041539793404724905,0.0032497899613437024,1.334,1.0238,beauty,delhi,0,0,none,normal
M0008,161,42,87253.61,2077.47,0.044198568543736313,0.003408948134350206,1.0223,1.1307,beauty,delhi,0,0,none,normal
M0008,162,39,82224.9,2108.33,0.046440661856613184,0.003067753837607597,1.0177,1.3359,beauty,delhi,0,0,none,normal
M0008,163,41,90451.86,2206.14,0.046116897609485716,0.0032180708222193355,1.4656,1.398,beauty,delhi,0,0,none,normal
M0008,164,36,68121.2,1892.26,0.04607589092515703,0.0029852952401667396,0.9849,1.1411,beauty,delhi,0,0,none,normal
M0008,165,41,88732.75,2164.21,0.0391805710526198,0.0028283200072825453,0.9965,1.421,beauty,delhi,0,0,none,normal
M0008,166,45,97396.31,2164.36,0.04161561451944751,0.0032899903173827694,1.1032,1.2138,beauty,delhi,0,0,none,normal
M0008,167,46,101328.31,2202.79,0.0406011748444371,0.00306365888313943,1.7033,1.4004,beauty,delhi,0,0,none,normal
M0008,168,49,107538.67,2194.67,0.03664950690311015,0.003796143313718178,1.2332,1.4466,beauty,delhi,0,0,none,normal
M0008,169,41,91022.54,2220.06,0.042042916344850495,0.0025824060268042916,1.0358,1.3387,beauty,delhi,0,0,none,normal
M0008,170,40,80489.65,2012.24,0.03876639323738988,0.002997279371427967,1.1738,1.1261,beauty,delhi,0,0,none,normal
M0008,171,48,101681.91,2118.37,0.04587911949614426,0.004234001287770031,1.689,1.5552,beauty,delhi,0,0,none,normal
M0008,172,47,95570.59,2033.42,0.031019624152652917,0.0034859944003249673,1.5619,1.2863,beauty,delhi,0,0,none,normal
M0008,173,40,81160.57,2029.01,0.05197823132197983,0.002996037769923054,1.3043,1.3867,beauty,delhi,0,0,none,normal
M0008,174,38,87334.23,2298.27,0.03747075454440218,0.002470855011643562,1.08,1.3444,beauty,delhi,0,0,none,normal
M0008,175,54,112314.02,2079.89,0.03694967306123503,0.003436734017578342,1.3408,1.3352,beauty,delhi,0,0,none,normal
M0008,176,47,100711.44,2142.8,0.03953103574429214,0.003283396409244132,1.3561,0.9284,beauty,delhi,0,0,none,normal
M0008,177,44,97361.44,2212.76,0.03721536271808966,0.0027741994025097167,1.4556,1.3009,beauty,delhi,0,0,none,normal
M0008,178,45,85451.15,1898.91,0.04096103760519248,0.0032923117300059984,0.8842,1.2021,beauty,delhi,0,0,none,normal
M0008,179,40,91223.24,2280.58,0.05320654469130184,0.0032176552725979965,1.1954,1.6881,beauty,delhi,0,0,none,normal
M0008,180,42,87333.2,2079.36,0.03997786133620371,0.0027092784857289122,1.1596,1.2476,beauty,delhi,0,0,none,normal
M0008,181,43,92414.87,2149.18,0.037447515194078275,0.0028007207798786504,1.0678,1.4848,beauty,delhi,0,0,none,normal
M0008,182,45,94662.17,2103.6,0.039073790091260406,0.003241854971643409,1.2671,1.3977,beauty,delhi,0,0,none,normal
M0008,183,42,85500.59,2035.73,0.044175721738578234,0.002822513683481892,1.0907,0.8914,beauty,delhi,0,0,none,normal
M0008,184,48,97791.67,2037.33,0.03735288355073747,0.0028820506981591587,1.3122,1.3826,beauty,delhi,0,0,none,normal
M0008,185,40,92948.95,2323.72,0.04247738617833528,0.0036682022855402618,1.4774,1.337,beauty,delhi,0,0,none,normal
M0008,186,42,90591.72,2156.95,0.037293489408548076,0.0030896344333916368,1.1693,1.1102,beauty,delhi,0,0,none,normal
M0008,187,36,77719.74,2158.88,0.04366384434013729,0.003414158071097104,1.2577,1.0619,beauty,delhi,0,0,none,normal
M0008,188,42,89738.63,2136.63,0.051085439964112675,0.002928486554874595,1.5931,0.85,beauty,delhi,0,0,none,normal
M0008,189,40,96174.87,2404.37,0.04296237705398128,0.0027094005796991,1.3269,1.5264,beauty,delhi,0,0,none,normal
M0008,190,49,105995.8,2163.18,0.04386408703813699,0.0028707481422887873,1.072,1.6179,beauty,delhi,0,0,none,normal
M0008,191,38,87603.46,2305.35,0.047157654836934175,0.0026788623717443933,1.1619,1.2645,beauty,delhi,0,0,none,normal
M0008,192,43,89735.85,2086.88,0.048192673238859014,0.00265581546348767,0.714,1.3292,beauty,delhi,0,0,none,normal
M0008,193,51,104615.19,2051.28,0.04744567062465477,0.0031203281159443985,1.2902,0.957,beauty,delhi,0,0,none,normal
M0008,194,46,99001.7,2152.21,0.04756705287789982,0.002763387395152754,0.9501,1.2864,beauty,delhi,0,0,none,normal
M0008,195,42,88971.61,2118.37,0.039850881520672565,0.002925351241949457,1.2748,0.8661,beauty,delhi,0,0,none,normal
M0008,196,49,104120.16,2124.9,0.04294993075770017,0.003036138502274913,1.2393,1.3004,beauty,delhi,0,0,none,normal
M0008,197,43,90290.33,2099.78,0.04148045137304085,0.002521111149406954,1.1044,1.2149,beauty,delhi,0,0,none,normal
M0008,198,39,81851.03,2098.74,0.03331479493296847,0.002578912557475923,1.5474,1.3832,beauty,delhi,0,0,none,normal
M0008,199,43,91211.86,2121.21,0.05013379903995179,0.0027195511923178927,1.3785,1.4874,beauty,delhi,0,0,none,normal
M0008,200,52,110991.98,2134.46,0.05179463169182134,0.002721592645433051,1.1875,1.4721,beauty,delhi,0,0,none,normal
M0008,201,40,79892.02,1997.3,0.049256725633387975,0.0038194427533571967,1.2115,1.1954,beauty,delhi,0,0,none,normal
M0008,202,37,76395.57,2064.75,0.040343238259168974,0.0029841960390315893,1.5251,1.1829,beauty,delhi,0,0,none,normal
M0008,203,40,85834.87,2145.87,0.05531654689122243,0.002893136334323655,1.6427,1.4345,beauty,delhi,0,0,none,normal
M0008,204,50,103689.63,2073.79,0.04773506533433867,0.003713397953052787,1.3476,1.0354,beauty,delhi,0,0,none,normal
M0008,205,50,102778.04,2055.56,0.03927099618165583,0.0027539513000752395,1.4076,1.1888,beauty,delhi,0,0,none,normal
M0008,206,44,94695.73,2152.18,0.03773120139615128,0.0030867778562356394,1.3901,1.3914,beauty,delhi,0,0,none,normal
M0008,207,43,84247.68,1959.25,0.04771099733881871,0.004343172182534826,1.1463,1.4338,beauty,delhi,0,0,none,normal
M0008,208,44,97773.89,2222.13,0.036694453555194434,0.003158074138304248,1.1894,1.5201,beauty,delhi,0,0,none,normal
M0008,209,40,86030.56,2150.76,0.029783609426086672,0.002815972365277517,1.4223,1.5814,beauty,delhi,0,0,none,normal
M0008,210,46,93828.62,2039.75,0.04286211570461537,0.0031725027302520158,1.1539,1.4762,beauty,delhi,0,0,none,normal
M0008,211,46,84599.03,1839.11,0.04219915998760239,0.0026950369908916322,1.3863,1.5442,beauty,delhi,0,0,none,normal
M0008,212,44,92838.9,2109.97,0.04934538106721292,0.0031433421410719856,0.9997,1.0942,beauty,delhi,0,0,none,normal
M0008,213,40,75588.75,1889.72,0.04215837481284953,0.0030849857078481886,1.233,1.2177,beauty,delhi,0,0,none,normal
M0008,214,46,96993.5,2108.55,0.04820757226613774,0.0029841165500626996,1.1351,1.2807,beauty,delhi,0,0,none,normal
M0008,215,44,96093.56,2183.94,0.04414226561692485,0.002901778701233812,1.3571,1.3324,beauty,delhi,0,0,none,normal
M0008,216,40,82727.68,2068.19,0.041629464482270444,0.0027645037026170216,1.428,1.2647,beauty,delhi,0,0,none,normal
M0008,217,44,82919.3,1884.53,0.049725343488845976,0.003311856703462886,1.303,1.5023,beauty,delhi,0,0,none,normal
M0008,218,42,94373.79,2247.0,0.04612946887772808,0.002303275087973523,1.5265,1.4872,beauty,delhi,0,0,none,normal
M0008,219,48,93878.96,1955.81,0.03834622575207849,0.0030250346256282543,1.3914,1.5627,beauty,delhi,0,0,none,normal
M0008,220,47,114613.01,2438.57,0.042781201424640244,0.0037961648312441988,1.3246,1.3667,beauty,delhi,0,0,none,normal
M0008,221,45,91297.23,2028.83,0.037825423499256605,0.0032419474929730936,1.2363,1.2329,beauty,delhi,0,0,none,normal
M0008,222,42,84729.38,2017.37,0.03514880488839361,0.0027246996498103324,1.1346,1.4772,beauty,delhi,0,0,none,normal
M0008,223,45,105307.16,2340.16,0.051558979447677976,0.002808024676190752,1.4585,1.473,beauty,delhi,0,0,none,normal
M0008,224,48,99758.75,2078.31,0.03699267389013693,0.0032709950861633847,1.2795,1.0946,beauty,delhi,0,0,none,normal
M0008,225,40,78670.19,1966.75,0.04159154794262935,0.003868885760832329,1.005,1.5364,beauty,delhi,0,0,none,normal
M0008,226,46,104927.13,2281.02,0.052978689271594416,0.004097171986779224,1.1959,1.1582,beauty,delhi,0,0,none,normal
M0008,227,46,93480.31,2032.18,0.04324419146899317,0.0030297045479690276,1.3348,1.4762,beauty,delhi,0,0,none,normal
M0008,228,46,93070.12,2023.26,0.048846462771674634,0.0033487874605361,1.5341,1.2676,beauty,delhi,0,0,none,normal
M0008,229,49,102192.03,2085.55,0.04568567251603466,0.0024312053329241068,1.5171,1.0925,beauty,delhi,0,0,none,normal
M0008,230,45,99694.83,2215.44,0.03880006897293305,0.0030805989025620177,1.4527,1.583,beauty,delhi,0,0,none,normal
M0008,231,40,87101.19,2177.53,0.04060128529252445,0.0031120062318423635,1.1222,0.9863,beauty,delhi,0,0,none,normal
M0008,232,41,81120.18,1978.54,0.03530283986834702,0.0026523114774266517,0.9353,1.2261,beauty,delhi,0,0,none,normal
M0008,233,45,106261.68,2361.37,0.03387431082628625,0.003511851379442486,1.2437,1.4328,beauty,delhi,0,0,none,normal
M0008,234,52,114025.27,2192.79,0.0491994053527812,0.003201665066441522,1.5104,1.6307,beauty,delhi,0,0,none,normal
M0008,235,40,82310.94,2057.77,0.038964438683192645,0.0029233772029601916,1.3269,1.4076,beauty,delhi,0,0,none,normal
M0008,236,41,82147.03,2003.59,0.04893661751079172,0.0035251498556619354,1.4711,1.4338,beauty,delhi,0,0,none,normal
M0008,237,43,96550.81,2245.37,0.051508839345088604,0.0027737884603324134,1.364,0.9689,beauty,delhi,0,0,none,normal
M0008,238,45,96296.23,2139.92,0.03259313084065438,0.003085343210745354,1.0093,1.2861,beauty,delhi,0,0,none,normal
M0008,239,45,95841.83,2129.82,0.045557620192302195,0.0028199741219275287,1.139,0.9373,beauty,delhi,0,0,none,normal
M0009,0,136,306677.01,2254.98,0.07144669677784307,0.003904613588720096,1.2896,1.205,subscriptions,hyderabad,0,0,none,seasonal
M0009,1,138,289020.46,2094.35,0.06245633760282525,0.005614317565261404,1.2007,1.4134,subscriptions,hyderabad,0,0,none,seasonal
M0009,2,116,260461.71,2245.36,0.07678738879480154,0.005043605138993224,1.3106,1.2376,subscriptions,hyderabad,0,0,none,seasonal
M0009,3,140,284101.17,2029.29,0.06475325257531354,0.0051143853402579025,1.4289,1.2637,subscriptions,hyderabad,0,0,none,seasonal
M0009,4,122,269882.0,2212.15,0.06265471709289867,0.005686330096121044,1.3801,1.6356,subscriptions,hyderabad,0,0,none,seasonal
M0009,5,118,268993.97,2279.61,0.0725414240600279,0.004339928349091444,1.3049,1.6409,subscriptions,hyderabad,0,0,none,seasonal
M0009,6,106,252711.91,2384.07,0.07294639776331556,0.00580914933689579,1.4244,1.3697,subscriptions,hyderabad,0,0,none,seasonal
M0009,7,150,317379.65,2115.86,0.07635157307302011,0.004170963628303791,1.3755,1.4093,subscriptions,hyderabad,0,0,none,seasonal
M0009,8,124,264410.23,2132.34,0.07299925958365405,0.0045518289876763035,1.2545,1.2454,subscriptions,hyderabad,0,0,none,seasonal
M0009,9,132,275580.75,2087.73,0.06629614021789296,0.00500767509310492,1.433,1.4132,subscriptions,hyderabad,0,0,none,seasonal
M0009,10,132,306593.33,2322.68,0.07761597126897322,0.005082479930854702,1.3587,1.4874,subscriptions,hyderabad,0,0,none,seasonal
M0009,11,146,297646.81,2038.68,0.07400959679017419,0.004822498731352657,1.3166,1.1573,subscriptions,hyderabad,0,0,none,seasonal
M0009,12,115,242324.79,2107.17,0.06737327631295174,0.005304202524415723,1.1684,1.3052,subscriptions,hyderabad,0,0,none,seasonal
M0009,13,147,310659.53,2113.33,0.07578611379177601,0.005378467513677992,1.4316,1.4057,subscriptions,hyderabad,0,0,none,seasonal
M0009,14,124,270681.95,2182.92,0.06677189900423197,0.004444542147237856,1.312,1.5013,subscriptions,hyderabad,0,0,none,seasonal
M0009,15,129,287622.76,2229.63,0.07240467571922243,0.004299997784844531,1.3795,1.3413,subscriptions,hyderabad,0,0,none,seasonal
M0009,16,133,250658.43,1884.65,0.07330174989651296,0.004428723090799287,1.1348,1.4415,subscriptions,hyderabad,0,0,none,seasonal
M0009,17,114,237788.68,2085.87,0.08277405279424215,0.0028232435961086,1.47,1.477,subscriptions,hyderabad,0,0,none,seasonal
M0009,18,129,267404.2,2072.9,0.055842629410248555,0.003923860695462569,1.1257,1.3253,subscriptions,hyderabad,0,0,none,seasonal
M0009,19,139,321744.09,2314.71,0.07227434813804026,0.0037205348687853936,1.2409,1.6333,subscriptions,hyderabad,0,0,none,seasonal
M0009,20,116,246537.94,2125.33,0.059687590387829954,0.003869144119492593,1.3148,1.547,subscriptions,hyderabad,0,0,none,seasonal
M0009,21,118,255222.67,2162.9,0.061396120230937934,0.0054519115347188354,1.3626,1.2573,subscriptions,hyderabad,0,0,none,seasonal
M0009,22,128,242367.65,1893.5,0.07271969379113516,0.004742632800363433,1.3235,1.2876,subscriptions,hyderabad,0,0,none,seasonal
M0009,23,143,272279.12,1904.05,0.08115188539943348,0.003802871122843511,1.4088,1.2511,subscriptions,hyderabad,0,0,none,seasonal
M0009,24,129,261684.67,2028.56,0.06955142979722653,0.004428221428399478,1.2726,1.3458,subscriptions,hyderabad,0,0,none,seasonal
M0009,25,140,319431.59,2281.65,0.0724379626237647,0.005133356301934397,1.2452,1.5613,subscriptions,hyderabad,0,0,none,seasonal
M0009,26,141,295047.74,2092.54,0.05873939736236026,0.0042783657904433975,1.2111,1.5672,subscriptions,hyderabad,0,0,none,seasonal
M0009,27,129,281964.99,2185.78,0.05837390209621569,0.004671714616893448,1.2301,1.4114,subscriptions,hyderabad,0,0,none,seasonal
M0009,28,125,261092.0,2088.74,0.07533720269258247,0.003809013517939649,1.3635,1.1882,subscriptions,hyderabad,0,0,none,seasonal
M0009,29,112,257218.96,2296.6,0.06695896347849954,0.003866548337305298,1.3758,1.3004,subscriptions,hyderabad,0,0,none,seasonal
M0009,30,124,237167.46,1912.64,0.06565147521459086,0.004671374156541738,1.2853,1.3025,subscriptions,hyderabad,0,0,none,seasonal
M0009,31,132,287609.56,2178.86,0.06222055849879014,0.004462050046334787,1.2309,1.6497,subscriptions,hyderabad,0,0,none,seasonal
M0009,32,133,277309.26,2085.03,0.0761483631745827,0.0032746819041690064,1.2938,1.4814,subscriptions,hyderabad,0,0,none,seasonal
M0009,33,130,282166.17,2170.51,0.06586068387213066,0.003934906354621161,1.1815,1.2833,subscriptions,hyderabad,0,0,none,seasonal
M0009,34,136,322647.55,2372.41,0.058859990097390666,0.003994066878723412,1.2408,1.475,subscriptions,hyderabad,0,0,none,seasonal
M0009,35,138,284339.22,2060.43,0.06471418596589326,0.003976916661032462,1.261,1.2503,subscriptions,hyderabad,0,0,none,seasonal
M0009,36,139,320613.37,2306.57,0.0563101133606113,0.005211960407815322,1.3735,1.3126,subscriptions,hyderabad,0,0,none,seasonal
M0009,37,112,240300.41,2145.54,0.07569341931336494,0.003406635678459467,1.2041,1.343,subscriptions,hyderabad,0,0,none,seasonal
M0009,38,104,214463.93,2062.15,0.07793665316058385,0.0043682330425092895,1.3129,1.5724,subscriptions,hyderabad,0,0,none,seasonal
M0009,39,134,306726.0,2289.0,0.06288332430500047,0.0055126558248676655,1.3478,1.5293,subscriptions,hyderabad,0,0,none,seasonal
M0009,40,303,657984.53,2171.57,0.08345800183820902,0.005719616464585858,1.3483,1.5283,subscriptions,hyderabad,0,0,none,seasonal
M0009,41,305,607380.1,1991.41,0.09972771435571696,0.004817108835240143,1.2144,1.4229,subscriptions,hyderabad,0,0,none,seasonal
M0009,42,324,651642.68,2011.24,0.09522452804238428,0.0031269142229869346,1.3214,1.4225,subscriptions,hyderabad,0,0,none,seasonal
M0009,43,248,510223.21,2057.35,0.10199522322177947,0.004163800530447448,1.4173,1.3643,subscriptions,hyderabad,0,0,none,seasonal
M0009,44,293,632741.82,2159.53,0.09914612225086115,0.004138752175594562,1.3082,1.4944,subscriptions,hyderabad,0,0,none,seasonal
M0009,45,265,533209.47,2012.11,0.10159432024059602,0.005679880913537793,1.3251,1.5059,subscriptions,hyderabad,0,0,none,seasonal
M0009,46,118,246337.45,2087.61,0.0607554464033944,0.003712989273732111,1.377,1.2677,subscriptions,hyderabad,0,0,none,seasonal
M0009,47,143,315028.56,2203.0,0.07305239895654338,0.004166093746662725,1.4591,1.5016,subscriptions,hyderabad,0,0,none,seasonal
M0009,48,124,252806.67,2038.76,0.07473115603143905,0.005063052579279787,1.4446,1.2373,subscriptions,hyderabad,0,0,none,seasonal
M0009,49,138,273181.1,1979.57,0.07667834641696573,0.004555915796549578,1.3558,1.2813,subscriptions,hyderabad,0,0,none,seasonal
M0009,50,158,351060.86,2221.9,0.07292458578642554,0.004799772136268471,1.3516,1.3661,subscriptions,hyderabad,0,0,none,seasonal
M0009,51,105,199129.91,1896.48,0.0730601902607489,0.004858167336851347,1.3524,1.2005,subscriptions,hyderabad,0,0,none,seasonal
M0009,52,136,239268.35,1759.33,0.07525292167624842,0.005023798111740659,1.2719,1.3898,subscriptions,hyderabad,0,0,none,seasonal
M0009,53,128,262138.54,2047.96,0.06309196956867814,0.004628265982207356,1.2334,1.4487,subscriptions,hyderabad,0,0,none,seasonal
M0009,54,148,320204.55,2163.54,0.06608517179788552,0.003995709652150895,1.3198,1.3664,subscriptions,hyderabad,0,0,none,seasonal
M0009,55,119,248603.01,2089.1,0.07570788093174681,0.003419252245186286,1.2329,1.4242,subscriptions,hyderabad,0,0,none,seasonal
M0009,56,111,214042.33,1928.31,0.0531808470499831,0.004718798469290531,1.3372,1.3358,subscriptions,hyderabad,0,0,none,seasonal
M0009,57,144,298954.55,2076.07,0.06986273376167164,0.004872333261972039,1.2902,1.4848,subscriptions,hyderabad,0,0,none,seasonal
M0009,58,129,301652.61,2338.39,0.07633272865481935,0.004658845895641631,1.5008,1.2583,subscriptions,hyderabad,0,0,none,seasonal
M0009,59,129,283878.34,2200.61,0.08320521692156276,0.004587666833939757,1.2689,1.321,subscriptions,hyderabad,0,0,none,seasonal
M0009,60,151,310161.65,2054.05,0.05862706171642645,0.004961527212780409,1.3668,1.5118,subscriptions,hyderabad,0,0,none,seasonal
M0009,61,130,281903.17,2168.49,0.07876271786146345,0.005262278018245163,1.2832,1.3447,subscriptions,hyderabad,0,0,none,seasonal
M0009,62,130,306196.74,2355.36,0.05757284563154305,0.0030323076829319295,1.3143,1.3161,subscriptions,hyderabad,0,0,none,seasonal
M0009,63,136,278621.61,2048.69,0.07306267266765411,0.00533159236909281,1.2593,1.5687,subscriptions,hyderabad,0,0,none,seasonal
M0009,64,115,243180.87,2114.62,0.06582903881332486,0.003119179092410779,1.3266,1.5088,subscriptions,hyderabad,0,0,none,seasonal
M0009,65,125,261737.39,2093.9,0.06988715307801906,0.004259731270016561,1.3419,1.2647,subscriptions,hyderabad,0,0,none,seasonal
M0009,66,129,291496.78,2259.66,0.06736179364664223,0.004503022291513443,1.3193,1.4755,subscriptions,hyderabad,0,0,none,seasonal
M0009,67,142,263849.15,1858.09,0.06289313086973722,0.004390144156982616,1.2307,1.3022,subscriptions,hyderabad,0,0,none,seasonal
M0009,68,123,262114.34,2131.01,0.06238343598302164,0.00475188980597143,1.3334,1.3941,subscriptions,hyderabad,0,0,none,seasonal
M0009,69,128,272820.74,2131.41,0.059100327932237864,0.002930986114988786,1.3383,1.3062,subscriptions,hyderabad,0,0,none,seasonal
M0009,70,128,262693.66,2052.29,0.06699199692235275,0.004041186587034677,1.1029,1.6119,subscriptions,hyderabad,0,0,none,seasonal
M0009,71,139,282243.87,2030.53,0.048499669536857394,0.004215790786648189,1.2954,1.2959,subscriptions,hyderabad,0,0,none,seasonal
M0009,72,140,290529.45,2075.21,0.054384132505659925,0.0039054623891007726,1.3746,1.5338,subscriptions,hyderabad,0,0,none,seasonal
M0009,73,128,267195.8,2087.47,0.07604531485986897,0.004871427690981666,1.2425,1.6343,subscriptions,hyderabad,0,0,none,seasonal
M0009,74,138,317203.6,2298.58,0.05938769212600533,0.004365110087029134,1.3513,1.2703,subscriptions,hyderabad,0,0,none,seasonal
M0009,75,115,247490.23,2152.09,0.06944502085942492,0.004234430392362941,1.3634,1.2977,subscriptions,hyderabad,0,0,none,seasonal
M0009,76,131,289518.4,2210.06,0.057920715402095424,0.004390148861231486,1.2118,1.2301,subscriptions,hyderabad,0,0,none,seasonal
M0009,77,137,314749.39,2297.44,0.06382020262329985,0.0028949350241628626,1.3454,1.4544,subscriptions,hyderabad,0,0,none,seasonal
M0009,78,141,302280.66,2143.83,0.07136949190415726,0.004423777582015686,1.2595,1.2938,subscriptions,hyderabad,0,0,none,seasonal
M0009,79,138,296294.84,2147.06,0.06516845507687852,0.004182204930684248,1.2051,1.2662,subscriptions,hyderabad,0,0,none,seasonal
M0009,80,118,248935.71,2109.62,0.07015625034291324,0.0042425647042166025,1.2837,1.5378,subscriptions,hyderabad,0,0,none,seasonal
M0009,81,135,290697.16,2153.31,0.07654225577119951,0.00433708975614359,1.38,1.321,subscriptions,hyderabad,0,0,none,seasonal
M0009,82,132,280288.82,2123.4,0.06543893212760306,0.0038132853411456304,1.3113,1.257,subscriptions,hyderabad,0,0,none,seasonal
M0009,83,144,330049.1,2292.01,0.07104435911215637,0.0034281869531023234,1.457,1.5846,subscriptions,hyderabad,0,0,none,seasonal
M0009,84,140,295760.38,2112.57,0.06289505706157145,0.003471763037171431,1.2607,1.4043,subscriptions,hyderabad,0,0,none,seasonal
M0009,85,130,291952.33,2245.79,0.06465127839100131,0.005003378500746376,1.3731,1.3048,subscriptions,hyderabad,0,0,none,seasonal
M0009,86,124,269994.35,2177.37,0.06944404992455512,0.0044668149480610484,1.3356,1.5579,subscriptions,hyderabad,0,0,none,seasonal
M0009,87,116,229368.88,1977.32,0.06907831311728682,0.0037018774824543817,1.4656,1.2308,subscriptions,hyderabad,0,0,none,seasonal
M0009,88,125,288532.53,2308.26,0.07320187841513724,0.0049115541636760565,1.2016,1.4889,subscriptions,hyderabad,0,0,none,seasonal
M0009,89,138,312540.17,2264.78,0.07029137047787058,0.00495236639432358,1.1607,1.3484,subscriptions,hyderabad,0,0,none,seasonal
M0009,90,129,241038.13,1868.51,0.06328155881478342,0.005127871951958865,1.446,1.5225,subscriptions,hyderabad,0,0,none,seasonal
M0009,91,129,258215.72,2001.67,0.06850309750304602,0.003614304850208129,1.3806,1.2176,subscriptions,hyderabad,0,0,none,seasonal
M0009,92,124,265335.33,2139.8,0.06665863306413809,0.004470054192438437,1.2368,1.2502,subscriptions,hyderabad,0,0,none,seasonal
M0009,93,145,324230.04,2236.07,0.06631606054990995,0.004375563822718064,1.3799,1.4035,subscriptions,hyderabad,0,0,none,seasonal
M0009,94,132,294195.51,2228.75,0.0781563492912914,0.005208456002839507,1.3014,1.3482,subscriptions,hyderabad,0,0,none,seasonal
M0009,95,140,323036.2,2307.4,0.07502772587661335,0.005430830577560618,1.1736,1.4656,subscriptions,hyderabad,0,0,none,seasonal
M0009,96,122,267664.86,2193.97,0.08264815106382105,0.004912834852766872,1.0272,1.221,subscriptions,hyderabad,0,0,none,seasonal
M0009,97,134,270463.82,2018.39,0.06773245608041166,0.005107909898634896,1.3191,1.0865,subscriptions,hyderabad,0,0,none,seasonal
M0009,98,134,272045.74,2030.19,0.06856464457418075,0.00455752212785668,1.3866,1.438,subscriptions,hyderabad,0,0,none,seasonal
M0009,99,130,271239.1,2086.45,0.06943852471634175,0.004084352425648062,1.1923,1.3963,subscriptions,hyderabad,0,0,none,seasonal
M0009,100,129,282665.86,2191.21,0.06984545141522075,0.00396373612029093,1.4685,1.3579,subscriptions,hyderabad,0,0,none,seasonal
M0009,101,150,300872.51,2005.82,0.06463790627959705,0.0037259585004525307,1.2108,1.4219,subscriptions,hyderabad,0,0,none,seasonal
M0009,102,141,319127.28,2263.31,0.07201764996162924,0.006627287468386312,1.2826,1.2177,subscriptions,hyderabad,0,0,none,seasonal
M0009,103,135,258295.79,1913.3,0.06819169130164177,0.004537638645230667,1.2812,1.3769,subscriptions,hyderabad,0,0,none,seasonal
M0009,104,116,263430.61,2270.95,0.07524537574368996,0.004913489039570174,1.2251,1.5724,subscriptions,hyderabad,0,0,none,seasonal
M0009,105,129,243631.25,1888.61,0.08767400864873731,0.005110784344434363,1.1641,1.4287,subscriptions,hyderabad,0,0,none,seasonal
M0009,106,143,301930.93,2111.41,0.07564595257908079,0.005104297903603645,1.2442,1.3286,subscriptions,hyderabad,0,0,none,seasonal
M0009,107,115,229051.95,1991.76,0.07049517742026731,0.005497415975740712,1.3971,1.6303,subscriptions,hyderabad,0,0,none,seasonal
M0009,108,139,277444.34,1996.0,0.054850089986045805,0.004318839150740643,1.3229,1.5818,subscriptions,hyderabad,0,0,none,seasonal
M0009,109,134,264435.14,1973.4,0.06593535630312977,0.004411211341092096,1.3817,1.5763,subscriptions,hyderabad,0,0,none,seasonal
M0009,110,125,271563.74,2172.51,0.0820262443118639,0.00510578024908089,1.119,1.4079,subscriptions,hyderabad,0,0,none,seasonal
M0009,111,127,276700.93,2178.75,0.07035442531943056,0.004553056715611477,1.2844,1.3666,subscriptions,hyderabad,0,0,none,seasonal
M0009,112,141,275928.87,1956.94,0.06979116435835324,0.0037527259430078816,1.1948,1.3098,subscriptions,hyderabad,0,0,none,seasonal
M0009,113,129,241436.73,1871.6,0.07482408905330365,0.0037537319598255365,1.3219,1.4111,subscriptions,hyderabad,0,0,none,seasonal
M0009,114,134,312372.25,2331.14,0.06772092384586685,0.004861081503132356,1.1997,1.3079,subscriptions,hyderabad,0,0,none,seasonal
M0009,115,137,315216.53,2300.85,0.06016959706270755,0.0038203723299729308,1.1388,1.0542,subscriptions,hyderabad,0,0,none,seasonal
M0009,116,143,323791.78,2264.28,0.07272663864561361,0.003571087149715586,1.4358,1.2585,subscriptions,hyderabad,0,0,none,seasonal
M0009,117,126,273890.93,2173.74,0.06660498460828879,0.0036692671604856165,1.5065,1.1737,subscriptions,hyderabad,0,0,none,seasonal
M0009,118,124,260837.07,2103.52,0.0772976811346366,0.00524633660493654,1.3329,1.3023,subscriptions,hyderabad,0,0,none,seasonal
M0009,119,121,247449.87,2045.04,0.07591211731318971,0.005004936878966918,1.2279,1.2964,subscriptions,hyderabad,0,0,none,seasonal
M0009,120,138,302455.95,2191.71,0.06070613679986979,0.003999280251500605,1.4117,1.308,subscriptions,hyderabad,0,0,none,seasonal
M0009,121,117,224549.37,1919.23,0.0698257876589909,0.005835606639025115,1.3316,1.3489,subscriptions,hyderabad,0,0,none,seasonal
M0009,122,140,297825.5,2127.33,0.08510690582965788,0.0043654618452195135,1.3011,1.4012,subscriptions,hyderabad,0,0,none,seasonal
M0009,123,116,240298.88,2071.54,0.07739888420181909,0.004264250747133522,1.427,1.2194,subscriptions,hyderabad,0,0,none,seasonal
M0009,124,129,305621.4,2369.16,0.07078477924261639,0.005765466079329148,1.0909,1.5938,subscriptions,hyderabad,0,0,none,seasonal
M0009,125,121,248520.42,2053.89,0.062986361242626,0.004444399215610997,1.436,1.4191,subscriptions,hyderabad,0,0,none,seasonal
M0009,126,113,231752.87,2050.91,0.06316493684105505,0.00550655800590856,1.2882,1.3595,subscriptions,hyderabad,0,0,none,seasonal
M0009,127,110,221276.14,2011.6,0.07249992701743437,0.003741019750270749,1.3559,1.2298,subscriptions,hyderabad,0,0,none,seasonal
M0009,128,128,299620.9,2340.79,0.06750637773689162,0.004883370413057436,1.2754,1.137,subscriptions,hyderabad,0,0,none,seasonal
M0009,129,134,266157.93,1986.25,0.07315785016372858,0.004240295246643435,1.2942,1.4533,subscriptions,hyderabad,0,0,none,seasonal
M0009,130,302,697237.68,2308.73,0.07174795477689902,0.0052134752090460534,1.3896,1.2657,subscriptions,hyderabad,0,0,none,seasonal
M0009,131,266,549796.19,2066.9,0.09349240993449409,0.004559333722286258,1.2948,1.3887,subscriptions,hyderabad,0,0,none,seasonal
M0009,132,240,459209.79,1913.37,0.10393242242835593,0.00444643070602088,1.2329,1.4102,subscriptions,hyderabad,0,0,none,seasonal
M0009,133,262,529011.27,2019.13,0.09601350547179381,0.005485945054688574,1.2876,1.6007,subscriptions,hyderabad,0,0,none,seasonal
M0009,134,311,668967.49,2151.02,0.10936393881126028,0.0041653196578922596,1.3484,1.3344,subscriptions,hyderabad,0,0,none,seasonal
M0009,135,289,607082.71,2100.63,0.0635295379278434,0.004515418312651262,1.2458,1.5745,subscriptions,hyderabad,0,0,none,seasonal
M0009,136,130,283256.48,2178.9,0.05252170402930391,0.004878165977052897,1.3462,1.4654,subscriptions,hyderabad,0,0,none,seasonal
M0009,137,125,253756.08,2030.05,0.07252912099529726,0.004127682207829037,1.3597,1.431,subscriptions,hyderabad,0,0,none,seasonal
M0009,138,136,288007.46,2117.7,0.06581003185807546,0.005110218717866424,1.0877,1.4444,subscriptions,hyderabad,0,0,none,seasonal
M0009,139,132,296348.77,2245.07,0.07255972361081037,0.0036575532402647257,1.2338,1.3333,subscriptions,hyderabad,0,0,none,seasonal
M0009,140,144,322770.75,2241.46,0.07928054491952863,0.004691689114115653,1.2939,1.1573,subscriptions,hyderabad,0,0,none,seasonal
M0009,141,142,316002.35,2225.37,0.07091948319378663,0.005147263335243532,1.4023,1.2646,subscriptions,hyderabad,0,0,none,seasonal
M0009,142,133,256310.45,1927.15,0.06729651952488146,0.0048939561173104084,1.3993,1.5224,subscriptions,hyderabad,0,0,none,seasonal
M0009,143,142,319150.45,2247.54,0.06463994827022597,0.004472432557779927,1.3338,1.4246,subscriptions,hyderabad,0,0,none,seasonal
M0009,144,134,291982.65,2178.97,0.06789126863925972,0.005055438831733595,1.1564,1.2836,subscriptions,hyderabad,0,0,none,seasonal
M0009,145,143,333697.62,2333.55,0.07103943241408957,0.0040866806145975374,1.3652,1.4792,subscriptions,hyderabad,0,0,none,seasonal
M0009,146,135,281799.88,2087.41,0.0629753439639313,0.004324595136588642,1.4,1.433,subscriptions,hyderabad,0,0,none,seasonal
M0009,147,127,253583.49,1996.72,0.08057604963844203,0.005032130865643629,1.2212,1.1526,subscriptions,hyderabad,0,0,none,seasonal
M0009,148,135,293170.85,2171.64,0.07324724996762254,0.00468739866897969,1.3892,1.2801,subscriptions,hyderabad,0,0,none,seasonal
M0009,149,142,293133.43,2064.32,0.0749302492137365,0.005020853772261853,1.2257,1.3396,subscriptions,hyderabad,0,0,none,seasonal
M0009,150,111,247890.63,2233.25,0.06523074188250952,0.0047370627498554765,1.2083,1.3287,subscriptions,hyderabad,0,0,none,seasonal
M0009,151,124,274777.12,2215.94,0.07880715561980556,0.0038268931812235397,1.3329,1.3546,subscriptions,hyderabad,0,0,none,seasonal
M0009,152,124,282368.63,2277.17,0.07049115266030657,0.004057150727978782,1.3321,1.5433,subscriptions,hyderabad,0,0,none,seasonal
M0009,153,122,277697.38,2276.21,0.06087217225833154,0.004323107101757621,1.1684,1.3084,subscriptions,hyderabad,0,0,none,seasonal
M0009,154,150,326916.22,2179.44,0.07181806569036323,0.005072761427552999,1.309,1.4251,subscriptions,hyderabad,0,0,none,seasonal
M0009,155,118,241021.34,2042.55,0.06896074740599403,0.0046411083064511775,1.1981,1.391,subscriptions,hyderabad,0,0,none,seasonal
M0009,156,133,302331.13,2273.17,0.07782190143098364,0.005554821092437703,1.2557,1.3454,subscriptions,hyderabad,0,0,none,seasonal
M0009,157,115,243375.53,2116.31,0.05888049065331093,0.005202370069315851,1.2547,1.3204,subscriptions,hyderabad,0,0,none,seasonal
M0009,158,139,285522.2,2054.12,0.05871438519438876,0.00605704998374549,1.1086,1.3795,subscriptions,hyderabad,0,0,none,seasonal
M0009,159,120,250512.46,2087.6,0.059889240100062836,0.004735928847644389,1.2065,1.3223,subscriptions,hyderabad,0,0,none,seasonal
M0009,160,140,308605.02,2204.32,0.058975338951897265,0.004603156020355832,1.3672,1.1567,subscriptions,hyderabad,0,0,none,seasonal
M0009,161,125,272448.44,2179.59,0.062402931768963964,0.004342279641381643,1.419,1.4455,subscriptions,hyderabad,0,0,none,seasonal
M0009,162,140,307023.27,2193.02,0.07710920595960653,0.005786217797370303,1.3124,1.3412,subscriptions,hyderabad,0,0,none,seasonal
M0009,163,143,354588.05,2479.64,0.06275605174503421,0.004263495371058968,1.3783,1.4661,subscriptions,hyderabad,0,0,none,seasonal
M0009,164,130,285288.98,2194.53,0.07715493949040242,0.0037907690366217684,1.2214,1.3314,subscriptions,hyderabad,0,0,none,seasonal
M0009,165,130,261768.58,2013.6,0.07222196347794328,0.00427366634530513,1.3074,1.4382,subscriptions,hyderabad,0,0,none,seasonal
M0009,166,131,267072.71,2038.72,0.06583947291617648,0.0046610373347085714,1.4446,1.2784,subscriptions,hyderabad,0,0,none,seasonal
M0009,167,130,303008.79,2330.84,0.05851128680373382,0.00408811916299666,1.1824,1.312,subscriptions,hyderabad,0,0,none,seasonal
M0009,168,135,306399.23,2269.62,0.06761898639319536,0.004031230784857647,1.44,1.6126,subscriptions,hyderabad,0,0,none,seasonal
M0009,169,128,307138.88,2399.52,0.05958260243215528,0.005635287627075204,1.1121,1.364,subscriptions,hyderabad,0,0,none,seasonal
M0009,170,122,244047.6,2000.39,0.06666659081961158,0.003508776179366112,1.4041,1.1896,subscriptions,hyderabad,0,0,none,seasonal
M0009,171,131,288406.53,2201.58,0.06007213162206429,0.004428289444260811,1.3897,1.6241,subscriptions,hyderabad,0,0,none,seasonal
M0009,172,145,297744.65,2053.41,0.06974641908426626,0.00405693715359485,1.284,1.2676,subscriptions,hyderabad,0,0,none,seasonal
M0009,173,114,236773.23,2076.96,0.08636325589526804,0.00420032924438525,1.3284,1.3187,subscriptions,hyderabad,0,0,none,seasonal
M0009,174,138,321039.42,2326.37,0.0687841892377247,0.005346711512820268,1.3839,1.3948,subscriptions,hyderabad,0,0,none,seasonal
M0009,175,113,226657.19,2005.82,0.06589121128667329,0.005322248031394946,1.3103,1.2645,subscriptions,hyderabad,0,0,none,seasonal
M0009,176,135,276845.45,2050.71,0.06469791479030738,0.004348501851885265,1.2424,1.2868,subscriptions,hyderabad,0,0,none,seasonal
M0009,177,102,215555.02,2113.28,0.06280591803329073,0.003762044079215063,1.4364,1.1712,subscriptions,hyderabad,0,0,none,seasonal
M0009,178,149,329067.0,2208.5,0.08360335139113724,0.004704361302452232,1.322,1.4077,subscriptions,hyderabad,0,0,none,seasonal
M0009,179,137,263730.87,1925.04,0.06485499382215941,0.0038926524510902857,1.3717,1.2957,subscriptions,hyderabad,0,0,none,seasonal
M0009,180,134,297014.22,2216.52,0.06204236432607841,0.0045086296304416565,1.3432,1.3845,subscriptions,hyderabad,0,0,none,seasonal
M0009,181,139,336735.34,2422.56,0.07479503675144179,0.005266466742209062,1.3758,1.3153,subscriptions,hyderabad,0,0,none,seasonal
M0009,182,144,320278.73,2224.16,0.06477422445062173,0.004040440310862401,1.3688,1.2305,subscriptions,hyderabad,0,0,none,seasonal
M0009,183,119,282498.59,2373.94,0.08252590240892826,0.004992891371814524,1.1834,1.3417,subscriptions,hyderabad,0,0,none,seasonal
M0009,184,121,297778.26,2460.98,0.06685145542230513,0.0049949667295334215,1.367,1.6175,subscriptions,hyderabad,0,0,none,seasonal
M0009,185,130,270765.69,2082.81,0.0680313770890446,0.004662903248223395,1.2558,1.3166,subscriptions,hyderabad,0,0,none,seasonal
M0009,186,119,246730.4,2073.36,0.07074686811495097,0.005691643673663126,1.366,1.1486,subscriptions,hyderabad,0,0,none,seasonal
M0009,187,136,282542.26,2077.52,0.07987633564631438,0.004325317201100848,1.5243,1.5088,subscriptions,hyderabad,0,0,none,seasonal
M0009,188,144,320057.99,2222.62,0.07021836254300645,0.0049762332274740865,1.3463,1.324,subscriptions,hyderabad,0,0,none,seasonal
M0009,189,127,295039.64,2323.15,0.059841435263054917,0.004487921299209029,1.4294,1.3609,subscriptions,hyderabad,0,0,none,seasonal
M0009,190,139,319239.44,2296.69,0.06805879133440276,0.00406702265323406,1.2082,1.5733,subscriptions,hyderabad,0,0,none,seasonal
M0009,191,127,270565.35,2130.44,0.08012159625292099,0.0043174860936312015,1.3974,1.3407,subscriptions,hyderabad,0,0,none,seasonal
M0009,192,137,280900.2,2050.37,0.06038755312450713,0.004491129950365764,1.3745,1.3641,subscriptions,hyderabad,0,0,none,seasonal
M0009,193,120,243658.45,2030.49,0.06663629927843584,0.005138812179430016,1.4618,1.2461,subscriptions,hyderabad,0,0,none,seasonal
M0009,194,135,298668.42,2212.36,0.0733384256906933,0.0041192566362462405,1.2051,1.4197,subscriptions,hyderabad,0,0,none,seasonal
M0009,195,120,263344.76,2194.54,0.06537701192813188,0.004118106017663654,1.3117,1.3368,subscriptions,hyderabad,0,0,none,seasonal
M0009,196,121,284270.4,2349.34,0.07889478442527058,0.004330498264005718,1.4238,1.413,subscriptions,hyderabad,0,0,none,seasonal
M0009,197,118,253766.37,2150.56,0.0694687499639331,0.0048004973358511185,1.4105,1.3053,subscriptions,hyderabad,0,0,none,seasonal
M0009,198,133,286192.92,2151.83,0.06170979824769248,0.00475146445926514,1.3312,1.2955,subscriptions,hyderabad,0,0,none,seasonal
M0009,199,133,275434.05,2070.93,0.07859553938696714,0.00412441111509418,1.1918,1.4554,subscriptions,hyderabad,0,0,none,seasonal
M0009,200,118,242043.05,2051.21,0.06738630686297156,0.005368159269160545,1.2906,1.1956,subscriptions,hyderabad,0,0,none,seasonal
M0009,201,141,320899.96,2275.89,0.06685745495200676,0.003801614000970062,1.3235,1.3008,subscriptions,hyderabad,0,0,none,seasonal
M0009,202,142,339200.89,2388.74,0.06896453710939654,0.004695254139796977,1.1961,1.3329,subscriptions,hyderabad,0,0,none,seasonal
M0009,203,144,283020.96,1965.42,0.07705962163295557,0.005218982654838309,1.3015,1.3227,subscriptions,hyderabad,0,0,none,seasonal
M0009,204,139,297955.65,2143.57,0.05787419916021835,0.0038400733833738898,1.2016,1.4664,subscriptions,hyderabad,0,0,none,seasonal
M0009,205,128,274496.09,2144.5,0.06071656857153032,0.00399682224555219,1.3163,1.5176,subscriptions,hyderabad,0,0,none,seasonal
M0009,206,127,267857.71,2109.12,0.075578307314333,0.0036294112124098925,1.2265,1.186,subscriptions,hyderabad,0,0,none,seasonal
M0009,207,111,264198.07,2380.16,0.06961202212063687,0.0055536031179025955,1.2974,1.1356,subscriptions,hyderabad,0,0,none,seasonal
M0009,208,131,277697.35,2119.83,0.08906448360118785,0.00471271751362975,1.2815,1.7104,subscriptions,hyderabad,0,0,none,seasonal
M0009,209,137,302462.6,2207.76,0.05346192297854049,0.00427669435443588,1.3926,1.3614,subscriptions,hyderabad,0,0,none,seasonal
M0009,210,133,268354.37,2017.7,0.07344242533504544,0.004101023587329632,1.4213,1.4595,subscriptions,hyderabad,0,0,none,seasonal
M0009,211,135,288936.24,2140.27,0.08234951627319703,0.0040920849605828495,1.2065,1.4841,subscriptions,hyderabad,0,0,none,seasonal
M0009,212,136,259331.83,1906.85,0.07018867379518494,0.004653483518986754,1.4037,1.2017,subscriptions,hyderabad,0,0,none,seasonal
M0009,213,131,288133.46,2199.49,0.06320037686127274,0.004067173561003176,1.4003,1.2783,subscriptions,hyderabad,0,0,none,seasonal
M0009,214,122,278855.34,2285.7,0.06322645096364199,0.003575505309665548,1.3546,1.5654,subscriptions,hyderabad,0,0,none,seasonal
M0009,215,122,255755.47,2096.36,0.06770428707894127,0.004411565336966402,1.3919,1.4359,subscriptions,hyderabad,0,0,none,seasonal
M0009,216,130,289139.41,2224.15,0.05927470830650134,0.004018204268151338,1.3778,1.4124,subscriptions,hyderabad,0,0,none,seasonal
M0009,217,137,279392.85,2039.36,0.07315153795884716,0.003918191752910072,1.2485,1.2246,subscriptions,hyderabad,0,0,none,seasonal
M0009,218,137,293556.21,2142.75,0.07277679489630476,0.005043646439175634,1.4007,1.2426,subscriptions,hyderabad,0,0,none,seasonal
M0009,219,133,294780.19,2216.39,0.0726895137491135,0.004818599423092403,1.2717,1.3787,subscriptions,hyderabad,0,0,none,seasonal
M0009,220,305,700440.78,2296.53,0.09058611332728778,0.0046742561864086506,1.3535,1.5172,subscriptions,hyderabad,0,0,none,seasonal
M0009,221,278,656271.9,2360.69,0.09190942572562442,0.0047350793925989,1.2733,1.4526,subscriptions,hyderabad,0,0,none,seasonal
M0009,222,282,537941.49,1907.59,0.09552928368373935,0.0044785956886342435,1.3755,1.4367,subscriptions,hyderabad,0,0,none,seasonal
M0009,223,276,565505.92,2048.93,0.08487685917833412,0.004829729279236084,1.3893,1.47,subscriptions,hyderabad,0,0,none,seasonal
M0009,224,258,466624.34,1808.62,0.067351465864403,0.005422667466036672,1.3597,1.4626,subscriptions,hyderabad,0,0,none,seasonal
M0009,225,286,626884.82,2191.9,0.10880678636185975,0.003768749540295939,1.3145,1.3959,subscriptions,hyderabad,0,0,none,seasonal
M0009,226,118,254846.33,2159.71,0.08627694443051226,0.004321132806180879,1.3604,1.4187,subscriptions,hyderabad,0,0,none,seasonal
M0009,227,132,271998.81,2060.6,0.0751439685517944,0.00454945556782678,1.3613,1.5234,subscriptions,hyderabad,0,0,none,seasonal
M0009,228,142,309779.28,2181.54,0.06355899754214506,0.004396673826577723,1.3109,1.5076,subscriptions,hyderabad,0,0,none,seasonal
M0009,229,136,315264.49,2318.12,0.06722953054207802,0.003323109455589542,1.354,1.3854,subscriptions,hyderabad,0,0,none,seasonal
M0009,230,126,269489.71,2138.81,0.07841947823724071,0.005017263134901641,1.321,1.3453,subscriptions,hyderabad,0,0,none,seasonal
M0009,231,128,291665.45,2278.64,0.06004756099055008,0.005080697908126056,1.3287,1.4196,subscriptions,hyderabad,0,0,none,seasonal
M0009,232,138,295569.0,2141.8,0.061520374022376326,0.004462343823254805,1.2261,1.207,subscriptions,hyderabad,0,0,none,seasonal
M0009,233,114,232064.43,2035.65,0.05686076534173197,0.0047047439718018585,1.3272,1.4903,subscriptions,hyderabad,0,0,none,seasonal
M0009,234,121,285204.73,2357.06,0.08625896486702889,0.005393175535913115,1.2561,0.916,subscriptions,hyderabad,0,0,none,seasonal
M0009,235,154,316479.53,2055.06,0.07168112716503364,0.0036736909905838925,1.2716,1.3888,subscriptions,hyderabad,0,0,none,seasonal
M0009,236,140,317840.9,2270.29,0.0859468779640359,0.004029911117211204,1.1863,1.0258,subscriptions,hyderabad,0,0,none,seasonal
M0009,237,140,285324.38,2038.03,0.062129891010724,0.004200143113675024,1.5091,1.4584,subscriptions,hyderabad,0,0,none,seasonal
M0009,238,138,304635.16,2207.5,0.06803262612321481,0.004611234679267965,1.328,1.3532,subscriptions,hyderabad,0,0,none,seasonal
M0009,239,137,282220.72,2060.01,0.062203240413224815,0.004045948452617704,1.2083,1.1589,subscriptions,hyderabad,0,0,none,seasonal
M0010,0,72,46044.14,639.5,0.034246977125075906,0.00740313027195656,1.174,1.3722,groceries,surat,0,0,none,seasonal
M0010,1,77,46784.38,607.59,0.04304455171189625,0.008019040337303128,1.215,1.3829,groceries,surat,0,0,none,seasonal
M0010,2,72,43759.16,607.77,0.04410812799092521,0.007301452105987808,1.0666,1.1152,groceries,surat,0,0,none,seasonal
M0010,3,83,49559.61,597.1,0.040310033165522764,0.008430277389427341,0.9947,0.8911,groceries,surat,0,0,none,seasonal
M0010,4,88,54396.0,618.14,0.04042027358623471,0.008346149834435252,1.3443,1.2269,groceries,surat,0,0,none,seasonal
M0010,5,78,46547.06,596.76,0.04270240430676228,0.007576215907607879,1.2333,1.0901,groceries,surat,0,0,none,seasonal
M0010,6,83,53078.75,639.5,0.03806135419791402,0.006994558093697194,1.4906,1.3135,groceries,surat,0,0,none,seasonal
M0010,7,88,56024.91,636.65,0.04159116304989147,0.007498717802657621,1.3172,1.3618,groceries,surat,0,0,none,seasonal
M0010,8,81,50504.2,623.51,0.040918107304070916,0.00801890473369467,1.2501,1.3699,groceries,surat,0,0,none,seasonal
M0010,9,82,47111.63,574.53,0.028417584859909098,0.005218383938199404,1.4327,1.2487,groceries,surat,0,0,none,seasonal
M0010,10,74,45850.96,619.61,0.03781740563074819,0.008738399003847073,1.2425,1.2288,groceries,surat,0,0,none,seasonal
M0010,11,75,42528.77,567.05,0.03051332169220308,0.007230496565924771,1.4585,1.4265,groceries,surat,0,0,none,seasonal
M0010,12,75,44544.59,593.93,0.037685379002763426,0.008697553208957801,1.3645,1.0275,groceries,surat,0,0,none,seasonal
M0010,13,75,46077.2,614.36,0.04389959984184675,0.0058413973217514474,1.4607,1.4474,groceries,surat,0,0,none,seasonal
M0010,14,82,45720.48,557.57,0.04410006266418767,0.008113560199353543,1.55,0.8063,groceries,surat,0,0,none,seasonal
M0010,15,78,49917.33,639.97,0.030899779009651185,0.008075374179256481,1.2676,1.3537,groceries,surat,0,0,none,seasonal
M0010,16,75,43953.17,586.04,0.04191367129922418,0.0068378615217098305,1.2598,1.2634,groceries,surat,0,0,none,seasonal
M0010,17,76,48576.55,639.17,0.037402068236358076,0.005911147303643849,1.0876,1.3716,groceries,surat,0,0,none,seasonal
M0010,18,90,55438.93,615.99,0.0463721331239835,0.005959446409031583,1.4201,1.102,groceries,surat,0,0,none,seasonal
M0010,19,84,51814.61,616.84,0.03660620362010396,0.0073533575936535105,1.4865,1.2641,groceries,surat,0,0,none,seasonal
M0010,20,81,49341.82,609.16,0.041790375493991186,0.0064952206786222134,1.391,1.0717,groceries,surat,0,0,none,seasonal
M0010,21,77,45966.51,596.97,0.03582714643616734,0.008541729218840863,1.174,1.2769,groceries,surat,0,0,none,seasonal
M0010,22,79,47398.01,599.97,0.0427839224250446,0.00847341672596164,1.3288,1.5269,groceries,surat,0,0,none,seasonal
M0010,23,76,46038.01,605.76,0.03766847721163138,0.008935865499792889,1.4129,1.5569,groceries,surat,0,0,none,seasonal
M0010,24,78,46979.39,602.3,0.04597532458878058,0.0071705314461079925,1.2936,1.1443,groceries,surat,0,0,none,seasonal
M0010,25,80,51335.7,641.7,0.04024209051040536,0.006558663428809771,1.4475,1.2352,groceries,surat,0,0,none,seasonal
M0010,26,77,45222.77,587.31,0.05046125697992094,0.00871399604533434,1.4765,1.4781,groceries,surat,0,0,none,seasonal
M0010,27,64,36576.1,571.5,0.03877160844986398,0.006871946104543301,1.4761,1.2872,groceries,surat,0,0,none,seasonal
M0010,28,75,45492.02,606.56,0.04593319952606781,0.0074866189991749455,1.2912,1.4275,groceries,surat,0,0,none,seasonal
M0010,29,84,55793.6,664.21,0.03933983749699533,0.007312171084947086,1.3077,1.4585,groceries,surat,0,0,none,seasonal
M0010,30,82,51170.78,624.03,0.0356442785751907,0.008089316292883607,1.0915,1.1455,groceries,surat,0,0,none,seasonal
M0010,31,81,46307.7,571.7,0.05252742840097026,0.00614094736287061,1.2486,1.0675,groceries,surat,0,0,none,seasonal
M0010,32,82,52390.89,638.91,0.03813780717837676,0.007455035267337818,1.4072,1.4254,groceries,surat,0,0,none,seasonal
M0010,33,77,42047.01,546.07,0.037684016806130476,0.008185387501464452,1.1898,1.4414,groceries,surat,0,0,none,seasonal
M0010,34,68,41006.62,603.04,0.03760742942367702,0.007291680382955193,1.419,1.3347,groceries,surat,0,0,none,seasonal
M0010,35,84,52962.39,630.5,0.038615115467412066,0.007209689108136877,1.3297,1.1938,groceries,surat,0,0,none,seasonal
M0010,36,78,39726.88,509.32,0.02519717738211439,0.00710882051672849,1.3852,1.2652,groceries,surat,0,0,none,seasonal
M0010,37,80,49625.06,620.31,0.046061798597340296,0.006363807079170621,1.2645,1.6583,groceries,surat,0,0,none,seasonal
M0010,38,72,45462.72,631.43,0.04400109959868665,0.00792134871569878,1.1423,1.483,groceries,surat,0,0,none,seasonal
M0010,39,83,54015.01,650.78,0.03272137447986608,0.006554040337749975,1.3222,1.3198,groceries,surat,0,0,none,seasonal
M0010,40,153,94650.55,618.63,0.05125093368224567,0.008349211662374395,1.2002,1.2323,groceries,surat,0,0,none,seasonal
M0010,41,172,113585.38,660.38,0.058751261571218724,0.007397281961369943,1.2097,1.3435,groceries,surat,0,0,none,seasonal
M0010,42,176,104287.8,592.54,0.04936048715254224,0.007527699025033984,1.4837,1.4003,groceries,surat,0,0,none,seasonal
M0010,43,176,115050.36,653.7,0.05208549139644542,0.008696445472198989,1.1054,1.3443,groceries,surat,0,0,none,seasonal
M0010,44,161,105336.02,654.26,0.05979235942234436,0.0074488841334968406,1.3634,1.3944,groceries,surat,0,0,none,seasonal
M0010,45,154,90803.33,589.63,0.049760697633550656,0.007189368892703553,1.3167,1.4035,groceries,surat,0,0,none,seasonal
M0010,46,81,52253.34,645.1,0.03496395230334282,0.006971599896485081,1.405,1.3796,groceries,surat,0,0,none,seasonal
M0010,47,69,44558.11,645.77,0.04174336973941462,0.007587011926933139,1.4173,1.2486,groceries,surat,0,0,none,seasonal
M0010,48,73,36653.06,502.1,0.04291967041698999,0.00921584085989576,1.2663,1.456,groceries,surat,0,0,none,seasonal
M0010,49,84,45751.49,544.66,0.040888276854630284,0.006610391550132329,1.3566,1.4669,groceries,surat,0,0,none,seasonal
M0010,50,84,53206.32,633.41,0.03089821676867318,0.00594280494922044,1.2548,1.3592,groceries,surat,0,0,none,seasonal
M0010,51,77,53171.86,690.54,0.038809398512547354,0.006551588319758741,1.1565,1.4533,groceries,surat,0,0,none,seasonal
M0010,52,86,50892.09,591.77,0.03785388897438073,0.0066440214961719,1.3062,1.0279,groceries,surat,0,0,none,seasonal
M0010,53,81,46551.42,574.71,0.042494037404855176,0.0067756540929564246,1.2919,1.3754,groceries,surat,0,0,none,seasonal
M0010,54,82,53214.62,648.96,0.04680614478187464,0.009794651423726463,1.0391,1.4513,groceries,surat,0,0,none,seasonal
M0010,55,79,48667.75,616.05,0.03254337415999967,0.007511788945519977,1.4039,1.3334,groceries,surat,0,0,none,seasonal
M0010,56,69,38752.38,561.63,0.04304104155981234,0.009053075255164618,1.2451,1.4004,groceries,surat,0,0,none,seasonal
M0010,57,71,47346.3,666.85,0.04047086256472382,0.008250237775284077,1.4797,1.4769,groceries,surat,0,0,none,seasonal
M0010,58,73,44332.67,607.3,0.042458708679009124,0.009486531558236184,1.4076,1.4068,groceries,surat,0,0,none,seasonal
M0010,59,81,51310.36,633.46,0.03968826095833647,0.0073226975803844145,1.3762,1.4171,groceries,surat,0,0,none,seasonal
M0010,60,82,46185.29,563.24,0.0469348483328422,0.008793341454221934,1.2365,1.3646,groceries,surat,0,0,none,seasonal
M0010,61,74,45872.07,619.89,0.04315224430559298,0.007860447631454574,1.3281,1.1824,groceries,surat,0,0,none,seasonal
M0010,62,75,45322.61,604.3,0.03439072856504634,0.009169856309497636,1.381,1.4172,groceries,surat,0,0,none,seasonal
M0010,63,70,45693.71,652.77,0.03901346018896479,0.00659467822318003,1.311,1.4318,groceries,surat,0,0,none,seasonal
M0010,64,84,48219.23,574.04,0.033879456050571057,0.006934833622252718,1.0742,1.351,groceries,surat,0,0,none,seasonal
M0010,65,76,42916.02,564.68,0.041745219511564555,0.005955639809192671,1.3843,1.3135,groceries,surat,0,0,none,seasonal
M0010,66,77,47600.04,618.18,0.04318493970060773,0.009582416524723381,1.5349,1.2848,groceries,surat,0,0,none,seasonal
M0010,67,81,50327.85,621.33,0.041128756774742994,0.007937433520212003,1.2625,1.4877,groceries,surat,0,0,none,seasonal
M0010,68,82,54550.27,665.25,0.04713677459733759,0.006293937616631059,1.1121,1.351,groceries,surat,0,0,none,seasonal
M0010,69,82,52036.04,634.59,0.043236910615800574,0.00913541256672566,1.1925,1.3948,groceries,surat,0,0,none,seasonal
M0010,70,82,50147.64,611.56,0.04947028647672253,0.0074787378259172895,1.1605,1.4919,groceries,surat,0,0,none,seasonal
M0010,71,76,45437.87,597.87,0.03315247601768827,0.006602305577344611,1.1134,1.38,groceries,surat,0,0,none,seasonal
M0010,72,85,43539.88,512.23,0.029570496620977067,0.009915902357165558,1.1299,1.439,groceries,surat,0,0,none,seasonal
M0010,73,75,49847.09,664.63,0.04191500560106636,0.006837579984449133,1.537,1.3984,groceries,surat,0,0,none,seasonal
M0010,74,81,47442.38,585.71,0.04767922395637341,0.00720507796825942,1.2378,1.2565,groceries,surat,0,0,none,seasonal
M0010,75,86,52437.41,609.74,0.03867954712326769,0.00649790257904591,1.0717,1.3903,groceries,surat,0,0,none,seasonal
M0010,76,62,36403.94,587.16,0.0450030054476271,0.00552097750004094,1.3711,1.1142,groceries,surat,0,0,none,seasonal
M0010,77,78,46781.85,599.77,0.047636385037745005,0.008913502146497942,1.326,1.4712,groceries,surat,0,0,none,seasonal
M0010,78,73,47124.92,645.55,0.03871219639078952,0.006889902618660907,1.3874,1.1717,groceries,surat,0,0,none,seasonal
M0010,79,65,36595.05,563.0,0.03782480623470176,0.0081070240759825,1.3709,1.5292,groceries,surat,0,0,none,seasonal
M0010,80,83,52825.92,636.46,0.034204476309520775,0.00804299553547466,1.3912,1.3778,groceries,surat,0,0,none,seasonal
M0010,81,73,44481.07,609.33,0.04381945590749952,0.007008789563883194,1.3519,1.2842,groceries,surat,0,0,none,seasonal
M0010,82,82,49962.09,609.29,0.03975069626638434,0.006479970355411382,1.4314,1.307,groceries,surat,0,0,none,seasonal
M0010,83,74,45945.25,620.88,0.03865906351510809,0.00690422947742169,1.2616,1.1238,groceries,surat,0,0,none,seasonal
M0010,84,74,43456.23,587.25,0.03378982610642439,0.007070013884304379,1.3688,1.3455,groceries,surat,0,0,none,seasonal
M0010,85,70,44283.33,632.62,0.04592994974051818,0.005924404322991711,1.1417,1.5671,groceries,surat,0,0,none,seasonal
M0010,86,69,39911.18,578.42,0.03536126211988375,0.0066807401926745206,1.2583,1.2141,groceries,surat,0,0,none,seasonal
M0010,87,71,40937.5,576.58,0.03850882912211721,0.007489710876555327,1.0455,1.414,groceries,surat,0,0,none,seasonal
M0010,88,70,41283.51,589.76,0.04548782898811941,0.008131454224302972,1.2879,1.3809,groceries,surat,0,0,none,seasonal
M0010,89,80,44024.68,550.31,0.045404343589494356,0.0078058044326172775,1.1835,1.4852,groceries,surat,0,0,none,seasonal
M0010,90,70,44045.64,629.22,0.04138513047089683,0.007138156241968939,1.3454,1.3231,groceries,surat,0,0,none,seasonal
M0010,91,71,45976.01,647.55,0.04371121941136115,0.006077232698527999,1.2476,1.1503,groceries,surat,0,0,none,seasonal
M0010,92,81,50060.69,618.03,0.03525092273968166,0.006477532611961151,1.2306,1.4771,groceries,surat,0,0,none,seasonal
M0010,93,69,43067.52,624.17,0.04822610447879964,0.00594238217754063,1.1708,1.5341,groceries,surat,0,0,none,seasonal
M0010,94,76,47606.58,626.4,0.041930074763617146,0.00812199011984285,1.2682,1.186,groceries,surat,0,0,none,seasonal
M0010,95,78,51498.43,660.24,0.04146800131870044,0.009530138795599651,1.3604,1.1758,groceries,surat,0,0,none,seasonal
M0010,96,80,51018.97,637.74,0.040082606969602634,0.00920385787332183,1.3351,1.6229,groceries,surat,0,0,none,seasonal
M0010,97,82,48383.23,590.04,0.04403253150813357,0.007480972756376434,1.4544,1.2254,groceries,surat,0,0,none,seasonal
M0010,98,85,56578.51,665.63,0.037498748823466335,0.00763283041862327,1.349,1.346,groceries,surat,0,0,none,seasonal
M0010,99,75,42684.67,569.13,0.04366675713304084,0.006361013162326974,1.2611,1.6043,groceries,surat,0,0,none,seasonal
M0010,100,71,43542.88,613.28,0.029094920522021547,0.0056869538263154985,1.2351,1.4012,groceries,surat,0,0,none,seasonal
M0010,101,75,51544.57,687.26,0.03418735217893723,0.008001976133036631,1.4607,1.3305,groceries,surat,0,0,none,seasonal
M0010,102,79,50723.33,642.07,0.03836600984557097,0.007643281869660486,1.3881,1.2788,groceries,surat,0,0,none,seasonal
M0010,103,71,42733.32,601.88,0.03822733620813725,0.007979787976421316,1.3845,1.5766,groceries,surat,0,0,none,seasonal
M0010,104,78,48021.22,615.66,0.03621327604008318,0.007811613732443016,1.2918,1.3846,groceries,surat,0,0,none,seasonal
M0010,105,85,60072.06,706.73,0.04005230813933695,0.006460187986706211,1.3969,1.1365,groceries,surat,0,0,none,seasonal
M0010,106,69,43612.13,632.06,0.04072437237189667,0.008385899519509934,1.2951,1.6011,groceries,surat,0,0,none,seasonal
M0010,107,73,38830.03,531.92,0.04453704817880082,0.009764796877170837,1.4338,1.5901,groceries,surat,0,0,none,seasonal
M0010,108,85,54885.01,645.71,0.04593014963218951,0.007509196109126929,1.3227,1.208,groceries,surat,0,0,none,seasonal
M0010,109,76,50658.02,666.55,0.04308158680650754,0.008044051928655559,1.2686,1.4036,groceries,surat,0,0,none,seasonal
M0010,110,80,49486.18,618.58,0.03809603550565495,0.007427816243218109,1.1488,1.266,groceries,surat,0,0,none,seasonal
M0010,111,68,40763.74,599.47,0.03111752513364389,0.0064101972372866125,1.3674,1.6819,groceries,surat,0,0,none,seasonal
M0010,112,78,48785.53,625.46,0.04405932286622002,0.0055692339342531495,1.2326,1.3418,groceries,surat,0,0,none,seasonal
M0010,113,72,41282.68,573.37,0.041326761864104215,0.007907166531406296,1.2782,1.519,groceries,surat,0,0,none,seasonal
M0010,114,72,45009.53,625.13,0.038367502828165284,0.007237897469567035,1.3611,1.4275,groceries,surat,0,0,none,seasonal
M0010,115,76,42350.71,557.25,0.044136322247886405,0.007203007070782648,1.5607,1.4907,groceries,surat,0,0,none,seasonal
M0010,116,74,45238.76,611.33,0.04600285010975457,0.007926770906105017,1.4645,1.3295,groceries,surat,0,0,none,seasonal
M0010,117,76,46551.02,612.51,0.029359511378749554,0.006148027077136037,1.3824,1.294,groceries,surat,0,0,none,seasonal
M0010,118,86,49810.35,579.19,0.036046786359831606,0.006752115460020861,1.2986,1.5163,groceries,surat,0,0,none,seasonal
M0010,119,68,41334.1,607.85,0.03204616082564172,0.009200259231106492,1.3414,1.4953,groceries,surat,0,0,none,seasonal
M0010,120,85,52675.77,619.71,0.04227816538005651,0.007260875829595376,1.0643,1.2759,groceries,surat,0,0,none,seasonal
M0010,121,70,38891.84,555.6,0.03642112628437312,0.007100078620252404,1.2017,1.5038,groceries,surat,0,0,none,seasonal
M0010,122,83,46812.9,564.01,0.03473467499854815,0.007900748739762818,1.5658,1.4846,groceries,surat,0,0,none,seasonal
M0010,123,74,47045.85,635.75,0.04526221040494532,0.007220980581540796,1.1486,1.6031,groceries,surat,0,0,none,seasonal
M0010,124,75,44523.83,593.65,0.04962133380973299,0.009662786961496247,1.1837,1.3699,groceries,surat,0,0,none,seasonal
M0010,125,63,37554.98,596.11,0.04442285189380834,0.00561518337407781,1.0251,1.4872,groceries,surat,0,0,none,seasonal
M0010,126,77,47409.3,615.71,0.03454248280574606,0.008584515107726813,1.2685,1.2309,groceries,surat,0,0,none,seasonal
M0010,127,79,45360.08,574.18,0.03947580419802653,0.006754928384423393,1.3031,1.1332,groceries,surat,0,0,none,seasonal
M0010,128,76,50277.16,661.54,0.04361623035109895,0.008543218205459056,1.1456,1.2738,groceries,surat,0,0,none,seasonal
M0010,129,83,52174.87,628.61,0.04624553260838393,0.008181338547642575,1.1702,1.3127,groceries,surat,0,0,none,seasonal
M0010,130,159,101462.46,638.13,0.04615950015000685,0.007909710544143373,1.3906,1.4588,groceries,surat,0,0,none,seasonal
M0010,131,179,97453.32,544.43,0.05965468917293404,0.008644455812027387,1.2715,1.2829,groceries,surat,0,0,none,seasonal
M0010,132,140,89203.2,637.17,0.0603282004690009,0.007465549931121061,1.3296,1.4571,groceries,surat,0,0,none,seasonal
M0010,133,183,112204.4,613.14,0.058627685547998944,0.006779889956083168,1.3963,1.1351,groceries,surat,0,0,none,seasonal
M0010,134,186,111684.94,600.46,0.053656643841671306,0.006422306959509563,1.264,1.455,groceries,surat,0,0,none,seasonal
M0010,135,164,108123.84,659.29,0.056692043249277416,0.006534643117916964,1.2907,1.3756,groceries,surat,0,0,none,seasonal
M0010,136,75,46353.6,618.05,0.03648971215346594,0.0075616994827257325,1.1425,1.431,groceries,surat,0,0,none,seasonal
M0010,137,82,45941.44,560.26,0.03719439813146364,0.0070394584244430295,1.2785,1.3788,groceries,surat,0,0,none,seasonal
M0010,138,74,43556.2,588.6,0.04708377860597401,0.006269516976849752,1.2616,1.3774,groceries,surat,0,0,none,seasonal
M0010,139,80,51561.68,644.52,0.03923067310576,0.007691065690907,1.3207,1.3666,groceries,surat,0,0,none,seasonal
M0010,140,76,47712.94,627.8,0.03949264803685872,0.008248264469341578,1.4363,1.4458,groceries,surat,0,0,none,seasonal
M0010,141,72,47891.1,665.15,0.0361617650874684,0.008037843212844823,1.0588,1.4899,groceries,surat,0,0,none,seasonal
M0010,142,64,39529.58,617.65,0.03277686783889445,0.007991345272781097,1.3246,1.386,groceries,surat,0,0,none,seasonal
M0010,143,72,42015.19,583.54,0.03845232718215505,0.0076611429220144345,1.0464,1.2684,groceries,surat,0,0,none,seasonal
M0010,144,82,48963.33,597.11,0.0375069157326094,0.006557561832900187,1.3801,1.4371,groceries,surat,0,0,none,seasonal
M0010,145,81,53428.38,659.61,0.037686348536177264,0.006979639848722572,1.1565,1.4578,groceries,surat,0,0,none,seasonal
M0010,146,68,40465.3,595.08,0.03896950988367508,0.007286066947056638,1.3143,1.2766,groceries,surat,0,0,none,seasonal
M0010,147,85,48863.68,574.87,0.035325066215893666,0.00680529353150115,1.2287,1.2653,groceries,surat,0,0,none,seasonal
M0010,148,82,49932.72,608.94,0.04211418187799164,0.009562507585826358,1.2325,1.3607,groceries,surat,0,0,none,seasonal
M0010,149,78,49564.55,635.44,0.041406670136299964,0.00774185157282625,1.298,1.2652,groceries,surat,0,0,none,seasonal
M0010,150,74,48190.14,651.22,0.04053465085031305,0.008203200643618127,1.4265,1.2405,groceries,surat,0,0,none,seasonal
M0010,151,87,53941.27,620.01,0.051443390360120446,0.00718736889408003,1.2773,1.1956,groceries,surat,0,0,none,seasonal
M0010,152,78,43759.08,561.01,0.028454727508710368,0.006452081334421257,1.3536,1.2166,groceries,surat,0,0,none,seasonal
M0010,153,77,48025.1,623.7,0.03579462104067314,0.007603784091472997,1.534,1.3906,groceries,surat,0,0,none,seasonal
M0010,154,75,48853.48,651.38,0.042277987036176905,0.006867316205953169,1.4821,1.2893,groceries,surat,0,0,none,seasonal
M0010,155,75,43415.22,578.87,0.03433523318243361,0.006672353018072694,1.3106,1.1069,groceries,surat,0,0,none,seasonal
M0010,156,71,40767.04,574.18,0.038866648872529566,0.005201427341016434,1.2805,1.0732,groceries,surat,0,0,none,seasonal
M0010,157,74,49850.52,673.66,0.04893316897781541,0.007546699248192516,1.3376,1.6341,groceries,surat,0,0,none,seasonal
M0010,158,79,46892.39,593.57,0.04686993903282342,0.008937747399425891,1.2864,1.1692,groceries,surat,0,0,none,seasonal
M0010,159,76,42007.74,552.73,0.039908089793838135,0.004599724561782563,1.3651,1.3682,groceries,surat,0,0,none,seasonal
M0010,160,77,45098.0,585.69,0.03936496527302945,0.006406003725206698,1.4212,1.3822,groceries,surat,0,0,none,seasonal
M0010,161,87,51354.56,590.28,0.04030945634766042,0.008297562123550272,1.4332,1.1851,groceries,surat,0,0,none,seasonal
M0010,162,83,51146.03,616.22,0.04432876813198044,0.007407642909966,1.4952,1.3778,groceries,surat,0,0,none,seasonal
M0010,163,65,35599.51,547.68,0.04250088539621762,0.00840949250827162,1.1981,1.3939,groceries,surat,0,0,none,seasonal
M0010,164,82,54323.28,662.48,0.043025130212314806,0.006829636108962077,1.3657,1.3455,groceries,surat,0,0,none,seasonal
M0010,165,80,42213.74,527.67,0.040107065461158053,0.00834845296746772,1.2322,1.4407,groceries,surat,0,0,none,seasonal
M0010,166,73,48678.18,666.82,0.03151304112859177,0.00925231777415209,1.2574,1.2147,groceries,surat,0,0,none,seasonal
M0010,167,72,48249.37,670.13,0.04098747926395958,0.008649492154326291,1.3295,1.1975,groceries,surat,0,0,none,seasonal
M0010,168,69,42191.27,611.47,0.04304557846878001,0.008762024917171285,1.4136,1.2065,groceries,surat,0,0,none,seasonal
M0010,169,87,51892.75,596.47,0.03602881891764643,0.00802841518928309,1.0441,1.3839,groceries,surat,0,0,none,seasonal
M0010,170,85,55933.95,658.05,0.03547089940388203,0.00811133956751938,1.2349,1.4552,groceries,surat,0,0,none,seasonal
M0010,171,77,49413.17,641.73,0.04452039994377232,0.006883451615212073,1.4792,1.3434,groceries,surat,0,0,none,seasonal
M0010,172,66,40219.33,609.38,0.03872728529804307,0.005609596505363077,0.966,1.15,groceries,surat,0,0,none,seasonal
M0010,173,79,49289.25,623.91,0.04636763176858987,0.008099568996265762,1.2188,1.2372,groceries,surat,0,0,none,seasonal
M0010,174,76,44797.1,589.44,0.03957539353462213,0.007890777961185003,1.2416,1.3355,groceries,surat,0,0,none,seasonal
M0010,175,71,43575.19,613.74,0.03433780804814506,0.009935700749416498,1.5027,1.1732,groceries,surat,0,0,none,seasonal
M0010,176,90,54771.57,608.57,0.044461788747644906,0.007633868773923477,1.2095,1.3148,groceries,surat,0,0,none,seasonal
M0010,177,67,37600.91,561.21,0.04322803595541211,0.007187776264008359,1.3151,1.4451,groceries,surat,0,0,none,seasonal
M0010,178,76,38977.23,512.86,0.039553905246537145,0.008617319331286873,1.3076,1.299,groceries,surat,0,0,none,seasonal
M0010,179,80,48236.88,602.96,0.040303012124815206,0.00696136359909582,1.3262,1.1147,groceries,surat,0,0,none,seasonal
M0010,180,78,46596.15,597.39,0.044278036483959726,0.007825620132078614,1.0735,1.5058,groceries,surat,0,0,none,seasonal
M0010,181,89,53827.02,604.8,0.046676249146414286,0.008314338231554391,1.1783,1.2972,groceries,surat,0,0,none,seasonal
M0010,182,66,42168.13,638.91,0.03751851330797764,0.0063804368866178015,1.2219,1.2633,groceries,surat,0,0,none,seasonal
M0010,183,85,49387.69,581.03,0.032712351761138625,0.007404422418022099,1.34,1.5176,groceries,surat,0,0,none,seasonal
M0010,184,82,58360.65,711.72,0.046291661022847805,0.0062625262027352505,1.1989,1.4349,groceries,surat,0,0,none,seasonal
M0010,185,78,46428.19,595.23,0.03512466873235436,0.008391589787325718,1.4766,1.3436,groceries,surat,0,0,none,seasonal
M0010,186,73,47044.74,644.45,0.03826784519904238,0.006841706358328335,1.1682,1.347,groceries,surat,0,0,none,seasonal
M0010,187,73,43948.37,602.03,0.039367178072085195,0.007730888578380234,1.1103,1.4622,groceries,surat,0,0,none,seasonal
M0010,188,70,45553.28,650.76,0.04548519727533655,0.00939941431412936,1.3348,1.4526,groceries,surat,0,0,none,seasonal
M0010,189,78,45775.76,586.87,0.04150288520254766,0.0055188883700621255,0.967,1.2189,groceries,surat,0,0,none,seasonal
M0010,190,81,49029.19,605.3,0.04179633023426941,0.006643153512897572,1.3727,1.3515,groceries,surat,0,0,none,seasonal
M0010,191,83,49572.78,597.26,0.03407181354656821,0.007855309422364743,1.4079,1.3127,groceries,surat,0,0,none,seasonal
M0010,192,80,50197.9,627.47,0.03300513108604552,0.008421580951002608,1.1255,1.3486,groceries,surat,0,0,none,seasonal
M0010,193,73,45289.15,620.4,0.04363549328889099,0.009084553657111341,1.1722,1.0903,groceries,surat,0,0,none,seasonal
M0010,194,69,36335.3,526.6,0.04225248149804167,0.00694566486398196,1.2083,1.3753,groceries,surat,0,0,none,seasonal
M0010,195,71,45317.19,638.27,0.042912396102484394,0.008135358146981811,1.3434,1.4047,groceries,surat,0,0,none,seasonal
M0010,196,75,46441.85,619.22,0.03905789448770876,0.008067763605924417,1.5148,1.6271,groceries,surat,0,0,none,seasonal
M0010,197,74,41308.08,558.22,0.03947662237785484,0.008303156421258643,1.2555,1.1724,groceries,surat,0,0,none,seasonal
M0010,198,71,49480.95,696.91,0.03903904173633754,0.006297310331392424,1.3099,1.3695,groceries,surat,0,0,none,seasonal
M0010,199,81,50731.14,626.31,0.04535716982449029,0.006779678069547846,1.294,1.4287,groceries,surat,0,0,none,seasonal
M0010,200,84,47628.05,567.0,0.041559046770589664,0.0072524420037288935,1.3413,1.393,groceries,surat,0,0,none,seasonal
M0010,201,74,46853.16,633.15,0.030596407742646534,0.005511596820232477,1.2108,1.1653,groceries,surat,0,0,none,seasonal
M0010,202,65,41262.55,634.81,0.04063988382936248,0.006374188438034855,1.3721,1.0772,groceries,surat,0,0,none,seasonal
M0010,203,68,39533.2,581.37,0.03954133476799918,0.00844536867749105,1.3406,1.4026,groceries,surat,0,0,none,seasonal
M0010,204,80,48153.87,601.92,0.031760400671622835,0.007444290230340485,1.5361,1.4254,groceries,surat,0,0,none,seasonal
M0010,205,77,46542.37,604.45,0.04186470217237012,0.007757299997092855,1.426,1.3182,groceries,surat,0,0,none,seasonal
M0010,206,82,49823.9,607.61,0.04118503175653669,0.006296352614033669,1.1852,1.2351,groceries,surat,0,0,none,seasonal
M0010,207,68,38099.61,560.29,0.03651828936632149,0.00673907852783548,1.6021,1.4475,groceries,surat,0,0,none,seasonal
M0010,208,81,50947.33,628.98,0.035803222937423544,0.007737256089613528,1.3514,1.5838,groceries,surat,0,0,none,seasonal
M0010,209,73,46351.09,634.95,0.040692711244868486,0.007631637005828564,1.3031,1.1118,groceries,surat,0,0,none,seasonal
M0010,210,82,50287.41,613.26,0.041004322323079254,0.00655969220364119,1.4302,1.1035,groceries,surat,0,0,none,seasonal
M0010,211,76,48179.03,633.93,0.04008067351473564,0.009174622438597091,1.1367,1.378,groceries,surat,0,0,none,seasonal
M0010,212,72,46034.43,639.37,0.037778949633190534,0.007828423759574748,1.0765,1.3958,groceries,surat,0,0,none,seasonal
M0010,213,74,50221.9,678.67,0.04562185853364645,0.0064064664632045775,1.4028,1.2171,groceries,surat,0,0,none,seasonal
M0010,214,63,39399.0,625.38,0.04146018644619719,0.007965182415659182,1.225,1.2567,groceries,surat,0,0,none,seasonal
M0010,215,75,39306.41,524.09,0.03911132289670421,0.006607200561266876,1.2152,1.1942,groceries,surat,0,0,none,seasonal
M0010,216,74,42876.69,579.41,0.04535633990093895,0.008079852277764537,1.4391,1.5263,groceries,surat,0,0,none,seasonal
M0010,217,80,44943.91,561.8,0.03666204452477573,0.008800305769266272,1.3805,1.5266,groceries,surat,0,0,none,seasonal
M0010,218,69,41405.91,600.09,0.035633787785413804,0.010163058326450054,1.2809,1.35,groceries,surat,0,0,none,seasonal
M0010,219,98,61785.22,630.46,0.04529264808250582,0.0090886856416529,1.1343,1.3493,groceries,surat,0,0,none,seasonal
M0010,220,175,92269.13,527.25,0.05333544100909063,0.006594785938650244,1.42,1.3588,groceries,surat,0,0,none,seasonal
M0010,221,163,94421.22,579.27,0.04445785854437538,0.006055401463638721,1.4296,1.326,groceries,surat,0,0,none,seasonal
M0010,222,173,97947.12,566.17,0.052384061227033624,0.007809298920537843,1.2415,1.4803,groceries,surat,0,0,none,seasonal
M0010,223,159,86166.51,541.93,0.04977520866047893,0.008492670779619627,1.3569,1.4378,groceries,surat,0,0,none,seasonal
M0010,224,202,120300.68,595.55,0.04884463335757945,0.006643838852164041,1.3567,1.5262,groceries,surat,0,0,none,seasonal
M0010,225,182,104869.9,576.21,0.054103055270830494,0.0073076116273613125,1.1915,1.1418,groceries,surat,0,0,none,seasonal
M0010,226,78,47677.72,611.25,0.04030839231659624,0.005057891127796934,1.2654,1.2509,groceries,surat,0,0,none,seasonal
M0010,227,71,42508.51,598.71,0.044075341155509366,0.007019429237207225,1.4238,0.9788,groceries,surat,0,0,none,seasonal
M0010,228,77,46563.71,604.72,0.03940466469293795,0.0044172389302516175,1.307,1.1788,groceries,surat,0,0,none,seasonal
M0010,229,79,45455.49,575.39,0.04637863251547434,0.005625549706545389,1.3349,1.4142,groceries,surat,0,0,none,seasonal
M0010,230,72,46578.54,646.92,0.04163298194391588,0.00912138669633415,1.1221,1.1012,groceries,surat,0,0,none,seasonal
M0010,231,69,40568.09,587.94,0.043906329454487567,0.006465915670348261,1.4438,1.4787,groceries,surat,0,0,none,seasonal
M0010,232,74,48274.89,652.36,0.04725607284439836,0.0070066090731311405,1.1317,1.4731,groceries,surat,0,0,none,seasonal
M0010,233,77,48357.85,628.02,0.04281328079958549,0.00863807035318973,1.3627,1.1231,groceries,surat,0,0,none,seasonal
M0010,234,77,45168.52,586.6,0.04781545384186518,0.005762679746313166,1.4192,1.3078,groceries,surat,0,0,none,seasonal
M0010,235,64,39368.8,615.14,0.03760853890555898,0.008047878452365403,1.3915,1.5851,groceries,surat,0,0,none,seasonal
M0010,236,87,52838.41,607.34,0.03468169008720575,0.006599052128128966,1.2509,1.5224,groceries,surat,0,0,none,seasonal
M0010,237,67,44445.17,663.36,0.03632703882572248,0.008607244303704732,1.3612,1.17,groceries,surat,0,0,none,seasonal
M0010,238,82,51322.52,625.88,0.04656055178615771,0.008860862104491583,1.0156,1.4416,groceries,surat,0,0,none,seasonal
M0010,239,80,49869.18,623.36,0.043606988520298096,0.007076104182985523,1.2276,1.4186,groceries,surat,0,0,none,seasonal
M0011,0,38,72185.69,1899.62,0.062448660236059335,0.007770670427779157,1.6207,1.384,beauty,delhi,0,0,none,seasonal
M0011,1,30,52794.86,1759.83,0.09286699337424666,0.00638377437763926,1.2879,1.3515,beauty,delhi,0,0,none,seasonal
M0011,2,30,54111.03,1803.7,0.07606145039887376,0.0070069102622731475,0.82,1.114,beauty,delhi,0,0,none,seasonal
M0011,3,33,59895.26,1815.01,0.06708348219409259,0.007719482101802109,0.8479,1.2258,beauty,delhi,0,0,none,seasonal
M0011,4,27,53322.99,1974.93,0.08878382668851882,0.007485647556875106,1.2359,1.2359,beauty,delhi,0,0,none,seasonal
M0011,5,35,65621.96,1874.91,0.09185553517176079,0.007460309577522757,1.0013,1.2572,beauty,delhi,0,0,none,seasonal
M0011,6,36,67733.82,1881.49,0.08337174474655161,0.007670369498683466,1.1807,0.9576,beauty,delhi,0,0,none,seasonal
M0011,7,30,53256.4,1775.21,0.0728359237902722,0.006966469152677936,1.3435,1.5647,beauty,delhi,0,0,none,seasonal
M0011,8,32,59660.85,1864.4,0.07486376128891176,0.006380215661349679,1.1359,1.1943,beauty,delhi,0,0,none,seasonal
M0011,9,34,57818.32,1700.54,0.0733657651180162,0.007176602718096994,1.1299,1.3859,beauty,delhi,0,0,none,seasonal
M0011,10,32,61890.34,1934.07,0.06552623676989808,0.007785751387242279,1.3815,1.5203,beauty,delhi,0,0,none,seasonal
M0011,11,33,57799.64,1751.5,0.07816202172874691,0.007767888408980555,1.3662,1.2361,beauty,delhi,0,0,none,seasonal
M0011,12,27,58419.34,2163.68,0.08091983813645849,0.007406398434286673,1.4639,1.1211,beauty,delhi,0,0,none,seasonal
M0011,13,35,59254.46,1692.98,0.07350776986721169,0.008368594101403204,1.4026,1.3253,beauty,delhi,0,0,none,seasonal
M0011,14,29,46641.22,1608.32,0.060138237959951955,0.005833786082372879,1.5611,1.2982,beauty,delhi,0,0,none,seasonal
M0011,15,36,67125.04,1864.58,0.05657071681705751,0.006216996305873581,1.4928,1.3959,beauty,delhi,0,0,none,seasonal
M0011,16,28,49171.6,1756.13,0.06860140490180315,0.008359148263367078,0.957,1.2932,beauty,delhi,0,0,none,seasonal
M0011,17,34,59447.7,1748.46,0.05779427961776176,0.007960699760714467,1.2509,1.1045,beauty,delhi,0,0,none,seasonal
M0011,18,34,64184.46,1887.78,0.07593511558331416,0.007794729082222303,1.3918,0.8121,beauty,delhi,0,0,none,seasonal
M0011,19,34,63209.17,1859.09,0.0662545353380631,0.0066135273180091035,1.5643,1.6138,beauty,delhi,0,0,none,seasonal
M0011,20,34,57623.67,1694.81,0.08339114995017824,0.006106959230476438,1.1646,1.6862,beauty,delhi,0,0,none,seasonal
M0011,21,33,60184.33,1823.77,0.08197545385065677,0.0067363979974106375,1.0853,1.2099,beauty,delhi,0,0,none,seasonal
M0011,22,31,57671.58,1860.37,0.0830116270359549,0.006756244359421409,1.4304,1.0893,beauty,delhi,0,0,none,seasonal
M0011,23,30,51703.44,1723.45,0.0777151770375458,0.006260871922688534,1.3435,1.0041,beauty,delhi,0,0,none,seasonal
M0011,24,31,49029.48,1581.6,0.0746279520703549,0.006483121205909305,1.1758,1.148,beauty,delhi,0,0,none,seasonal
M0011,25,31,53051.28,1711.33,0.07757978440085457,0.006037501866033519,1.1354,1.0182,beauty,delhi,0,0,none,seasonal
M0011,26,35,66083.83,1888.11,0.07270417605435371,0.00659851141839155,1.0839,0.9617,beauty,delhi,0,0,none,seasonal
M0011,27,32,58946.91,1842.09,0.06804265331061524,0.00824113236337392,1.4509,1.2902,beauty,delhi,0,0,none,seasonal
M0011,28,31,61184.62,1973.7,0.0718517385444018,0.009527398262011376,1.4162,1.2417,beauty,delhi,0,0,none,seasonal
M0011,29,31,56908.31,1835.75,0.07867226568986971,0.006242279364941003,1.2825,1.5782,beauty,delhi,0,0,none,seasonal
M0011,30,31,55385.37,1786.62,0.08233245095322474,0.007944279756994018,0.7609,1.4505,beauty,delhi,0,0,none,seasonal
M0011,31,33,64218.38,1946.01,0.0729073493025411,0.005928266978606764,1.4904,1.517,beauty,delhi,0,0,none,seasonal
M0011,32,25,51075.15,2043.01,0.08768924573796044,0.007216492154481812,1.1814,1.4523,beauty,delhi,0,0,none,seasonal
M0011,33,28,51519.34,1839.98,0.06702563510524977,0.007227974477817325,1.0493,1.2352,beauty,delhi,0,0,none,seasonal
M0011,34,31,54705.7,1764.7,0.08577261435613151,0.007489254177260266,1.3811,1.0446,beauty,delhi,0,0,none,seasonal
M0011,35,32,59460.55,1858.14,0.07821773612136299,0.00761234519010288,1.3652,1.1482,beauty,delhi,0,0,none,seasonal
M0011,36,33,63431.58,1922.17,0.08593503038483838,0.005051861079858263,1.2757,1.4575,beauty,delhi,0,0,none,seasonal
M0011,37,30,58815.94,1960.53,0.06514379924844414,0.008377803888028248,1.0678,1.1314,beauty,delhi,0,0,none,seasonal
M0011,38,27,52499.07,1944.41,0.0633589795337146,0.008684334116361152,1.0504,1.3767,beauty,delhi,0,0,none,seasonal
M0011,39,35,64866.46,1853.33,0.062147970198448865,0.007135674757339118,0.9737,1.2669,beauty,delhi,0,0,none,seasonal
M0011,40,69,124812.92,1808.88,0.11138558122408022,0.008919079022221393,1.1395,1.3644,beauty,delhi,0,0,none,seasonal
M0011,41,70,128153.75,1830.77,0.08862591409761839,0.006150802281071541,1.3012,1.3254,beauty,delhi,0,0,none,seasonal
M0011,42,71,141892.92,1998.49,0.12443679258336528,0.007436348870072243,1.2719,1.1393,beauty,delhi,0,0,none,seasonal
M0011,43,67,129958.69,1939.68,0.07542421480517948,0.005797338524238196,1.2534,1.4498,beauty,delhi,0,0,none,seasonal
M0011,44,60,114281.45,1904.69,0.09200629353578305,0.007083579834153583,1.287,1.3547,beauty,delhi,0,0,none,seasonal
M0011,45,69,113476.49,1644.59,0.09598591335908761,0.006375849270331923,1.2534,1.2587,beauty,delhi,0,0,none,seasonal
M0011,46,31,59805.15,1929.2,0.07236100345465048,0.0061045834561083935,1.2378,1.1509,beauty,delhi,0,0,none,seasonal
M0011,47,33,64357.12,1950.22,0.07326400538840595,0.0072812085491630926,1.6234,1.2519,beauty,delhi,0,0,none,seasonal
M0011,48,29,54562.1,1881.45,0.08774307688331322,0.007882382837950865,1.2289,1.545,beauty,delhi,0,0,none,seasonal
M0011,49,36,58369.15,1621.37,0.06869805829018957,0.00844156830087181,1.2577,0.9961,beauty,delhi,0,0,none,seasonal
M0011,50,26,46872.39,1802.78,0.07303331493884799,0.005462654574449349,1.4236,1.077,beauty,delhi,0,0,none,seasonal
M0011,51,32,59975.46,1874.23,0.07253631102261753,0.006283760671284938,1.0913,1.6083,beauty,delhi,0,0,none,seasonal
M0011,52,29,55855.94,1926.07,0.08034768054201825,0.006147388460942915,1.1579,1.4196,beauty,delhi,0,0,none,seasonal
M0011,53,32,53324.88,1666.4,0.074420127729812,0.006566702379640731,0.848,0.9792,beauty,delhi,0,0,none,seasonal
M0011,54,34,69867.28,2054.92,0.08540994825390713,0.008461803796219497,1.4424,1.4986,beauty,delhi,0,0,none,seasonal
M0011,55,33,56957.4,1725.98,0.07800143535192453,0.00606620793143175,1.1273,1.1851,beauty,delhi,0,0,none,seasonal
M0011,56,32,60681.0,1896.28,0.06561546953536528,0.006349159476197266,1.1077,1.1077,beauty,delhi,0,0,none,seasonal
M0011,57,35,66035.92,1886.74,0.0768382319777625,0.006615910787825623,1.4121,1.2573,beauty,delhi,0,0,none,seasonal
M0011,58,34,54683.12,1608.33,0.08811157516069719,0.006525174750030944,1.3297,1.3324,beauty,delhi,0,0,none,seasonal
M0011,59,28,54874.77,1959.81,0.07278894201694712,0.0064252293626836,1.4134,1.3751,beauty,delhi,0,0,none,seasonal
M0011,60,28,53213.29,1900.47,0.05222445706730701,0.00752906253399098,0.8321,1.414,beauty,delhi,0,0,none,seasonal
M0011,61,31,55979.27,1805.78,0.08865026033491225,0.008377832160683777,1.0864,1.2439,beauty,delhi,0,0,none,seasonal
M0011,62,30,51344.2,1711.47,0.07994029891136811,0.007646551675801192,1.1667,0.6264,beauty,delhi,0,0,none,seasonal
M0011,63,35,63366.65,1810.48,0.08272762202620146,0.008051821594030903,1.3856,1.1781,beauty,delhi,0,0,none,seasonal
M0011,64,29,52322.31,1804.22,0.08615176448103924,0.008297530410104129,1.2879,1.2289,beauty,delhi,0,0,none,seasonal
M0011,65,31,54889.69,1770.64,0.07315338782816494,0.007454206663080228,1.2657,1.8037,beauty,delhi,0,0,none,seasonal
M0011,66,28,52619.13,1879.25,0.07799312453682511,0.006650761488664149,1.1175,1.8069,beauty,delhi,0,0,none,seasonal
M0011,67,31,59223.36,1910.43,0.09833726702844621,0.008613513258036703,0.8841,1.2417,beauty,delhi,0,0,none,seasonal
M0011,68,35,64802.25,1851.49,0.07221419698641879,0.006353867789340253,1.2955,1.2273,beauty,delhi,0,0,none,seasonal
M0011,69,34,56164.46,1651.9,0.08016431803198595,0.008296227197383429,1.4649,1.5884,beauty,delhi,0,0,none,seasonal
M0011,70,30,64809.29,2160.31,0.08977431891301964,0.008423976962457433,1.1556,1.4604,beauty,delhi,0,0,none,seasonal
M0011,71,27,51867.8,1921.03,0.08888088581024184,0.005959311113455892,1.1442,0.9547,beauty,delhi,0,0,none,seasonal
M0011,72,28,48921.71,1747.2,0.06711103800033259,0.006881597363237977,1.167,1.5446,beauty,delhi,0,0,none,seasonal
M0011,73,31,62489.25,2015.78,0.08061464821337044,0.006976753293202206,0.6871,1.3889,beauty,delhi,0,0,none,seasonal
M0011,74,32,52370.66,1636.58,0.08125116632063409,0.006226343272900531,1.2949,1.151,beauty,delhi,0,0,none,seasonal
M0011,75,34,67342.64,1980.67,0.0711474307256201,0.008041256935431073,1.3664,1.5041,beauty,delhi,0,0,none,seasonal
M0011,76,33,64272.21,1947.64,0.0798984585635549,0.006923426451826799,1.329,1.1431,beauty,delhi,0,0,none,seasonal
M0011,77,37,72167.98,1950.49,0.09090024352211112,0.007985825353170361,1.1232,0.8593,beauty,delhi,0,0,none,seasonal
M0011,78,34,67176.76,1975.79,0.0780404177992164,0.007893339156754988,1.2662,1.2541,beauty,delhi,0,0,none,seasonal
M0011,79,29,47864.58,1650.5,0.06997574131919457,0.007886480994729992,1.4371,1.0012,beauty,delhi,0,0,none,seasonal
M0011,80,29,56266.34,1940.22,0.07292225501766822,0.005972144234210568,1.5183,1.1992,beauty,delhi,0,0,none,seasonal
M0011,81,35,65166.41,1861.9,0.07092526160040702,0.007402972037054237,1.3669,1.8854,beauty,delhi,0,0,none,seasonal
M0011,82,27,46469.29,1721.08,0.07649946452683554,0.007249170373880303,1.4445,1.5153,beauty,delhi,0,0,none,seasonal
M0011,83,31,59521.97,1920.06,0.08916105910944991,0.007388947844809892,1.2994,1.0446,beauty,delhi,0,0,none,seasonal
M0011,84,31,56459.89,1821.29,0.08885575855302447,0.008021080153530659,1.2378,1.1435,beauty,delhi,0,0,none,seasonal
M0011,85,31,61097.67,1970.89,0.06773177760316729,0.006441154262851846,1.2547,1.5152,beauty,delhi,0,0,none,seasonal
M0011,86,35,68693.55,1962.67,0.07024906917250716,0.006726364325099536,1.0828,1.3845,beauty,delhi,0,0,none,seasonal
M0011,87,34,60328.42,1774.37,0.07487401950949528,0.007540685492730263,1.1045,1.1199,beauty,delhi,0,0,none,seasonal
M0011,88,33,61573.7,1865.87,0.07135975338938456,0.005292676855063131,1.3914,1.2099,beauty,delhi,0,0,none,seasonal
M0011,89,28,46072.87,1645.46,0.06772545053602601,0.007616640023419165,1.0371,1.6957,beauty,delhi,0,0,none,seasonal
M0011,90,32,54181.6,1693.17,0.06766852787872822,0.006422108188255271,1.5538,0.9956,beauty,delhi,0,0,none,seasonal
M0011,91,30,50040.16,1668.01,0.07036259730665344,0.005919148876808734,1.5802,1.4647,beauty,delhi,0,0,none,seasonal
M0011,92,36,63382.67,1760.63,0.06779882171967748,0.008672838595286189,1.3189,1.5676,beauty,delhi,0,0,none,seasonal
M0011,93,32,56259.67,1758.11,0.06570316563212439,0.005804797350788954,1.0913,1.5009,beauty,delhi,0,0,none,seasonal
M0011,94,31,54726.08,1765.36,0.08412691359317216,0.008537596828064997,1.3273,1.2439,beauty,delhi,0,0,none,seasonal
M0011,95,33,60199.27,1824.22,0.09363586863645268,0.008286441648911418,1.2099,1.0172,beauty,delhi,0,0,none,seasonal
M0011,96,37,71306.87,1927.21,0.07064407847612758,0.006838791775713918,1.2447,1.12,beauty,delhi,0,0,none,seasonal
M0011,97,31,53885.81,1738.25,0.07014862843248733,0.006595365263701574,1.3825,1.4336,beauty,delhi,0,0,none,seasonal
M0011,98,30,53564.62,1785.49,0.0640054413335906,0.00862692507381081,1.2973,1.4374,beauty,delhi,0,0,none,seasonal
M0011,99,26,45537.96,1751.46,0.0676218168797779,0.0080177127634233,1.3386,1.3718,beauty,delhi,0,0,none,seasonal
M0011,100,32,59248.39,1851.51,0.07842571660018693,0.0066341500176755235,0.8643,1.3171,beauty,delhi,0,0,none,seasonal
M0011,101,33,66726.57,2022.02,0.08954981908982972,0.008085757746692375,1.4523,1.5912,beauty,delhi,0,0,none,seasonal
M0011,102,29,55326.13,1907.8,0.06873615381022354,0.007272695560027049,1.4371,1.067,beauty,delhi,0,0,none,seasonal
M0011,103,34,68758.75,2022.32,0.06459972810792383,0.009317576580192647,1.1199,1.2662,beauty,delhi,0,0,none,seasonal
M0011,104,31,54808.69,1768.02,0.0777890900862258,0.006676737503796222,1.1461,1.1758,beauty,delhi,0,0,none,seasonal
M0011,105,34,62700.72,1844.14,0.07209354925663898,0.005497955089005539,1.2308,0.7714,beauty,delhi,0,0,none,seasonal
M0011,106,34,59772.03,1758.0,0.08923767385585368,0.007307157565436781,0.9964,1.1847,beauty,delhi,0,0,none,seasonal
M0011,107,31,59343.7,1914.31,0.06526342330240499,0.007549403364245469,1.2269,1.4057,beauty,delhi,0,0,none,seasonal
M0011,108,30,52265.14,1742.17,0.08313447706908507,0.00792346468582572,1.3449,1.6914,beauty,delhi,0,0,none,seasonal
M0011,109,30,59258.58,1975.29,0.07258825502694012,0.006721399907981748,0.9784,1.2879,beauty,delhi,0,0,none,seasonal
M0011,110,30,57381.61,1912.72,0.07251121458153595,0.006775537514156165,1.3624,1.248,beauty,delhi,0,0,none,seasonal
M0011,111,33,57151.33,1731.86,0.06614713075540657,0.004835180940756929,1.3383,1.6743,beauty,delhi,0,0,none,seasonal
M0011,112,29,54396.97,1875.76,0.07216532590020386,0.007458252781446368,1.3835,1.0623,beauty,delhi,0,0,none,seasonal
M0011,113,30,57162.14,1905.4,0.08389430545550211,0.008340688458650653,0.9511,1.5767,beauty,delhi,0,0,none,seasonal
M0011,114,30,57241.91,1908.06,0.07782505418612702,0.007020637173490358,1.2624,1.2192,beauty,delhi,0,0,none,seasonal
M0011,115,31,55672.66,1795.89,0.07070367204556295,0.0077169774965624455,1.0615,1.3889,beauty,delhi,0,0,none,seasonal
M0011,116,29,56372.2,1943.87,0.08877375249926632,0.009070686420630624,1.1811,1.4196,beauty,delhi,0,0,none,seasonal
M0011,117,29,57572.34,1985.25,0.06503909691287475,0.005891340326728561,1.074,1.248,beauty,delhi,0,0,none,seasonal
M0011,118,33,61313.49,1857.98,0.07425509923173097,0.008504999318210242,1.1418,1.4392,beauty,delhi,0,0,none,seasonal
M0011,119,31,60038.34,1936.72,0.08040625469544468,0.008876459910651061,1.2825,0.9735,beauty,delhi,0,0,none,seasonal
M0011,120,35,64093.09,1831.23,0.08596674823632469,0.006184838005988853,1.3007,1.2669,beauty,delhi,0,0,none,seasonal
M0011,121,29,60098.64,2072.37,0.0725787357105076,0.009166665547034498,0.9992,1.1876,beauty,delhi,0,0,none,seasonal
M0011,122,29,54629.08,1883.76,0.07615674426145541,0.006946120600194937,1.1811,1.2289,beauty,delhi,0,0,none,seasonal
M0011,123,28,49187.5,1756.7,0.09014836811915806,0.007908024310535536,1.0866,1.1429,beauty,delhi,0,0,none,seasonal
M0011,124,29,52180.23,1799.32,0.07803667910437588,0.010110634766458348,1.067,1.1811,beauty,delhi,0,0,none,seasonal
M0011,125,32,59339.4,1854.36,0.07552996097992018,0.005950721928916422,1.2574,1.2781,beauty,delhi,0,0,none,seasonal
M0011,126,29,52772.75,1819.75,0.08650491347670665,0.007586509736351482,1.3343,0.9534,beauty,delhi,0,0,none,seasonal
M0011,127,30,58612.82,1953.76,0.08903093066004332,0.006929006351562864,1.2624,1.3723,beauty,delhi,0,0,none,seasonal
M0011,128,31,59002.52,1903.31,0.06649123230540632,0.005549313698957753,0.9735,0.7014,beauty,delhi,0,0,none,seasonal
M0011,129,32,65846.78,2057.71,0.06645149979812441,0.00811693531760842,1.3546,0.848,beauty,delhi,0,0,none,seasonal
M0011,130,59,102826.28,1742.82,0.08791297176083517,0.006923868239311784,1.3427,1.388,beauty,delhi,0,0,none,seasonal
M0011,131,66,137463.56,2082.78,0.08754917843819719,0.006408542504235551,1.0405,1.5152,beauty,delhi,0,0,none,seasonal
M0011,132,78,147288.13,1888.31,0.08517751772771279,0.006073268558959576,1.3502,1.3746,beauty,delhi,0,0,none,seasonal
M0011,133,67,115769.3,1727.9,0.10260044742409745,0.0073948359625615615,1.1438,1.5318,beauty,delhi,0,0,none,seasonal
M0011,134,68,111450.28,1638.97,0.09678911439543056,0.00726849507854923,1.3246,1.1366,beauty,delhi,0,0,none,seasonal
M0011,135,60,113529.78,1892.16,0.10458888962205708,0.007994321036191965,1.3068,1.6698,beauty,delhi,0,0,none,seasonal
M0011,136,34,73315.77,2156.35,0.06822852547303072,0.008121583153174477,1.2662,1.4828,beauty,delhi,0,0,none,seasonal
M0011,137,34,63208.62,1859.08,0.06677868921468712,0.008452917451979883,1.0717,0.7714,beauty,delhi,0,0,none,seasonal
M0011,138,27,51304.25,1900.16,0.07230759688170081,0.007071803183353833,1.5574,1.2469,beauty,delhi,0,0,none,seasonal
M0011,139,31,58868.26,1898.98,0.07085085974282411,0.006887562932701904,1.0446,1.1882,beauty,delhi,0,0,none,seasonal
M0011,140,35,63012.02,1800.34,0.07588710538026698,0.006446217682352413,0.4742,1.2968,beauty,delhi,0,0,none,seasonal
M0011,141,30,53669.46,1788.98,0.07514686621289526,0.006311989647731263,0.9322,1.0678,beauty,delhi,0,0,none,seasonal
M0011,142,28,54716.06,1954.15,0.07807544147506891,0.008339079775004237,1.2574,0.6082,beauty,delhi,0,0,none,seasonal
M0011,143,30,57938.19,1931.27,0.06223793882990767,0.007230774778754561,1.363,1.3261,beauty,delhi,0,0,none,seasonal
M0011,144,29,56610.06,1952.07,0.06971113447267024,0.007924522439016432,1.4016,0.6894,beauty,delhi,0,0,none,seasonal
M0011,145,35,65108.04,1860.23,0.0805039778237066,0.009133429273744356,0.9617,1.2806,beauty,delhi,0,0,none,seasonal
M0011,146,27,52566.58,1946.91,0.08388176936248966,0.00816787542208489,1.0195,0.6249,beauty,delhi,0,0,none,seasonal
M0011,147,27,48001.99,1777.85,0.07920935000290788,0.008056895800347918,1.6586,1.6073,beauty,delhi,0,0,none,seasonal
M0011,148,31,52635.57,1697.92,0.07752234125338937,0.006047043348415086,1.4249,1.372,beauty,delhi,0,0,none,seasonal
M0011,149,30,57560.36,1918.68,0.08508108672639778,0.009354356868483387,1.0678,1.2018,beauty,delhi,0,0,none,seasonal
M0011,150,30,57451.14,1915.04,0.07871909035008054,0.0067843225819374416,1.0246,1.2705,beauty,delhi,0,0,none,seasonal
M0011,151,33,63051.77,1910.66,0.08864046159388358,0.007132598970355797,0.9319,1.3332,beauty,delhi,0,0,none,seasonal
M0011,152,28,52513.64,1875.49,0.07462491185379674,0.005960942889998561,1.2079,1.0439,beauty,delhi,0,0,none,seasonal
M0011,153,28,60777.68,2170.63,0.0791938130388754,0.006811656183538908,0.9003,1.2574,beauty,delhi,0,0,none,seasonal
M0011,154,32,55243.27,1726.35,0.09142374528924066,0.008925217160338733,0.8656,1.1091,beauty,delhi,0,0,none,seasonal
M0011,155,32,55192.37,1724.76,0.08086638901349562,0.008388057381325283,1.3171,1.4248,beauty,delhi,0,0,none,seasonal
M0011,156,27,47758.09,1768.82,0.07796721169709425,0.005442039856155102,1.0504,1.2662,beauty,delhi,0,0,none,seasonal
M0011,157,33,59882.57,1814.62,0.07217930807183105,0.007064432490783093,1.4103,1.455,beauty,delhi,0,0,none,seasonal
M0011,158,28,48073.28,1716.9,0.08330718998551015,0.007501401031714318,0.8816,0.854,beauty,delhi,0,0,none,seasonal
M0011,159,31,50801.24,1638.75,0.07669992796891283,0.0077108488776215164,1.0615,1.392,beauty,delhi,0,0,none,seasonal
M0011,160,32,54377.55,1699.3,0.06428558991357795,0.009368078233280045,0.7319,1.4575,beauty,delhi,0,0,none,seasonal
M0011,161,28,51407.43,1835.98,0.07076177696625241,0.00656237731607908,0.9003,1.2574,beauty,delhi,0,0,none,seasonal
M0011,162,31,49797.34,1606.37,0.07836581593153263,0.007172032821619193,1.3273,1.2821,beauty,delhi,0,0,none,seasonal
M0011,163,35,66269.15,1893.4,0.0659473609581295,0.00853423421367435,1.1072,1.0162,beauty,delhi,0,0,none,seasonal
M0011,164,28,56983.0,2035.11,0.07772452298341977,0.006787508856515245,1.2776,0.9498,beauty,delhi,0,0,none,seasonal
M0011,165,34,63404.98,1864.85,0.0764174493498753,0.0054355519176935395,1.023,1.524,beauty,delhi,0,0,none,seasonal
M0011,166,30,51856.67,1728.56,0.04409383832748097,0.007994472559178985,1.3086,1.377,beauty,delhi,0,0,none,seasonal
M0011,167,29,52894.91,1823.96,0.0821859594743054,0.008193402585226947,1.2386,0.9534,beauty,delhi,0,0,none,seasonal
M0011,168,28,47372.2,1691.86,0.07147399246056355,0.009274957204486064,1.0988,1.3256,beauty,delhi,0,0,none,seasonal
M0011,169,26,50449.13,1940.35,0.0764508220250195,0.009137363888267013,0.9464,1.7768,beauty,delhi,0,0,none,seasonal
M0011,170,31,52507.1,1693.78,0.07508645269194139,0.008617015094944764,1.2994,1.2161,beauty,delhi,0,0,none,seasonal
M0011,171,34,64790.7,1905.61,0.0673831908725474,0.008818620321290946,1.2409,1.5647,beauty,delhi,0,0,none,seasonal
M0011,172,33,63050.61,1910.62,0.07874223557317006,0.008732974239121293,1.3494,1.3332,beauty,delhi,0,0,none,seasonal
M0011,173,31,62106.44,2003.43,0.07500277010970072,0.009640638723697017,1.1758,1.3441,beauty,delhi,0,0,none,seasonal
M0011,174,32,60052.85,1876.65,0.07871747978915399,0.00808393331419427,1.5538,0.7752,beauty,delhi,0,0,none,seasonal
M0011,175,30,53193.84,1773.13,0.07114032929587731,0.004842752333599764,1.0041,1.2879,beauty,delhi,0,0,none,seasonal
M0011,176,24,48485.27,2020.22,0.09264025363067731,0.00734371670930682,0.6238,1.4563,beauty,delhi,0,0,none,seasonal
M0011,177,36,69591.93,1933.11,0.08625163383805612,0.0075433388865367365,0.9191,1.2577,beauty,delhi,0,0,none,seasonal
M0011,178,31,60904.41,1964.66,0.07310167412682873,0.007486047474563054,1.1033,1.0893,beauty,delhi,0,0,none,seasonal
M0011,179,32,63445.5,1982.67,0.078557304230615,0.006422334999100969,1.2348,1.5309,beauty,delhi,0,0,none,seasonal
M0011,180,29,59382.13,2047.66,0.0696864378003049,0.008648483858233798,1.1129,1.2002,beauty,delhi,0,0,none,seasonal
M0011,181,32,60405.77,1887.68,0.06953623341060597,0.008918082157799075,1.2411,1.3008,beauty,delhi,0,0,none,seasonal
M0011,182,28,46419.76,1657.85,0.06622763892809282,0.007066747822823929,1.3985,1.0439,beauty,delhi,0,0,none,seasonal
M0011,183,32,63371.05,1980.35,0.07196543999217418,0.007028484859547473,1.0388,1.0658,beauty,delhi,0,0,none,seasonal
M0011,184,28,47879.52,1709.98,0.07684373322684084,0.006067250299936694,1.3921,1.2352,beauty,delhi,0,0,none,seasonal
M0011,185,30,54762.36,1825.41,0.07099686227568663,0.006352527473634937,1.0678,1.248,beauty,delhi,0,0,none,seasonal
M0011,186,34,59508.36,1750.25,0.08675537346789862,0.008846006321469336,0.8564,0.7714,beauty,delhi,0,0,none,seasonal
M0011,187,30,63237.04,2107.9,0.0615237572504833,0.0062118495520040095,1.3619,0.8875,beauty,delhi,0,0,none,seasonal
M0011,188,29,54161.92,1867.65,0.058646246228062214,0.007194657555321517,1.3893,1.5959,beauty,delhi,0,0,none,seasonal
M0011,189,32,50332.81,1572.9,0.09362777536777063,0.007577161477997514,1.2185,1.5432,beauty,delhi,0,0,none,seasonal
M0011,190,27,52782.52,1954.91,0.07080611008100951,0.00735238202117496,1.1651,0.9741,beauty,delhi,0,0,none,seasonal
M0011,191,29,51288.65,1768.57,0.08039389392485792,0.007984723483030708,1.4979,0.8609,beauty,delhi,0,0,none,seasonal
M0011,192,28,52175.38,1863.41,0.07634228731932571,0.007048723406277863,0.9498,1.0934,beauty,delhi,0,0,none,seasonal
M0011,193,27,49865.93,1846.89,0.08068852869649071,0.004924232050857091,0.8765,1.2662,beauty,delhi,0,0,none,seasonal
M0011,194,32,64522.64,2016.33,0.08079065260014164,0.005373960858220221,1.0913,1.0821,beauty,delhi,0,0,none,seasonal
M0011,195,31,54524.4,1758.85,0.0818922678529558,0.0088161799836683,1.4441,1.5057,beauty,delhi,0,0,none,seasonal
M0011,196,31,57864.37,1866.59,0.07775827138044389,0.005717653838525838,1.3451,1.3055,beauty,delhi,0,0,none,seasonal
M0011,197,28,46853.53,1673.34,0.07804024522055267,0.008818017944472942,1.4134,1.2847,beauty,delhi,0,0,none,seasonal
M0011,198,33,65566.54,1986.86,0.09388263828579271,0.00892394890670914,0.9413,1.3752,beauty,delhi,0,0,none,seasonal
M0011,199,28,51757.76,1848.49,0.08060745647521977,0.006724637820517727,1.4975,1.1857,beauty,delhi,0,0,none,seasonal
M0011,200,34,55935.49,1645.16,0.08670540259246048,0.00703493750872192,1.3197,1.1199,beauty,delhi,0,0,none,seasonal
M0011,201,29,58543.26,2018.73,0.08348406735037732,0.008489545802950825,1.4849,1.4494,beauty,delhi,0,0,none,seasonal
M0011,202,26,46077.42,1772.21,0.06280644803220167,0.006881072798169305,1.2255,1.139,beauty,delhi,0,0,none,seasonal
M0011,203,30,56629.75,1887.66,0.08929314514218953,0.007743544434648322,1.2799,0.9511,beauty,delhi,0,0,none,seasonal
M0011,204,33,62708.49,1900.26,0.07806156409969409,0.007019449400207971,1.2492,1.5333,beauty,delhi,0,0,none,seasonal
M0011,205,32,57529.46,1797.8,0.08327715026005975,0.008506594256223106,1.5702,0.9956,beauty,delhi,0,0,none,seasonal
M0011,206,28,52250.61,1866.09,0.06486057099372959,0.008650852871442924,0.9757,1.6287,beauty,delhi,0,0,none,seasonal
M0011,207,28,51363.85,1834.42,0.08207517655184145,0.009716979719193814,1.2574,0.9035,beauty,delhi,0,0,none,seasonal
M0011,208,30,51655.7,1721.86,0.07811078565911886,0.0072539210448611825,0.7489,1.6278,beauty,delhi,0,0,none,seasonal
M0011,209,34,63466.17,1866.65,0.07504121286289618,0.00878944557466596,1.0384,1.4634,beauty,delhi,0,0,none,seasonal
M0011,210,34,63353.33,1863.33,0.049730438901022064,0.008293727642278509,1.4453,1.3859,beauty,delhi,0,0,none,seasonal
M0011,211,31,58224.11,1878.2,0.08006519698593345,0.008009725155835022,0.972,1.0182,beauty,delhi,0,0,none,seasonal
M0011,212,29,62370.94,2150.72,0.08465490836182595,0.00618845332285976,1.4669,1.5959,beauty,delhi,0,0,none,seasonal
M0011,213,27,50705.85,1877.99,0.08538300294996878,0.007359756871270375,1.5381,1.7419,beauty,delhi,0,0,none,seasonal
M0011,214,32,59466.89,1858.34,0.08032124049566673,0.008588571132906925,1.1077,0.6722,beauty,delhi,0,0,none,seasonal
M0011,215,32,58208.63,1819.02,0.07423537463575222,0.00511717411287474,1.2348,1.4682,beauty,delhi,0,0,none,seasonal
M0011,216,29,52924.7,1824.99,0.07587078036296119,0.005154844309787908,0.7849,0.8327,beauty,delhi,0,0,none,seasonal
M0011,217,31,63635.08,2052.74,0.0822399818070122,0.00900102546677693,0.9119,0.8841,beauty,delhi,0,0,none,seasonal
M0011,218,33,59519.47,1803.62,0.07237675898190428,0.00770819400395735,1.307,1.5072,beauty,delhi,0,0,none,seasonal
M0011,219,29,56344.51,1942.91,0.09116391993422994,0.006895682543596609,1.5791,1.4313,beauty,delhi,0,0,none,seasonal
M0011,220,54,102201.27,1892.62,0.11989652758360861,0.005322752653034726,1.3454,1.2484,beauty,delhi,0,0,none,seasonal
M0011,221,67,126218.95,1883.86,0.08701262107371754,0.006869128857739626,1.1042,1.3922,beauty,delhi,0,0,none,seasonal
M0011,222,76,129911.29,1709.36,0.09391164184824982,0.005214113519540525,1.3261,1.2886,beauty,delhi,0,0,none,seasonal
M0011,223,67,134962.36,2014.36,0.09756672179253773,0.007317107172884706,1.3306,1.139,beauty,delhi,0,0,none,seasonal
M0011,224,78,139131.88,1783.74,0.1060882835440218,0.007470465589657671,1.2039,1.3268,beauty,delhi,0,0,none,seasonal
M0011,225,74,136364.67,1842.77,0.09112725494353743,0.007334635239135423,1.2589,1.3442,beauty,delhi,0,0,none,seasonal
M0011,226,29,47968.0,1654.07,0.06648673416561196,0.009192203515048875,1.0442,1.067,beauty,delhi,0,0,none,seasonal
M0011,227,39,68034.11,1744.46,0.07196956957120373,0.0066052543721117326,1.5474,1.0801,beauty,delhi,0,0,none,seasonal
M0011,228,31,55101.68,1777.47,0.06554028496523227,0.007885355112119633,1.1821,1.3055,beauty,delhi,0,0,none,seasonal
M0011,229,33,63567.77,1926.3,0.06295333893653479,0.007856395142354164,1.4073,1.1941,beauty,delhi,0,0,none,seasonal
M0011,230,31,65459.06,2111.58,0.06889852731563754,0.007221101342458269,1.0446,1.5321,beauty,delhi,0,0,none,seasonal
M0011,231,26,54848.44,2109.56,0.08565450280953804,0.006084240711051703,1.5289,1.299,beauty,delhi,0,0,none,seasonal
M0011,232,29,53842.44,1856.64,0.07197040219873928,0.005389316167982866,1.2104,0.879,beauty,delhi,0,0,none,seasonal
M0011,233,28,51044.32,1823.01,0.07665599947559876,0.008462731545463188,0.7363,1.0934,beauty,delhi,0,0,none,seasonal
M0011,234,28,50811.85,1814.71,0.0883620709254082,0.005771286521620501,1.1175,1.3069,beauty,delhi,0,0,none,seasonal
M0011,235,29,54922.24,1893.87,0.08857064691239182,0.006826459503861666,1.2401,0.9268,beauty,delhi,0,0,none,seasonal
M0011,236,32,55636.86,1738.65,0.07694060432129021,0.007462475471375642,1.3546,1.5039,beauty,delhi,0,0,none,seasonal
M0011,237,34,65386.05,1923.12,0.07158710291905208,0.009377177390953954,1.3688,1.3224,beauty,delhi,0,0,none,seasonal
M0011,238,31,52727.81,1700.9,0.05355529530313642,0.007581597094076029,0.9566,1.1062,beauty,delhi,0,0,none,seasonal
M0011,239,31,53466.89,1724.74,0.07585688319453977,0.006330996745877392,1.3473,1.3055,beauty,delhi,0,0,none,seasonal
M0012,0,33,16828.71,509.96,0.03763612080492162,0.00194107090269719,1.2753,1.1941,electronics,jaipur,0,0,none,growing
M0012,1,36,18942.57,526.18,0.041243321376725914,0.0018873110974403154,1.3164,1.3334,electronics,jaipur,0,0,none,growing
M0012,2,36,18979.82,527.22,0.041797876734134376,0.0016681521183738567,1.1642,1.4559,electronics,jaipur,0,0,none,growing
M0012,3,39,20166.66,517.09,0.04839381135099288,0.0024521411825151585,1.3512,1.1196,electronics,jaipur,0,0,none,growing
M0012,4,39,19862.92,509.31,0.031569553583338704,0.0018585522185751604,0.8139,0.5849,electronics,jaipur,0,0,none,growing
M0012,5,34,18333.12,539.21,0.034983756495552285,0.0018064817029438194,1.1746,1.5295,electronics,jaipur,0,0,none,growing
M0012,6,34,17188.38,505.54,0.04700980403941031,0.002090599344218268,1.6026,1.4674,electronics,jaipur,0,0,none,growing
M0012,7,41,20206.59,492.84,0.038113358058060376,0.0017872882698664854,1.3671,1.4548,electronics,jaipur,0,0,none,growing
M0012,8,34,16195.07,476.33,0.03285359537039281,0.0016108360457035556,1.2482,1.307,electronics,jaipur,0,0,none,growing
M0012,9,36,16834.8,467.63,0.042665369959205654,0.0021672554622638673,0.9706,1.3347,electronics,jaipur,0,0,none,growing
M0012,10,41,20090.95,490.02,0.042161166495535154,0.0016505240566958741,0.8057,1.4347,electronics,jaipur,0,0,none,growing
M0012,11,32,15521.75,485.05,0.03358778078833992,0.002220815016459464,1.3008,1.2107,electronics,jaipur,0,0,none,growing
M0012,12,40,21194.61,529.87,0.04112859148263268,0.002335765113606986,1.1873,1.1738,electronics,jaipur,0,0,none,growing
M0012,13,39,18174.43,466.01,0.03700169909654735,0.0020629639249101703,1.1937,1.4659,electronics,jaipur,0,0,none,growing
M0012,14,39,19157.0,491.21,0.0394662821393954,0.0017044135393391013,1.1313,1.3138,electronics,jaipur,0,0,none,growing
M0012,15,39,18534.71,475.25,0.03666756503710364,0.002006211398461721,1.4134,1.6319,electronics,jaipur,0,0,none,growing
M0012,16,34,17499.08,514.68,0.039300123285856005,0.0023471165617151503,0.8972,1.3297,electronics,jaipur,0,0,none,growing
M0012,17,38,19288.51,507.59,0.04405444198280451,0.0019690274353545757,1.0267,1.0494,electronics,jaipur,0,0,none,growing
M0012,18,38,18362.7,483.23,0.0320475692425608,0.0015925743156170722,1.3755,1.375,electronics,jaipur,0,0,none,growing
M0012,19,38,19249.74,506.57,0.03734235878728586,0.0018373902620701498,1.516,1.2745,electronics,jaipur,0,0,none,growing
M0012,20,36,19868.64,551.91,0.037493539575717445,0.001985427418374963,1.1952,1.3732,electronics,jaipur,0,0,none,growing
M0012,21,37,18980.75,512.99,0.03671525203007954,0.002057336033878529,1.3307,1.2571,electronics,jaipur,0,0,none,growing
M0012,22,40,19651.54,491.29,0.0421586437969341,0.002094945455244138,1.2549,1.339,electronics,jaipur,0,0,none,growing
M0012,23,42,22015.9,524.19,0.037409545138145414,0.0018558014892418066,1.2869,1.1762,electronics,jaipur,0,0,none,growing
M0012,24,46,20190.19,438.92,0.038499578152613595,0.0021987392709698697,1.31,1.5971,electronics,jaipur,0,0,none,growing
M0012,25,44,21323.43,484.62,0.035922730046474526,0.001838408344830647,1.4018,1.0942,electronics,jaipur,0,0,none,growing
M0012,26,36,19190.33,533.06,0.030542158437422563,0.0019106746294939277,1.6244,1.4117,electronics,jaipur,0,0,none,growing
M0012,27,41,18574.83,453.04,0.041423478763005686,0.0020245889850352057,1.2162,1.7051,electronics,jaipur,0,0,none,growing
M0012,28,36,18907.25,525.2,0.03537898606044979,0.001871051842473974,1.1182,1.2432,electronics,jaipur,0,0,none,growing
M0012,29,41,19351.67,471.99,0.04342074823946145,0.0020312507210166722,1.6218,1.3176,electronics,jaipur,0,0,none,growing
M0012,30,38,19572.79,515.07,0.03063352687304077,0.0019610368342887264,1.2086,1.2122,electronics,jaipur,0,0,none,growing
M0012,31,43,20297.1,472.03,0.034003377057030236,0.002807470750088117,1.1383,1.6638,electronics,jaipur,0,0,none,growing
M0012,32,38,18955.2,498.82,0.045068243417846536,0.002218994975239018,1.476,1.2735,electronics,jaipur,0,0,none,growing
M0012,33,39,18376.33,471.19,0.043426528589977975,0.002091596997893059,1.2024,1.2738,electronics,jaipur,0,0,none,growing
M0012,34,42,21283.84,506.76,0.03444566199302944,0.001954839818469934,1.3408,1.2681,electronics,jaipur,0,0,none,growing
M0012,35,40,19944.98,498.62,0.03277838141228151,0.0019297149521479173,1.3174,1.4308,electronics,jaipur,0,0,none,growing
M0012,36,41,20692.34,504.69,0.04117364852468666,0.0019152479586330934,1.3882,0.8189,electronics,jaipur,0,0,none,growing
M0012,37,40,19639.63,490.99,0.034644141976816215,0.0018537565728308791,1.3053,1.1738,electronics,jaipur,0,0,none,growing
M0012,38,43,19976.37,464.57,0.04163613562398286,0.0018505612999010152,1.0556,1.2725,electronics,jaipur,0,0,none,growing
M0012,39,39,17165.47,440.14,0.03768865887337747,0.0024628150700772024,1.2909,1.4101,electronics,jaipur,0,0,none,growing
M0012,40,33,16667.18,505.07,0.04796639379169238,0.001418448549339058,0.8296,1.1693,electronics,jaipur,0,0,none,growing
M0012,41,43,22814.93,530.58,0.03710954219280267,0.0018346857950088992,1.2667,1.3249,electronics,jaipur,0,0,none,growing
M0012,42,46,23635.33,513.81,0.04233070950082762,0.002008021449869391,1.1732,1.4682,electronics,jaipur,0,0,none,growing
M0012,43,45,20776.8,461.71,0.033000305778435185,0.0022799373267445707,1.3145,1.4949,electronics,jaipur,0,0,none,growing
M0012,44,42,20634.28,491.29,0.037531857334502976,0.0019971067562059874,1.6012,0.8789,electronics,jaipur,0,0,none,growing
M0012,45,42,20159.62,479.99,0.04716580983466792,0.001802853625013078,1.2764,0.8459,electronics,jaipur,0,0,none,growing
M0012,46,43,21290.04,495.12,0.050233257872347906,0.002488187776473162,1.301,1.6596,electronics,jaipur,0,0,none,growing
M0012,47,41,19121.25,466.37,0.04541631386869641,0.002280210830023723,1.2261,1.4066,electronics,jaipur,0,0,none,growing
M0012,48,37,17625.24,476.36,0.03972145723096693,0.0017723783216715638,1.2497,1.3105,electronics,jaipur,0,0,none,growing
M0012,49,35,18200.06,520.0,0.04154035676043585,0.001888487808311126,1.3479,1.4967,electronics,jaipur,0,0,none,growing
M0012,50,39,20642.11,529.28,0.033635785214691086,0.0017749515207923007,1.2613,1.129,electronics,jaipur,0,0,none,growing
M0012,51,41,19955.07,486.71,0.04129070033678354,0.0019373106639004453,1.1419,1.0431,electronics,jaipur,0,0,none,growing
M0012,52,45,22928.42,509.52,0.02917997505266171,0.0018092843910231344,1.0841,1.2805,electronics,jaipur,0,0,none,growing
M0012,53,42,21735.25,517.51,0.03543491585806405,0.0016975294861385113,1.5251,1.3262,electronics,jaipur,0,0,none,growing
M0012,54,38,19668.32,517.59,0.03674203653408161,0.0024791816352046393,1.1997,1.7235,electronics,jaipur,0,0,none,growing
M0012,55,45,21188.02,470.84,0.04159481823402171,0.0023927369243514495,1.2497,1.0885,electronics,jaipur,0,0,none,growing
M0012,56,45,22765.73,505.91,0.039042882110388984,0.001820064580398855,1.5311,0.9883,electronics,jaipur,0,0,none,growing
M0012,57,45,23103.54,513.41,0.04321606771396743,0.0020325824323097997,1.4811,1.3477,electronics,jaipur,0,0,none,growing
M0012,58,42,21777.68,518.52,0.03524163715177068,0.0022605710810887944,1.2875,1.7224,electronics,jaipur,0,0,none,growing
M0012,59,44,21527.38,489.26,0.03524894559475987,0.0020716402721291122,0.949,1.4856,electronics,jaipur,0,0,none,growing
M0012,60,45,20342.65,452.06,0.03596878572682832,0.0020793154109894916,1.2745,1.4554,electronics,jaipur,0,0,none,growing
M0012,61,47,24203.51,514.97,0.039114832368942275,0.0018701340845656016,1.5748,1.2913,electronics,jaipur,0,0,none,growing
M0012,62,47,20189.5,429.56,0.035911229939362875,0.0022026198641091287,1.3793,1.1017,electronics,jaipur,0,0,none,growing
M0012,63,47,22314.1,474.77,0.028937584128019337,0.0020287709704985613,1.3793,1.2028,electronics,jaipur,0,0,none,growing
M0012,64,43,21837.64,507.85,0.03848208731549304,0.0017577601829435682,1.3006,1.3091,electronics,jaipur,0,0,none,growing
M0012,65,42,20473.37,487.46,0.03921863904756822,0.0020262656148798417,1.2148,1.2602,electronics,jaipur,0,0,none,growing
M0012,66,39,17757.69,455.33,0.03757976995526749,0.0023832780155803373,1.2668,1.5731,electronics,jaipur,0,0,none,growing
M0012,67,51,26118.4,512.13,0.037533416121719856,0.0021340971701769387,1.4413,1.6553,electronics,jaipur,0,0,none,growing
M0012,68,46,20380.71,443.06,0.0447429132580915,0.0021403921765974433,1.2497,1.4004,electronics,jaipur,0,0,none,growing
M0012,69,42,20044.39,477.25,0.035650799053270205,0.0020729800252780534,0.9782,1.2521,electronics,jaipur,0,0,none,growing
M0012,70,51,29417.84,576.82,0.03927589467157061,0.0023524226514030208,1.3503,1.2744,electronics,jaipur,0,0,none,growing
M0012,71,47,22608.81,481.04,0.03765271441462248,0.0019957281160740458,1.1495,1.2211,electronics,jaipur,0,0,none,growing
M0012,72,46,24263.44,527.47,0.03029851901841648,0.0025935354924104636,1.3669,1.2497,electronics,jaipur,0,0,none,growing
M0012,73,39,20945.02,537.05,0.034668293143066825,0.0013476359473440984,1.2045,1.459,electronics,jaipur,0,0,none,growing
M0012,74,45,23675.02,526.11,0.0393555898842913,0.002083091437138616,1.254,0.9373,electronics,jaipur,0,0,none,growing
M0012,75,48,19781.38,412.11,0.03981571016839489,0.0019488059833294247,1.44,1.3188,electronics,jaipur,0,0,none,growing
M0012,76,46,24588.9,534.54,0.04576803341685562,0.0017155479563906036,1.4483,1.0488,electronics,jaipur,0,0,none,growing
M0012,77,41,20673.92,504.24,0.03615989059447221,0.002479637116028814,1.0341,1.2809,electronics,jaipur,0,0,none,growing
M0012,78,43,22106.62,514.11,0.03752889022910467,0.002113155969739345,1.3543,1.3894,electronics,jaipur,0,0,none,growing
M0012,79,54,26892.41,498.01,0.02674182794975275,0.002048237913311205,1.2459,1.2885,electronics,jaipur,0,0,none,growing
M0012,80,42,19137.36,455.65,0.036350499626507826,0.00200303286049159,1.3882,1.3057,electronics,jaipur,0,0,none,growing
M0012,81,37,17006.0,459.62,0.0330758028314775,0.002271384466050869,1.2589,1.2963,electronics,jaipur,0,0,none,growing
M0012,82,45,23627.54,525.06,0.041227045364902536,0.0018015048908305144,1.325,1.1765,electronics,jaipur,0,0,none,growing
M0012,83,44,20175.47,458.53,0.03870260973899761,0.0014876758104976947,1.2384,1.465,electronics,jaipur,0,0,none,growing
M0012,84,53,24320.24,458.87,0.03620938584251634,0.0024427080184254565,1.5168,0.8403,electronics,jaipur,0,0,none,growing
M0012,85,44,23322.47,530.06,0.042888623672728894,0.002531855926893429,1.2006,1.0823,electronics,jaipur,0,0,none,growing
M0012,86,49,21401.85,436.77,0.03930476391572568,0.001852899680104816,1.4537,1.087,electronics,jaipur,0,0,none,growing
M0012,87,42,18187.17,433.03,0.04308038675299366,0.001659376226841733,1.0398,1.631,electronics,jaipur,0,0,none,growing
M0012,88,54,25387.49,470.14,0.042084915888445915,0.0024016616818410557,1.4714,1.1531,electronics,jaipur,0,0,none,growing
M0012,89,46,19559.83,425.21,0.044062970893750386,0.002354248777039145,1.3852,0.9916,electronics,jaipur,0,0,none,growing
M0012,90,48,23343.22,486.32,0.04666295621058376,0.00163865807098707,1.1388,0.847,electronics,jaipur,0,0,none,growing
M0012,91,46,23095.59,502.08,0.03466653455773776,0.0021669583834940795,1.1886,1.4575,electronics,jaipur,0,0,none,growing
M0012,92,45,21423.86,476.09,0.03349493448194799,0.0020468587526869743,1.363,1.1765,electronics,jaipur,0,0,none,growing
M0012,93,44,20095.3,456.71,0.041932773983980744,0.0017565708638840466,1.3705,1.3682,electronics,jaipur,0,0,none,growing
M0012,94,47,23077.09,491.0,0.03648654196872735,0.0018450135096647405,1.5706,1.5183,electronics,jaipur,0,0,none,growing
M0012,95,43,24072.63,559.83,0.0372345377016705,0.0020395178179219388,1.0678,1.4122,electronics,jaipur,0,0,none,growing
M0012,96,46,20164.35,438.36,0.03794776276803481,0.0019551866854720036,1.2369,1.5424,electronics,jaipur,0,0,none,growing
M0012,97,53,25497.91,481.09,0.03401796703696915,0.0015476538037535977,1.2974,1.2056,electronics,jaipur,0,0,none,growing
M0012,98,45,21228.88,471.75,0.042447726557448065,0.0014056641862709295,0.9289,1.2371,electronics,jaipur,0,0,none,growing
M0012,99,50,24405.38,488.11,0.034752517935315995,0.0021059752513735066,1.2849,1.469,electronics,jaipur,0,0,none,growing
M0012,100,51,27474.88,538.72,0.03599320751780688,0.002069145474568437,1.1954,1.3499,electronics,jaipur,0,0,none,growing
M0012,101,50,24288.82,485.78,0.04137721133419791,0.002298974599561005,1.374,1.5349,electronics,jaipur,0,0,none,growing
M0012,102,46,20258.05,440.39,0.03824350186895974,0.0019789209056475885,1.2562,1.3466,electronics,jaipur,0,0,none,growing
M0012,103,54,27825.97,515.3,0.03623168333071851,0.0020671286007874464,1.2658,1.0574,electronics,jaipur,0,0,none,growing
M0012,104,56,28133.43,502.38,0.03347930406646595,0.0024340658768486263,1.2634,1.368,electronics,jaipur,0,0,none,growing
M0012,105,60,29684.63,494.74,0.03765019915553774,0.002075515113767432,1.1185,1.3542,electronics,jaipur,0,0,none,growing
M0012,106,47,24057.47,511.86,0.03891726742100599,0.0023649258316196763,1.2497,1.3541,electronics,jaipur,0,0,none,growing
M0012,107,50,22220.28,444.41,0.03679576281936719,0.0022203584620153084,1.3874,1.3166,electronics,jaipur,0,0,none,growing
M0012,108,46,22502.6,489.19,0.04277032909847187,0.0021925329639357802,1.2488,1.2556,electronics,jaipur,0,0,none,growing
M0012,109,46,21305.92,463.17,0.04222880481388896,0.001645733755506075,1.4068,1.358,electronics,jaipur,0,0,none,growing
M0012,110,48,24793.17,516.52,0.038856271425487664,0.0024533413577197084,1.4094,1.1856,electronics,jaipur,0,0,none,growing
M0012,111,49,22094.8,450.91,0.03878687575619438,0.0021956962117828742,1.3112,1.3533,electronics,jaipur,0,0,none,growing
M0012,112,53,26108.39,492.61,0.033688475909163865,0.0023872346776402896,1.2816,1.3809,electronics,jaipur,0,0,none,growing
M0012,113,59,31601.31,535.62,0.041349297918057026,0.002307804691081267,1.3432,1.587,electronics,jaipur,0,0,none,growing
M0012,114,55,28797.47,523.59,0.04324644121167585,0.0019525855763525277,1.3506,1.2073,electronics,jaipur,0,0,none,growing
M0012,115,47,22074.93,469.68,0.038334978210917775,0.0026674474593384643,1.3708,1.1406,electronics,jaipur,0,0,none,growing
M0012,116,54,26844.37,497.12,0.04028400865947297,0.0019058702318530008,1.3391,1.3642,electronics,jaipur,0,0,none,growing
M0012,117,52,26002.9,500.06,0.037875448386991785,0.002504124402172829,1.3451,1.4505,electronics,jaipur,0,0,none,growing
M0012,118,45,21731.56,482.92,0.039217418830891554,0.0021583741702847527,1.1032,1.2695,electronics,jaipur,0,0,none,growing
M0012,119,48,21866.92,455.56,0.03598152788819843,0.0022095965244328317,1.3226,1.015,electronics,jaipur,0,0,none,growing
M0012,120,52,27590.44,530.59,0.037055081479397296,0.0019834627985925034,1.3789,0.9601,electronics,jaipur,0,0,none,growing
M0012,121,50,25612.36,512.25,0.03877555574373746,0.0018086623209252908,1.4116,1.1633,electronics,jaipur,0,0,none,growing
M0012,122,43,20809.82,483.95,0.04101949160628468,0.0019402618598499501,1.2667,1.1122,electronics,jaipur,0,0,none,growing
M0012,123,44,22118.36,502.69,0.04065403268329531,0.0019369106789919287,1.1008,1.0823,electronics,jaipur,0,0,none,growing
M0012,124,57,28624.05,502.18,0.0420133974870374,0.0016733198012448337,1.4995,1.1685,electronics,jaipur,0,0,none,growing
M0012,125,55,25618.9,465.8,0.03446408522466579,0.001466551501024097,1.6078,1.9416,electronics,jaipur,0,0,none,growing
M0012,126,55,25171.74,457.67,0.040391874822017455,0.0025105580375910336,1.3362,1.296,electronics,jaipur,0,0,none,growing
M0012,127,56,29099.85,519.64,0.041422794135400925,0.0027530641009761363,1.285,1.3145,electronics,jaipur,0,0,none,growing
M0012,128,49,22279.99,454.69,0.0413652800062402,0.002384666517403109,1.3618,1.364,electronics,jaipur,0,0,none,growing
M0012,129,51,24337.81,477.21,0.03422825345084026,0.0018154708202333311,1.4353,0.7614,electronics,jaipur,0,0,none,growing
M0012,130,44,20951.35,476.17,0.0436311569392122,0.0022926474526397656,1.2933,1.352,electronics,jaipur,0,0,none,growing
M0012,131,50,24659.8,493.2,0.042139080719695174,0.0021456813394278144,1.1251,1.2083,electronics,jaipur,0,0,none,growing
M0012,132,59,28042.56,475.3,0.034596196168387536,0.0020139908440645203,1.2286,1.3473,electronics,jaipur,0,0,none,growing
M0012,133,61,30218.81,495.39,0.039160557367128965,0.0018059232435324658,1.2145,1.3621,electronics,jaipur,0,0,none,growing
M0012,134,53,26012.79,490.81,0.04675526761233407,0.0020343676075012113,1.3383,1.3843,electronics,jaipur,0,0,none,growing
M0012,135,50,25624.69,512.49,0.045289602908936875,0.001775177212342292,1.3663,1.4967,electronics,jaipur,0,0,none,growing
M0012,136,54,27097.79,501.81,0.04157994983357338,0.001950544643262241,1.4081,1.0928,electronics,jaipur,0,0,none,growing
M0012,137,56,31079.17,554.99,0.04138285085263038,0.0017895551213406705,1.2614,1.1583,electronics,jaipur,0,0,none,growing
M0012,138,53,25309.79,477.54,0.032488434297094144,0.0021633756599349027,1.2587,1.2549,electronics,jaipur,0,0,none,growing
M0012,139,63,33384.67,529.92,0.029593785019604843,0.0018603813835462563,1.1048,1.5932,electronics,jaipur,0,0,none,growing
M0012,140,55,25280.59,459.65,0.0380214237708147,0.002053271518542562,1.3187,1.32,electronics,jaipur,0,0,none,growing
M0012,141,59,31917.35,540.97,0.03890144718475246,0.0017904597688971004,1.099,1.1349,electronics,jaipur,0,0,none,growing
M0012,142,42,20477.21,487.55,0.03717859857833108,0.0013300952374772086,1.2639,1.598,electronics,jaipur,0,0,none,growing
M0012,143,57,26075.22,457.46,0.042271336154575595,0.002054919542715667,1.1258,1.2505,electronics,jaipur,0,0,none,growing
M0012,144,57,28090.57,492.82,0.039528035172537425,0.002036223026520757,1.0513,1.3023,electronics,jaipur,0,0,none,growing
M0012,145,54,27483.69,508.96,0.03196100980163587,0.0018649722683577693,1.1588,1.7409,electronics,jaipur,0,0,none,growing
M0012,146,56,26746.2,477.61,0.041060469743808344,0.002430696590682455,1.2516,1.3612,electronics,jaipur,0,0,none,growing
M0012,147,62,31899.95,514.52,0.036118870536554736,0.001956957587121033,1.1441,1.4771,electronics,jaipur,0,0,none,growing
M0012,148,55,27587.46,501.59,0.037894617333801776,0.001994458825331223,1.5731,1.2734,electronics,jaipur,0,0,none,growing
M0012,149,59,29894.86,506.69,0.044773968400764357,0.0017958164995649788,1.2732,1.3092,electronics,jaipur,0,0,none,growing
M0012,150,60,27644.31,460.74,0.045808951157849165,0.002188253139340214,1.2293,1.4322,electronics,jaipur,0,0,none,growing
M0012,151,54,26144.23,484.15,0.0416992036079333,0.0017806662256567248,1.3477,1.0671,electronics,jaipur,0,0,none,growing
M0012,152,51,26358.64,516.84,0.04009408434827679,0.0025782706501218866,1.1865,1.1746,electronics,jaipur,0,0,none,growing
M0012,153,56,28370.81,506.62,0.04196968574866428,0.002286232816630452,1.3011,1.0049,electronics,jaipur,0,0,none,growing
M0012,154,63,32396.73,514.23,0.03711330408961997,0.0012126940605631416,1.4778,1.1957,electronics,jaipur,0,0,none,growing
M0012,155,60,32343.69,539.06,0.041555256901865005,0.001936079955873552,1.0991,1.4484,electronics,jaipur,0,0,none,growing
M0012,156,64,33183.94,518.5,0.04093423891244508,0.0020626930090262012,1.4417,1.3555,electronics,jaipur,0,0,none,growing
M0012,157,64,33252.5,519.57,0.038530240334641634,0.0022227344507624747,1.2244,1.5517,electronics,jaipur,0,0,none,growing
M0012,158,60,29434.13,490.57,0.03806538813806698,0.001807014427200857,0.9435,1.3761,electronics,jaipur,0,0,none,growing
M0012,159,60,30334.71,505.58,0.03744618660619869,0.0020188568122490452,1.6192,1.5793,electronics,jaipur,0,0,none,growing
M0012,160,53,24652.65,465.14,0.03414114621091526,0.0015723541068024046,1.2452,1.0652,electronics,jaipur,0,0,none,growing
M0012,161,51,22143.9,434.19,0.0415930038335201,0.0017194858736900164,1.207,1.7044,electronics,jaipur,0,0,none,growing
M0012,162,66,31838.97,482.41,0.037434191535128135,0.0016996865106898816,1.1224,1.4213,electronics,jaipur,0,0,none,growing
M0012,163,56,25266.81,451.19,0.03497017337307029,0.002896468530682631,1.447,0.9948,electronics,jaipur,0,0,none,growing
M0012,164,60,30982.55,516.38,0.040854913531734136,0.001692924182961509,1.4875,1.4548,electronics,jaipur,0,0,none,growing
M0012,165,62,30467.72,491.41,0.03634835899610347,0.0022065855402874633,1.2387,1.3726,electronics,jaipur,0,0,none,growing
M0012,166,65,30655.67,471.63,0.04036431685224557,0.001900676407564128,1.4096,1.4445,electronics,jaipur,0,0,none,growing
M0012,167,63,30925.95,490.89,0.04229664998953193,0.002041366872103074,1.4504,1.3797,electronics,jaipur,0,0,none,growing
M0012,168,59,27870.36,472.38,0.03947452397308913,0.0023229217026840177,1.1975,0.9538,electronics,jaipur,0,0,none,growing
M0012,169,68,40105.06,589.78,0.035949835085234555,0.0021561774749400435,1.3778,1.455,electronics,jaipur,0,0,none,growing
M0012,170,63,28274.54,448.8,0.03532574009683362,0.0023527532550949794,1.5566,1.156,electronics,jaipur,0,0,none,growing
M0012,171,56,30379.35,542.49,0.03101716356785717,0.002092811600334355,1.2715,1.2814,electronics,jaipur,0,0,none,growing
M0012,172,62,32122.53,518.11,0.03794651275183089,0.0024463468346843727,1.3563,1.2388,electronics,jaipur,0,0,none,growing
M0012,173,61,30238.64,495.72,0.044669004572786955,0.0019041805076425646,1.3493,1.2668,electronics,jaipur,0,0,none,growing
M0012,174,67,31168.68,465.2,0.024132137567334396,0.002263843132720915,1.4326,1.3603,electronics,jaipur,0,0,none,growing
M0012,175,55,24586.18,447.02,0.04065789347144416,0.0025527324597209382,1.2588,1.4303,electronics,jaipur,0,0,none,growing
M0012,176,57,29697.99,521.02,0.03461093528073412,0.0017556536361267787,1.4053,1.5686,electronics,jaipur,0,0,none,growing
M0012,177,56,27679.11,494.27,0.03997691055462944,0.002478974334938737,1.2863,1.4319,electronics,jaipur,0,0,none,growing
M0012,178,56,30960.08,552.86,0.03942400249949406,0.0023440816578905667,1.291,1.7402,electronics,jaipur,0,0,none,growing
M0012,179,57,29673.58,520.59,0.04689624716278753,0.0019911250124030064,1.3805,1.4701,electronics,jaipur,0,0,none,growing
M0012,180,67,30689.09,458.05,0.032840231593725504,0.00281611883585361,1.4099,1.2619,electronics,jaipur,0,0,none,growing
M0012,181,62,28515.92,459.93,0.03159825246117231,0.0019033007684473985,1.1845,1.2959,electronics,jaipur,0,0,none,growing
M0012,182,57,28592.5,501.62,0.03886762066820981,0.0018922683985462757,1.5716,1.3966,electronics,jaipur,0,0,none,growing
M0012,183,63,33232.36,527.5,0.032630319066263576,0.0015738029089296072,1.2201,1.089,electronics,jaipur,0,0,none,growing
M0012,184,61,29552.86,484.47,0.03609895862555796,0.0017211737573858499,1.0589,1.1242,electronics,jaipur,0,0,none,growing
M0012,185,66,28788.76,436.19,0.04011647288280614,0.0021113325791100508,1.4712,1.193,electronics,jaipur,0,0,none,growing
M0012,186,68,34410.74,506.04,0.033175004776774,0.0020542653638591056,1.2905,1.4604,electronics,jaipur,0,0,none,growing
M0012,187,59,25960.68,440.01,0.04290304141784394,0.002164367328281088,1.3223,1.557,electronics,jaipur,0,0,none,growing
M0012,188,61,28817.07,472.41,0.04110278997134979,0.0020746195152521406,1.3592,1.5496,electronics,jaipur,0,0,none,growing
M0012,189,65,34753.35,534.67,0.035887060624134985,0.0014508104687096252,1.5205,1.6326,electronics,jaipur,0,0,none,growing
M0012,190,60,29588.75,493.15,0.029472197500686904,0.0019329292413065157,1.2467,1.2291,electronics,jaipur,0,0,none,growing
M0012,191,54,28532.32,528.38,0.03666759828983286,0.0021785495957461556,1.4926,1.3218,electronics,jaipur,0,0,none,growing
M0012,192,65,31605.7,486.24,0.04373670178574905,0.0015161665830455983,1.3821,1.4946,electronics,jaipur,0,0,none,growing
M0012,193,56,25007.3,446.56,0.04349220361184307,0.0019642292454967983,1.2918,1.2258,electronics,jaipur,0,0,none,growing
M0012,194,62,30251.33,487.92,0.038154867721603695,0.0018534142733706881,1.1904,1.1395,electronics,jaipur,0,0,none,growing
M0012,195,67,31655.38,472.47,0.0345448827447902,0.001496627768447155,1.3659,1.2233,electronics,jaipur,0,0,none,growing
M0012,196,57,28743.0,504.26,0.041765369459688825,0.0025371921792476312,1.3172,1.0557,electronics,jaipur,0,0,none,growing
M0012,197,68,29933.42,440.2,0.03482501386541697,0.0017928288271520894,1.3414,1.1755,electronics,jaipur,0,0,none,growing
M0012,198,64,30540.9,477.2,0.0400535304294664,0.002567867289937595,1.302,1.5095,electronics,jaipur,0,0,none,growing
M0012,199,69,35559.08,515.35,0.036116865064867915,0.0013470481586996049,1.392,1.4418,electronics,jaipur,0,0,none,growing
M0012,200,66,31441.94,476.39,0.041408554158063146,0.0016195260009664143,1.4165,1.0001,electronics,jaipur,0,0,none,growing
M0012,201,56,29640.64,529.3,0.033035520120691796,0.001616966146220213,1.3759,1.7836,electronics,jaipur,0,0,none,growing
M0012,202,67,31677.62,472.8,0.031364602243144336,0.0018539801780720411,1.3194,1.4143,electronics,jaipur,0,0,none,growing
M0012,203,56,27922.44,498.61,0.032825811916146336,0.0017154512307390208,1.3887,1.1971,electronics,jaipur,0,0,none,growing
M0012,204,64,30063.42,469.74,0.03176404450593714,0.0020330162329569943,1.1577,1.3204,electronics,jaipur,0,0,none,growing
M0012,205,59,28720.88,486.79,0.040242344076529754,0.0025497766470748994,1.5218,1.5057,electronics,jaipur,0,0,none,growing
M0012,206,64,28549.43,446.08,0.04174606028041366,0.0020632955240539237,1.4752,1.4035,electronics,jaipur,0,0,none,growing
M0012,207,69,35042.3,507.86,0.03775320039197824,0.0018551947751886887,1.3119,1.5664,electronics,jaipur,0,0,none,growing
M0012,208,70,33832.63,483.32,0.04267908175907174,0.0024567664755854456,1.2483,1.3033,electronics,jaipur,0,0,none,growing
M0012,209,62,30258.56,488.04,0.03859098011304663,0.002740421609806823,1.3087,0.9567,electronics,jaipur,0,0,none,growing
M0012,210,67,33911.99,506.15,0.03870365212618278,0.0019425088971559352,1.4941,1.0738,electronics,jaipur,0,0,none,growing
M0012,211,63,31829.54,505.23,0.03782799186638222,0.0024598616837262395,1.2129,1.4376,electronics,jaipur,0,0,none,growing
M0012,212,62,29383.48,473.93,0.049359329253330954,0.0017468663707905885,1.492,1.2799,electronics,jaipur,0,0,none,growing
M0012,213,64,32044.15,500.69,0.04071062573012834,0.0018096181037520222,1.2588,1.2078,electronics,jaipur,0,0,none,growing
M0012,214,76,39702.27,522.4,0.039126279819110786,0.0019520887217631502,1.2977,1.2705,electronics,jaipur,0,0,none,growing
M0012,215,60,28887.52,481.46,0.03368167758749547,0.0022296996911770144,1.2276,1.2533,electronics,jaipur,0,0,none,growing
M0012,216,69,38812.2,562.5,0.039468812050455625,0.0021674255476695054,1.0909,1.3698,electronics,jaipur,0,0,none,growing
M0012,217,70,36242.73,517.75,0.03131713764292127,0.002301727587295591,1.2838,1.2595,electronics,jaipur,0,0,none,growing
M0012,218,66,32893.77,498.39,0.041664985261334254,0.0022711095191574843,1.0491,1.3194,electronics,jaipur,0,0,none,growing
M0012,219,65,33688.06,518.28,0.042037459510554334,0.00211965053869351,1.3586,1.1796,electronics,jaipur,0,0,none,growing
M0012,220,67,32502.63,485.11,0.03413139798185581,0.0019909633115241876,1.432,1.0499,electronics,jaipur,0,0,none,growing
M0012,221,70,31010.99,443.01,0.040927437428442154,0.0015366846935390029,1.2718,1.3831,electronics,jaipur,0,0,none,growing
M0012,222,62,28084.3,452.97,0.03743699560795603,0.002178301124243983,1.4322,1.7096,electronics,jaipur,0,0,none,growing
M0012,223,59,28309.61,479.82,0.03875512919702521,0.0019387230098913705,1.2976,1.3734,electronics,jaipur,0,0,none,growing
M0012,224,59,31243.94,529.56,0.03973492876201084,0.0018596448342247066,1.2283,1.2345,electronics,jaipur,0,0,none,growing
M0012,225,73,38525.0,527.74,0.028516124174574588,0.0019714553417711873,1.1997,1.1314,electronics,jaipur,0,0,none,growing
M0012,226,74,36658.57,495.39,0.04418341465253322,0.0020060000660465298,1.0038,1.1644,electronics,jaipur,0,0,none,growing
M0012,227,65,29626.87,455.8,0.037354976858580226,0.0021986286393627734,1.5158,1.4148,electronics,jaipur,0,0,none,growing
M0012,228,66,33541.19,508.2,0.04091488971354521,0.002292947872638449,1.2925,1.201,electronics,jaipur,0,0,none,growing
M0012,229,73,29256.91,400.78,0.03767253574068909,0.0019451138814117273,1.224,1.4622,electronics,jaipur,0,0,none,growing
M0012,230,71,33674.36,474.29,0.042256570958820044,0.001513225410341079,1.2072,1.3157,electronics,jaipur,0,0,none,growing
M0012,231,62,31691.58,511.15,0.03823137706841443,0.001460261945985562,1.6339,1.1238,electronics,jaipur,0,0,none,growing
M0012,232,65,32626.37,501.94,0.041633465953809325,0.001687323951592675,1.2906,1.5625,electronics,jaipur,0,0,none,growing
M0012,233,67,33199.24,495.51,0.036987141484641606,0.0018395595255922218,1.3474,1.521,electronics,jaipur,0,0,none,growing
M0012,234,69,30982.06,449.02,0.03899868175035192,0.0019945046267325034,1.2857,1.2472,electronics,jaipur,0,0,none,growing
M0012,235,64,32248.13,503.88,0.03932485221566668,0.0014742200197064195,1.1918,1.2376,electronics,jaipur,0,0,none,growing
M0012,236,74,41142.85,555.98,0.03389858134361725,0.0020257713838718024,1.287,1.2743,electronics,jaipur,0,0,none,growing
M0012,237,74,35808.44,483.9,0.038867060609278095,0.002138003174339009,1.2448,1.3891,electronics,jaipur,0,0,none,growing
M0012,238,63,31987.03,507.73,0.04085247428135325,0.002245836413608118,1.4048,1.2293,electronics,jaipur,0,0,none,growing
M0012,239,66,31720.07,480.61,0.0354349008225505,0.0013339673691619188,1.4879,1.4164,electronics,jaipur,0,0,none,growing
M0013,0,37,49564.1,1339.57,0.05017514028254353,0.004602240594800415,1.2356,1.3236,groceries,kolkata,0,0,none,growing
M0013,1,38,58659.96,1543.68,0.04555795673560871,0.00791409899301609,1.164,1.4342,groceries,kolkata,0,0,none,growing
M0013,2,34,49371.79,1452.11,0.04008803606822386,0.006987826513201371,1.452,1.2015,groceries,kolkata,0,0,none,growing
M0013,3,34,42588.39,1252.6,0.03860623886736345,0.006718879913140572,1.4987,1.0218,groceries,kolkata,0,0,none,growing
M0013,4,37,46853.27,1266.3,0.03190379946031068,0.00688938298012431,1.2073,1.3621,groceries,kolkata,0,0,none,growing
M0013,5,35,50901.85,1454.34,0.04277266818489066,0.00726820710871651,1.539,1.4611,groceries,kolkata,0,0,none,growing
M0013,6,36,55919.76,1553.33,0.030637747190621546,0.0062352708016257755,1.0727,0.9849,groceries,kolkata,0,0,none,growing
M0013,7,36,50246.14,1395.73,0.044889271406966094,0.005057676868799114,1.1953,1.3934,groceries,kolkata,0,0,none,growing
M0013,8,42,52828.75,1257.83,0.04854197298953196,0.006111360257921604,0.9596,1.3283,groceries,kolkata,0,0,none,growing
M0013,9,35,49784.08,1422.4,0.03280927835207047,0.006785710315541708,1.1481,1.2273,groceries,kolkata,0,0,none,growing
M0013,10,38,53450.18,1406.58,0.02974717387220853,0.006032950759254096,1.2589,1.375,groceries,kolkata,0,0,none,growing
M0013,11,36,52844.38,1467.9,0.033078764658843005,0.006045161838292734,1.3934,1.0234,groceries,kolkata,0,0,none,growing
M0013,12,41,63792.63,1555.92,0.04033976946848173,0.006003929659199805,1.5283,1.5572,groceries,kolkata,0,0,none,growing
M0013,13,39,48391.26,1240.8,0.02434142845868111,0.008280765439724651,1.2679,1.3004,groceries,kolkata,0,0,none,growing
M0013,14,32,39911.72,1247.24,0.03753075103318196,0.0072441221351338975,1.1645,1.5018,groceries,kolkata,0,0,none,growing
M0013,15,39,46794.7,1199.86,0.04242411059745567,0.006718637068878717,1.4531,1.2041,groceries,kolkata,0,0,none,growing
M0013,16,41,57748.94,1408.51,0.038778887257903585,0.00583542769278993,1.1162,1.4318,groceries,kolkata,0,0,none,growing
M0013,17,44,57942.44,1316.87,0.037040747113834524,0.00502944064166549,1.1572,1.1189,groceries,kolkata,0,0,none,growing
M0013,18,42,53804.05,1281.05,0.04353240052688482,0.006817930493705828,1.3,1.5861,groceries,kolkata,0,0,none,growing
M0013,19,40,57404.13,1435.1,0.04066902045147424,0.006702324391881987,0.9039,1.2393,groceries,kolkata,0,0,none,growing
M0013,20,41,57636.64,1405.77,0.04766642274842728,0.007402718457655022,1.0303,1.5107,groceries,kolkata,0,0,none,growing
M0013,21,41,58004.34,1414.74,0.04075096841208379,0.005964566552213083,1.3179,1.3387,groceries,kolkata,0,0,none,growing
M0013,22,42,57850.47,1377.39,0.0407198679835769,0.006546683290697024,1.3081,1.2852,groceries,kolkata,0,0,none,growing
M0013,23,42,53046.02,1263.0,0.0459138212904228,0.004284759659323724,1.173,1.6202,groceries,kolkata,0,0,none,growing
M0013,24,40,52895.03,1322.38,0.03393789049564047,0.006712146751433728,0.7777,0.9994,groceries,kolkata,0,0,none,growing
M0013,25,39,58927.84,1510.97,0.036075128429469215,0.006654711072812927,1.0177,1.1686,groceries,kolkata,0,0,none,growing
M0013,26,32,46350.38,1448.45,0.03764281387684442,0.007743770704003475,0.6722,0.9955,groceries,kolkata,0,0,none,growing
M0013,27,36,51433.03,1428.7,0.03946630597523523,0.0066399046910204365,1.2046,1.1942,groceries,kolkata,0,0,none,growing
M0013,28,42,58727.46,1398.27,0.03898043045559184,0.007608978822001589,1.4081,1.3988,groceries,kolkata,0,0,none,growing
M0013,29,36,52379.36,1454.98,0.043153485473786925,0.00636528819043144,1.2337,1.0619,groceries,kolkata,0,0,none,growing
M0013,30,34,51347.21,1510.21,0.03759277183106801,0.005577520970949075,0.831,1.3103,groceries,kolkata,0,0,none,growing
M0013,31,39,59139.18,1516.39,0.03858686622163317,0.004808421552694902,1.1443,1.1686,groceries,kolkata,0,0,none,growing
M0013,32,38,55756.65,1467.28,0.03378144263528896,0.008568569233758351,1.4192,1.7738,groceries,kolkata,0,0,none,growing
M0013,33,41,60109.05,1466.07,0.0355137649757856,0.006946622753244892,0.9691,1.5362,groceries,kolkata,0,0,none,growing
M0013,34,35,46364.74,1324.71,0.04779361608495981,0.005878412495000095,1.067,0.8104,groceries,kolkata,0,0,none,growing
M0013,35,39,53924.6,1382.68,0.041247480542186375,0.006046445317362684,1.5987,1.6981,groceries,kolkata,0,0,none,growing
M0013,36,42,57358.06,1365.67,0.0399423071547728,0.006458588045438685,1.3356,1.2515,groceries,kolkata,0,0,none,growing
M0013,37,47,58943.31,1254.11,0.0361960194499691,0.008063653582988413,1.1002,1.207,groceries,kolkata,0,0,none,growing
M0013,38,43,53733.79,1249.62,0.03744288511522454,0.005315719656272384,1.3419,1.5089,groceries,kolkata,0,0,none,growing
M0013,39,44,71787.65,1631.54,0.031680254711299836,0.006483922313341132,1.205,0.9648,groceries,kolkata,0,0,none,growing
M0013,40,46,64938.65,1411.71,0.03922807096193492,0.006982542481208457,1.2147,1.2392,groceries,kolkata,0,0,none,growing
M0013,41,42,58205.4,1385.84,0.035090996329645345,0.006706336322000491,1.1801,1.4535,groceries,kolkata,0,0,none,growing
M0013,42,39,51476.3,1319.91,0.04208308368180378,0.008148519741929164,0.834,1.0396,groceries,kolkata,0,0,none,growing
M0013,43,44,62460.04,1419.55,0.04160097492526614,0.0072886466656681345,1.4855,1.1189,groceries,kolkata,0,0,none,growing
M0013,44,38,45649.36,1201.3,0.034845478374657186,0.006639694421870029,1.403,1.2122,groceries,kolkata,0,0,none,growing
M0013,45,41,63359.48,1545.35,0.036001280385897456,0.007134567799090451,1.4823,1.022,groceries,kolkata,0,0,none,growing
M0013,46,43,59651.54,1387.25,0.04620075896646342,0.0068925949694793156,1.2003,1.7987,groceries,kolkata,0,0,none,growing
M0013,47,41,61303.19,1495.2,0.031694780674847725,0.006186646273385546,1.1523,1.2561,groceries,kolkata,0,0,none,growing
M0013,48,42,57182.62,1361.49,0.03531178848516605,0.008005382471662404,1.381,0.9265,groceries,kolkata,0,0,none,growing
M0013,49,46,66405.29,1443.59,0.04351096284161074,0.006970608410190592,1.2897,1.4381,groceries,kolkata,0,0,none,growing
M0013,50,45,58064.0,1290.31,0.03645604245570303,0.005263258550371142,1.1405,1.4752,groceries,kolkata,0,0,none,growing
M0013,51,40,46021.95,1150.55,0.04130849062219156,0.006594757003410871,1.066,1.2546,groceries,kolkata,0,0,none,growing
M0013,52,42,59459.01,1415.69,0.03499346692749941,0.006824314389026764,1.1979,1.2932,groceries,kolkata,0,0,none,growing
M0013,53,49,68250.38,1392.86,0.031867848999168905,0.005314675828193189,1.0939,1.1612,groceries,kolkata,0,0,none,growing
M0013,54,45,61336.97,1363.04,0.03715988944455827,0.004966463984351505,1.1346,1.5065,groceries,kolkata,0,0,none,growing
M0013,55,47,63358.9,1348.06,0.0354653754015781,0.0065608541006267436,1.3766,1.433,groceries,kolkata,0,0,none,growing
M0013,56,43,57133.97,1328.7,0.038981888435664865,0.007080058964247179,1.0859,1.4325,groceries,kolkata,0,0,none,growing
M0013,57,42,58246.47,1386.82,0.04169612110580017,0.005023699988130403,1.3741,0.9072,groceries,kolkata,0,0,none,growing
M0013,58,42,57122.48,1360.06,0.04575805996767482,0.005019858120439123,1.2667,1.6396,groceries,kolkata,0,0,none,growing
M0013,59,44,61102.6,1388.7,0.03833741215874226,0.006043988221086949,1.1929,1.3128,groceries,kolkata,0,0,none,growing
M0013,60,50,74786.19,1495.72,0.03470233693116194,0.006414148724162409,1.1506,1.4617,groceries,kolkata,0,0,none,growing
M0013,61,45,66849.61,1485.55,0.03671403589143984,0.007364783453312835,1.2079,1.4479,groceries,kolkata,0,0,none,growing
M0013,62,47,65101.85,1385.15,0.030486579711114296,0.006269625570769185,1.2966,1.3086,groceries,kolkata,0,0,none,growing
M0013,63,49,65521.95,1337.18,0.03209171181633106,0.004653546161959593,0.9161,1.1719,groceries,kolkata,0,0,none,growing
M0013,64,50,71650.71,1433.01,0.03431337883849316,0.005859099451298729,1.2474,1.1424,groceries,kolkata,0,0,none,growing
M0013,65,42,53117.07,1264.69,0.04872732995680684,0.005834728217700109,1.4286,1.0317,groceries,kolkata,0,0,none,growing
M0013,66,43,56270.18,1308.61,0.043043382508292816,0.00612539923164235,1.1435,1.1234,groceries,kolkata,0,0,none,growing
M0013,67,48,71159.81,1482.5,0.03558809080673866,0.004533187344011491,1.3914,1.4343,groceries,kolkata,0,0,none,growing
M0013,68,43,64033.62,1489.15,0.03833792738940448,0.0063520211876852885,1.0678,1.1444,groceries,kolkata,0,0,none,growing
M0013,69,48,67545.47,1407.2,0.04037280315465777,0.005039187847112935,1.2772,0.8759,groceries,kolkata,0,0,none,growing
M0013,70,47,58720.04,1249.36,0.044338705908585116,0.00598046204910702,1.2918,0.8796,groceries,kolkata,0,0,none,growing
M0013,71,50,61038.4,1220.77,0.04096984990027263,0.006771669731375862,1.3785,0.9534,groceries,kolkata,0,0,none,growing
M0013,72,42,56911.21,1355.03,0.03666008950436795,0.005710376099505917,0.6634,1.4791,groceries,kolkata,0,0,none,growing
M0013,73,41,59321.75,1446.87,0.03486219889369236,0.00547038345331963,0.9875,1.1966,groceries,kolkata,0,0,none,growing
M0013,74,57,79494.92,1394.65,0.03346955451264088,0.006175600157095914,1.4467,1.4006,groceries,kolkata,0,0,none,growing
M0013,75,45,61303.85,1362.31,0.03567602550302004,0.00881488620196673,1.4065,1.4196,groceries,kolkata,0,0,none,growing
M0013,76,43,63534.15,1477.54,0.04274373035069391,0.008506043996747705,0.9627,1.4463,groceries,kolkata,0,0,none,growing
M0013,77,47,62250.57,1324.48,0.04464902991947511,0.006073302012656219,1.1549,1.5366,groceries,kolkata,0,0,none,growing
M0013,78,50,63809.56,1276.19,0.0397829638699801,0.004504036025411647,1.1486,1.2069,groceries,kolkata,0,0,none,growing
M0013,79,45,65803.49,1462.3,0.0417619140157032,0.007013356791896255,1.2079,1.5522,groceries,kolkata,0,0,none,growing
M0013,80,42,56610.74,1347.87,0.03923328153008003,0.005423601746002237,1.1442,1.578,groceries,kolkata,0,0,none,growing
M0013,81,51,71833.22,1408.49,0.03098708228763224,0.005884537358364389,1.2632,1.2289,groceries,kolkata,0,0,none,growing
M0013,82,51,69002.23,1352.98,0.03974030143415138,0.005140354886273405,1.0639,1.4377,groceries,kolkata,0,0,none,growing
M0013,83,49,68595.86,1399.92,0.043491160225105234,0.007128884243838919,1.1748,1.2393,groceries,kolkata,0,0,none,growing
M0013,84,43,56122.72,1305.18,0.0360962170399092,0.005547734754261754,1.4413,1.0921,groceries,kolkata,0,0,none,growing
M0013,85,49,61228.49,1249.56,0.04336467937179727,0.004336486536857246,1.2844,1.1017,groceries,kolkata,0,0,none,growing
M0013,86,51,70481.68,1381.99,0.028014875689216567,0.007601169500457481,0.9937,1.9103,groceries,kolkata,0,0,none,growing
M0013,87,45,65073.07,1446.07,0.03998721016633967,0.0074772509975587365,1.1481,1.3286,groceries,kolkata,0,0,none,growing
M0013,88,52,71778.73,1380.36,0.03517005316307258,0.005837912197203217,1.1989,1.5309,groceries,kolkata,0,0,none,growing
M0013,89,49,72835.9,1486.45,0.046753699739965175,0.005135946976095206,1.5196,1.6732,groceries,kolkata,0,0,none,growing
M0013,90,46,73200.4,1591.31,0.0435487328069044,0.007054717635780351,0.9313,0.9802,groceries,kolkata,0,0,none,growing
M0013,91,54,71952.09,1332.45,0.04114079978808328,0.006405678060774939,1.3391,1.4478,groceries,kolkata,0,0,none,growing
M0013,92,47,67439.72,1434.89,0.03314700314607578,0.006838290110900318,1.3528,1.5619,groceries,kolkata,0,0,none,growing
M0013,93,49,64720.24,1320.82,0.03785209776067828,0.005775428383216324,1.341,1.6017,groceries,kolkata,0,0,none,growing
M0013,94,48,63897.67,1331.2,0.03810314029715237,0.007418210633724388,1.2562,0.8515,groceries,kolkata,0,0,none,growing
M0013,95,50,64665.4,1293.31,0.036095631201114024,0.0068322805392386065,1.3238,1.2889,groceries,kolkata,0,0,none,growing
M0013,96,54,63282.32,1171.89,0.04377224066428392,0.006894119324873314,1.3838,1.4831,groceries,kolkata,0,0,none,growing
M0013,97,52,73269.93,1409.04,0.0367839132163112,0.006676674729029797,1.0952,1.4137,groceries,kolkata,0,0,none,growing
M0013,98,45,64393.19,1430.96,0.033389585154978835,0.0049472496912319345,1.254,1.1698,groceries,kolkata,0,0,none,growing
M0013,99,50,75394.54,1507.89,0.04232667331400744,0.004439698456259731,1.2111,1.2507,groceries,kolkata,0,0,none,growing
M0013,100,52,67217.74,1292.65,0.040907214212110854,0.005638417504840644,1.4919,1.526,groceries,kolkata,0,0,none,growing
M0013,101,51,67186.29,1317.38,0.034392621354598654,0.005391822038418726,1.3776,1.2165,groceries,kolkata,0,0,none,growing
M0013,102,53,65229.76,1230.75,0.033483797875636344,0.00624552472488688,1.3662,1.1879,groceries,kolkata,0,0,none,growing
M0013,103,49,64037.31,1306.88,0.0477640564524475,0.005793450339852277,1.2774,1.2504,groceries,kolkata,0,0,none,growing
M0013,104,51,72834.21,1428.12,0.03907888693481762,0.008217519025212392,1.3115,1.1013,groceries,kolkata,0,0,none,growing
M0013,105,55,75945.38,1380.83,0.030657864490015316,0.006849621244113319,1.5613,1.457,groceries,kolkata,0,0,none,growing
M0013,106,52,72709.61,1398.26,0.03367549384245039,0.006264350020222437,1.0936,1.1771,groceries,kolkata,0,0,none,growing
M0013,107,47,63290.72,1346.61,0.040014401131465586,0.007991836378714593,1.2434,1.2632,groceries,kolkata,0,0,none,growing
M0013,108,51,66895.79,1311.68,0.035186798312353426,0.005875601071700089,1.3986,0.9196,groceries,kolkata,0,0,none,growing
M0013,109,48,55437.92,1154.96,0.03801418034360732,0.0064321439383662775,1.2961,1.1733,groceries,kolkata,0,0,none,growing
M0013,110,51,72665.26,1424.81,0.03547807121716553,0.005490903103667956,1.207,1.3124,groceries,kolkata,0,0,none,growing
M0013,111,53,67436.7,1272.39,0.043020003025695315,0.0067066397078728735,1.3014,1.5906,groceries,kolkata,0,0,none,growing
M0013,112,50,61556.37,1231.13,0.03902452731245374,0.005231125443815187,1.4508,1.3285,groceries,kolkata,0,0,none,growing
M0013,113,55,75279.03,1368.71,0.035411267701175926,0.005940806347466653,1.3817,1.1277,groceries,kolkata,0,0,none,growing
M0013,114,55,83821.43,1524.03,0.03125001331096645,0.005648108978114837,1.3202,0.8444,groceries,kolkata,0,0,none,growing
M0013,115,50,62004.42,1240.09,0.03454666897867885,0.0060158077544181345,1.3063,1.412,groceries,kolkata,0,0,none,growing
M0013,116,51,67320.94,1320.02,0.03595477193996621,0.005731710270994225,1.118,1.3628,groceries,kolkata,0,0,none,growing
M0013,117,47,57577.63,1225.06,0.04063920861341267,0.006309690429063567,1.1733,1.0439,groceries,kolkata,0,0,none,growing
M0013,118,52,82805.86,1592.42,0.03840597114880322,0.006597079684661344,1.2742,1.2982,groceries,kolkata,0,0,none,growing
M0013,119,48,71754.02,1494.88,0.03757211028297466,0.0069845950721708315,0.9572,1.1314,groceries,kolkata,0,0,none,growing
M0013,120,59,76875.61,1302.98,0.031474007645004735,0.006254340614335078,1.308,1.2357,groceries,kolkata,0,0,none,growing
M0013,121,49,69805.81,1424.61,0.03988246970653655,0.005961898494432888,1.029,1.3867,groceries,kolkata,0,0,none,growing
M0013,122,56,76145.92,1359.75,0.04182818138986315,0.006969512377163766,1.1955,0.9652,groceries,kolkata,0,0,none,growing
M0013,123,54,83973.62,1555.07,0.03591380191555281,0.006759246375380409,1.051,1.2982,groceries,kolkata,0,0,none,growing
M0013,124,51,72099.83,1413.72,0.04061823099730479,0.005215940767042891,1.2464,1.1746,groceries,kolkata,0,0,none,growing
M0013,125,55,76648.14,1393.6,0.04331959425729382,0.006152159052728393,1.4513,1.3212,groceries,kolkata,0,0,none,growing
M0013,126,53,64273.0,1212.7,0.037852052248256364,0.005567584669024988,1.5002,1.5185,groceries,kolkata,0,0,none,growing
M0013,127,61,87802.96,1439.39,0.04309015764654922,0.006775582949907924,0.9793,1.4611,groceries,kolkata,0,0,none,growing
M0013,128,52,69155.22,1329.91,0.0415240881753455,0.006070921603574283,1.2408,1.2282,groceries,kolkata,0,0,none,growing
M0013,129,54,71979.21,1332.95,0.04354954680653242,0.006530665483420038,1.5178,1.3082,groceries,kolkata,0,0,none,growing
M0013,130,61,82253.78,1348.42,0.0363466419691465,0.006064811957506805,1.2992,1.1209,groceries,kolkata,0,0,none,growing
M0013,131,61,93872.03,1538.89,0.0326063158911219,0.005532066140646903,1.2291,1.201,groceries,kolkata,0,0,none,growing
M0013,132,55,78648.85,1429.98,0.03971651076703304,0.007390981453464321,1.3765,1.55,groceries,kolkata,0,0,none,growing
M0013,133,50,71789.37,1435.79,0.03179503337422821,0.005504965683380119,1.5821,1.2541,groceries,kolkata,0,0,none,growing
M0013,134,53,79464.23,1499.33,0.035014940822900686,0.006170387068357809,1.2043,1.315,groceries,kolkata,0,0,none,growing
M0013,135,56,76406.61,1364.4,0.03719375796555387,0.0066056009704159955,1.0822,1.3706,groceries,kolkata,0,0,none,growing
M0013,136,53,79270.06,1495.66,0.03292483119842826,0.005686783073724422,1.1223,1.4609,groceries,kolkata,0,0,none,growing
M0013,137,65,93431.56,1437.41,0.03784856315564742,0.006957871382367162,1.2047,1.3114,groceries,kolkata,0,0,none,growing
M0013,138,48,67864.08,1413.84,0.04174285471788777,0.005949345964903978,1.2,1.3248,groceries,kolkata,0,0,none,growing
M0013,139,55,81480.07,1481.46,0.03892093607245489,0.0067978231302339145,1.1446,1.5987,groceries,kolkata,0,0,none,growing
M0013,140,65,88015.38,1354.08,0.04522710020398053,0.008201254244014867,1.3656,1.2456,groceries,kolkata,0,0,none,growing
M0013,141,58,76709.71,1322.58,0.04109848352242253,0.007119736974505769,1.3758,1.4804,groceries,kolkata,0,0,none,growing
M0013,142,57,77977.9,1368.03,0.04481566448065017,0.0057269543273855,1.177,1.4421,groceries,kolkata,0,0,none,growing
M0013,143,58,80869.41,1394.3,0.030117015267916436,0.005059797899439322,1.1619,1.1923,groceries,kolkata,0,0,none,growing
M0013,144,57,79038.22,1386.64,0.035886380717590365,0.005846697251444523,1.3557,1.4723,groceries,kolkata,0,0,none,growing
M0013,145,58,68892.31,1187.8,0.04306035982078539,0.00617723060623805,1.2501,1.2968,groceries,kolkata,0,0,none,growing
M0013,146,52,69855.31,1343.37,0.03783298726346186,0.008085182106460755,1.2528,1.3488,groceries,kolkata,0,0,none,growing
M0013,147,58,79757.72,1375.13,0.03812125678661896,0.005489094642151013,1.239,1.3611,groceries,kolkata,0,0,none,growing
M0013,148,55,75565.89,1373.93,0.040921883210287745,0.00537859475139972,1.3035,1.4303,groceries,kolkata,0,0,none,growing
M0013,149,47,59748.32,1271.24,0.03903275004731094,0.007896026701485937,0.8083,1.4369,groceries,kolkata,0,0,none,growing
M0013,150,54,72169.83,1336.48,0.04326205160857558,0.007206061502841178,1.2244,1.476,groceries,kolkata,0,0,none,growing
M0013,151,58,83651.34,1442.26,0.03736921271867204,0.006095446080329227,1.2565,1.1453,groceries,kolkata,0,0,none,growing
M0013,152,55,75595.33,1374.46,0.04290195163629528,0.005800148701827074,1.3276,1.0522,groceries,kolkata,0,0,none,growing
M0013,153,65,88718.28,1364.9,0.04227239041219998,0.007433857604159679,1.2472,1.3411,groceries,kolkata,0,0,none,growing
M0013,154,55,82137.47,1493.41,0.04779413471495484,0.005112836799921749,1.3498,1.0522,groceries,kolkata,0,0,none,growing
M0013,155,61,86716.04,1421.57,0.03910253857479045,0.005703577588225413,1.385,1.4272,groceries,kolkata,0,0,none,growing
M0013,156,53,68550.6,1293.41,0.03681957881811502,0.004776070021542373,1.1124,1.2287,groceries,kolkata,0,0,none,growing
M0013,157,66,80540.13,1220.3,0.03159527076645875,0.006995951258467122,1.2412,1.3139,groceries,kolkata,0,0,none,growing
M0013,158,60,81106.13,1351.77,0.04431895425435452,0.005217947902775719,1.0333,1.534,groceries,kolkata,0,0,none,growing
M0013,159,54,70852.02,1312.07,0.03355737975273632,0.0074092059799353545,1.5088,1.4318,groceries,kolkata,0,0,none,growing
M0013,160,61,84295.49,1381.89,0.03840816910476678,0.006589004006354632,1.213,1.2482,groceries,kolkata,0,0,none,growing
M0013,161,59,79268.57,1343.54,0.03763755014543862,0.006301138942467181,1.0936,1.1217,groceries,kolkata,0,0,none,growing
M0013,162,59,79757.99,1351.83,0.038739004255756736,0.004702835941992868,1.2344,1.3175,groceries,kolkata,0,0,none,growing
M0013,163,64,94472.49,1476.13,0.0367172194681724,0.00487025812742061,1.4784,1.2866,groceries,kolkata,0,0,none,growing
M0013,164,57,76981.89,1350.56,0.032855700587012496,0.006497387548000294,1.1289,1.2019,groceries,kolkata,0,0,none,growing
M0013,165,61,82255.33,1348.45,0.0391143349987015,0.005971717280993568,1.3957,1.4989,groceries,kolkata,0,0,none,growing
M0013,166,57,74654.22,1309.72,0.04686586911276479,0.006111580420895956,1.2629,1.2263,groceries,kolkata,0,0,none,growing
M0013,167,61,87470.21,1433.94,0.04159101563459183,0.006354447278379236,1.4634,1.4247,groceries,kolkata,0,0,none,growing
M0013,168,64,88163.76,1377.56,0.033447781921493024,0.006830371296857168,1.4004,1.3295,groceries,kolkata,0,0,none,growing
M0013,169,69,93557.24,1355.9,0.03833170201404857,0.006713156857758454,0.9714,1.3868,groceries,kolkata,0,0,none,growing
M0013,170,54,75536.59,1398.83,0.041279847696292074,0.00577979567642072,1.5393,1.1948,groceries,kolkata,0,0,none,growing
M0013,171,57,79688.24,1398.04,0.043588740559944876,0.007172211965105798,1.3679,1.6766,groceries,kolkata,0,0,none,growing
M0013,172,58,91498.94,1577.57,0.04092070715533696,0.006739750273626573,1.4031,1.3304,groceries,kolkata,0,0,none,growing
M0013,173,65,87193.83,1341.44,0.03035417208171313,0.0060774498476929666,1.3709,1.4696,groceries,kolkata,0,0,none,growing
M0013,174,61,89298.79,1463.91,0.037847120106917286,0.006205588069146756,1.2969,1.4641,groceries,kolkata,0,0,none,growing
M0013,175,65,83519.15,1284.91,0.04201617520605859,0.005806524596422839,1.1966,1.411,groceries,kolkata,0,0,none,growing
M0013,176,72,95259.98,1323.06,0.038741388021019535,0.007591537133530104,1.1569,1.3683,groceries,kolkata,0,0,none,growing
M0013,177,59,78191.01,1325.27,0.043354794707944094,0.007057951760827438,1.1918,1.3556,groceries,kolkata,0,0,none,growing
M0013,178,73,93982.16,1287.43,0.03377961025329886,0.007302492229193434,1.2691,1.4784,groceries,kolkata,0,0,none,growing
M0013,179,64,84436.62,1319.32,0.03316634066898913,0.005801788617865628,0.7247,1.3228,groceries,kolkata,0,0,none,growing
M0013,180,61,86763.64,1422.35,0.041729625116048975,0.006611210822184019,1.3539,1.4467,groceries,kolkata,0,0,none,growing
M0013,181,68,87439.09,1285.87,0.03415669395593983,0.005190132777835367,1.2447,1.4924,groceries,kolkata,0,0,none,growing
M0013,182,58,72443.13,1249.02,0.03673108479631317,0.006601770624721198,1.2743,0.9126,groceries,kolkata,0,0,none,growing
M0013,183,59,80419.97,1363.05,0.0384778311904737,0.006226452815534714,1.2574,1.5031,groceries,kolkata,0,0,none,growing
M0013,184,61,88874.05,1456.95,0.03875455684771107,0.006539613487848135,1.539,1.5383,groceries,kolkata,0,0,none,growing
M0013,185,64,84230.27,1316.1,0.037867751251141044,0.005412266653431607,1.3451,1.206,groceries,kolkata,0,0,none,growing
M0013,186,61,88099.47,1444.25,0.039078549457718555,0.006741339572131181,1.4527,1.1424,groceries,kolkata,0,0,none,growing
M0013,187,64,89984.36,1406.01,0.040452728769365835,0.006228567453192569,1.0938,1.1616,groceries,kolkata,0,0,none,growing
M0013,188,70,98013.7,1400.2,0.03678762636219403,0.007404576244423552,1.6966,1.2235,groceries,kolkata,0,0,none,growing
M0013,189,63,83401.69,1323.84,0.033947243361791904,0.005944242059475325,1.0586,1.5869,groceries,kolkata,0,0,none,growing
M0013,190,64,87217.46,1362.77,0.029131406246814078,0.006279970966131421,1.5544,1.4589,groceries,kolkata,0,0,none,growing
M0013,191,62,93302.71,1504.88,0.041191174092223844,0.006244095707111305,1.0153,1.4525,groceries,kolkata,0,0,none,growing
M0013,192,61,80465.62,1319.11,0.03775408826053197,0.0065506403520387895,1.2554,1.6981,groceries,kolkata,0,0,none,growing
M0013,193,68,95080.91,1398.25,0.038971910321583904,0.007594783438639694,1.1596,1.3468,groceries,kolkata,0,0,none,growing
M0013,194,69,83518.2,1210.41,0.04393361686779487,0.0044069697392129965,1.1757,1.4781,groceries,kolkata,0,0,none,growing
M0013,195,66,101422.68,1536.71,0.03841401263431453,0.006255850306531819,1.2123,1.2853,groceries,kolkata,0,0,none,growing
M0013,196,53,68594.07,1294.23,0.04185087709501786,0.004795889870266943,1.2966,1.3837,groceries,kolkata,0,0,none,growing
M0013,197,64,82889.92,1295.15,0.034326879384880805,0.006606237524074576,1.1037,1.4009,groceries,kolkata,0,0,none,growing
M0013,198,76,110738.71,1457.09,0.04541408632452471,0.005177851218922985,1.3234,1.3128,groceries,kolkata,0,0,none,growing
M0013,199,72,94915.19,1318.27,0.037746866449965166,0.006085413641418763,1.5483,1.3055,groceries,kolkata,0,0,none,growing
M0013,200,62,83039.31,1339.34,0.04541648094728252,0.007510084024994542,1.4048,1.1648,groceries,kolkata,0,0,none,growing
M0013,201,60,86988.69,1449.81,0.02866332192950639,0.005017848467106175,1.4327,1.1128,groceries,kolkata,0,0,none,growing
M0013,202,66,92863.37,1407.02,0.03354134016158462,0.006258395549107622,1.1317,1.2192,groceries,kolkata,0,0,none,growing
M0013,203,77,117310.99,1523.52,0.04267325244847939,0.005557024175601714,1.1999,1.585,groceries,kolkata,0,0,none,growing
M0013,204,69,97888.83,1418.68,0.03511636052216858,0.0067136419761295125,1.3883,1.5781,groceries,kolkata,0,0,none,growing
M0013,205,71,101461.47,1429.03,0.03270114671071638,0.006288215733959692,1.3099,1.4143,groceries,kolkata,0,0,none,growing
M0013,206,71,90390.85,1273.11,0.03419324002332552,0.008206040368133752,1.3953,1.4633,groceries,kolkata,0,0,none,growing
M0013,207,66,84452.5,1279.58,0.03470993887046072,0.0067190760560294285,1.4382,1.551,groceries,kolkata,0,0,none,growing
M0013,208,65,89189.05,1372.14,0.03648304427086881,0.005888847292006598,1.5949,1.3634,groceries,kolkata,0,0,none,growing
M0013,209,66,86999.71,1318.18,0.033706912347505405,0.005398083107432189,1.2102,1.1394,groceries,kolkata,0,0,none,growing
M0013,210,62,91017.96,1468.03,0.03475074848072897,0.007448335561869122,1.3615,1.0977,groceries,kolkata,0,0,none,growing
M0013,211,73,105896.55,1450.64,0.03729630649538402,0.005393212923621347,1.2886,1.4386,groceries,kolkata,0,0,none,growing
M0013,212,66,84454.29,1279.61,0.0359918161790998,0.008374429887884189,1.4973,1.3335,groceries,kolkata,0,0,none,growing
M0013,213,61,83955.26,1376.32,0.04423373658897248,0.005529733803446986,1.3539,1.4048,groceries,kolkata,0,0,none,growing
M0013,214,64,89107.53,1392.31,0.03443480771931375,0.008220671166926498,1.3466,1.3473,groceries,kolkata,0,0,none,growing
M0013,215,72,106000.73,1472.23,0.039790579300696606,0.006905436467534751,1.104,1.2937,groceries,kolkata,0,0,none,growing
M0013,216,69,91894.36,1331.8,0.0388654988813437,0.0065784395598953655,1.1241,1.2663,groceries,kolkata,0,0,none,growing
M0013,217,68,94703.01,1392.69,0.04055730259096021,0.0066856614294616805,1.2892,1.3103,groceries,kolkata,0,0,none,growing
M0013,218,71,100807.84,1419.83,0.040703051109287895,0.005249055937629975,1.26,1.4598,groceries,kolkata,0,0,none,growing
M0013,219,77,121201.55,1574.05,0.034930771035850225,0.005932393370707884,1.1238,1.1326,groceries,kolkata,0,0,none,growing
M0013,220,68,89561.39,1317.08,0.04389704854097742,0.005493121885854618,1.3704,1.3963,groceries,kolkata,0,0,none,growing
M0013,221,69,91211.7,1321.91,0.04442574997172496,0.006640018879778602,1.4672,1.0594,groceries,kolkata,0,0,none,growing
M0013,222,68,96160.27,1414.12,0.04263369164214281,0.007366059415186931,1.1945,1.4798,groceries,kolkata,0,0,none,growing
M0013,223,60,77931.43,1298.86,0.03567847461190336,0.006762795017411755,1.5137,1.5718,groceries,kolkata,0,0,none,growing
M0013,224,69,92676.39,1343.14,0.031859436805126665,0.004930053281721657,1.3884,1.4129,groceries,kolkata,0,0,none,growing
M0013,225,63,78736.8,1249.79,0.036984737889951685,0.0049437460823867465,1.3666,1.6599,groceries,kolkata,0,0,none,growing
M0013,226,61,81844.75,1341.72,0.03536377462380053,0.0070215857238514895,1.5458,1.2937,groceries,kolkata,0,0,none,growing
M0013,227,72,101989.21,1416.52,0.04037472305330882,0.007006810854397215,0.8569,1.1618,groceries,kolkata,0,0,none,growing
M0013,228,77,105381.09,1368.59,0.037943002428843894,0.005717047518153632,1.3859,1.2409,groceries,kolkata,0,0,none,growing
M0013,229,72,110472.71,1534.34,0.04755812919193047,0.006493997145906128,1.4396,1.2717,groceries,kolkata,0,0,none,growing
M0013,230,64,85056.51,1329.01,0.038621438926846476,0.006092415247662003,1.431,1.455,groceries,kolkata,0,0,none,growing
M0013,231,64,93409.62,1459.53,0.040579819002418846,0.0059836356064872035,1.3939,1.2142,groceries,kolkata,0,0,none,growing
M0013,232,68,94346.93,1387.45,0.046066313182435877,0.006604351038564284,1.3596,1.6125,groceries,kolkata,0,0,none,growing
M0013,233,63,85575.34,1358.34,0.04004041204430536,0.006136750144017708,1.0817,1.3226,groceries,kolkata,0,0,none,growing
M0013,234,63,93380.11,1482.22,0.04016264667808983,0.008276627273849979,1.3469,1.1085,groceries,kolkata,0,0,none,growing
M0013,235,71,95845.42,1349.94,0.03493542341014494,0.006504059424750323,1.291,1.0889,groceries,kolkata,0,0,none,growing
M0013,236,68,95156.16,1399.36,0.03625328383996674,0.006136549585832116,1.2818,1.2584,groceries,kolkata,0,0,none,growing
M0013,237,73,101261.64,1387.15,0.04430433430821758,0.005974761745047197,1.1682,1.0813,groceries,kolkata,0,0,none,growing
M0013,238,71,102627.77,1445.46,0.03812706019352381,0.006336983330342918,1.3608,1.2758,groceries,kolkata,0,0,none,growing
M0013,239,67,85496.91,1276.07,0.03856086708911349,0.0071015417093637625,1.336,1.5429,groceries,kolkata,0,0,none,growing
M0014,0,42,43818.56,1043.3,0.02470463397649754,0.0012365958611619825,1.1942,1.0256,groceries,pune,0,0,none,growing
M0014,1,39,39422.93,1010.84,0.023425931611280395,0.0013204741527087795,1.1958,1.3004,groceries,pune,0,0,none,growing
M0014,2,41,40449.33,986.57,0.024086474258470818,0.0015120351711065316,1.425,1.0029,groceries,pune,0,0,none,growing
M0014,3,43,44762.61,1040.99,0.024647238178749392,0.0013798418825393712,1.1097,1.2281,groceries,pune,0,0,none,growing
M0014,4,38,41319.85,1087.36,0.024883871213525796,0.0011468691620449521,1.1255,1.311,groceries,pune,0,0,none,growing
M0014,5,39,39276.21,1007.08,0.02899140292542101,0.0007772717121949827,0.8273,1.3948,groceries,pune,0,0,none,growing
M0014,6,41,40180.5,980.01,0.022753054726899515,0.001575807819850008,1.5184,1.2012,groceries,pune,0,0,none,growing
M0014,7,37,38867.61,1050.48,0.029511881361162198,0.001204241128833816,1.6015,1.5457,groceries,pune,0,0,none,growing
M0014,8,41,47416.27,1156.49,0.024014021078611062,0.001068997722701162,1.3948,0.941,groceries,pune,0,0,none,growing
M0014,9,40,41298.5,1032.46,0.02826537522844711,0.0009588000690228366,1.4308,0.9236,groceries,pune,0,0,none,growing
M0014,10,45,46356.41,1030.14,0.026039857583261442,0.001152620846436769,1.0981,1.3538,groceries,pune,0,0,none,growing
M0014,11,45,53379.33,1186.21,0.02076040115137214,0.0011744115940809754,1.4852,0.8069,groceries,pune,0,0,none,growing
M0014,12,43,47244.01,1098.7,0.02836091655505645,0.0014663918944512436,1.1383,0.9489,groceries,pune,0,0,none,growing
M0014,13,39,37439.97,960.0,0.025793749678516345,0.001084894759705599,0.9819,1.4322,groceries,pune,0,0,none,growing
M0014,14,42,37534.29,893.67,0.024382074787441997,0.0012562928199672228,0.9196,1.4084,groceries,pune,0,0,none,growing
M0014,15,46,47904.94,1041.41,0.02392615740612656,0.0010128170065184388,1.1245,1.5785,groceries,pune,0,0,none,growing
M0014,16,46,48165.23,1047.07,0.02302168133035288,0.0014018896940908375,0.7923,1.184,groceries,pune,0,0,none,growing
M0014,17,39,40423.59,1036.5,0.022127494384531994,0.00122021021777783,1.2179,1.2385,groceries,pune,0,0,none,growing
M0014,18,37,37331.2,1008.95,0.026414548816555472,0.0007960116859225403,1.281,1.2872,groceries,pune,0,0,none,growing
M0014,19,45,49212.9,1093.62,0.02492902537382205,0.0010298677651324527,1.3292,1.3595,groceries,pune,0,0,none,growing
M0014,20,46,49708.98,1080.63,0.017491287417013637,0.0011063801705166753,1.3268,1.232,groceries,pune,0,0,none,growing
M0014,21,40,41195.33,1029.88,0.028408515673959498,0.001257618346650867,1.5393,1.1484,groceries,pune,0,0,none,growing
M0014,22,41,40844.06,996.2,0.02324806820480808,0.0011692735295745955,1.4468,1.3514,groceries,pune,0,0,none,growing
M0014,23,38,38692.86,1018.23,0.03100199809168265,0.0014397959709980118,1.1257,1.5197,groceries,pune,0,0,none,growing
M0014,24,45,47020.54,1044.9,0.029668642297324948,0.0014107009721232974,1.254,1.3003,groceries,pune,0,0,none,growing
M0014,25,42,41913.11,997.93,0.027274613832142282,0.0012120640776987653,1.4951,1.3517,groceries,pune,0,0,none,growing
M0014,26,45,44326.48,985.03,0.023782976439503594,0.0010388400578606896,1.1947,1.4054,groceries,pune,0,0,none,growing
M0014,27,45,50812.33,1129.16,0.0235639359386405,0.0013354166152461917,1.4216,1.5813,groceries,pune,0,0,none,growing
M0014,28,41,39159.71,955.11,0.03284053790391767,0.0012796835699367393,1.4141,0.7089,groceries,pune,0,0,none,growing
M0014,29,44,46891.49,1065.72,0.02466174821643867,0.0010189164921769788,1.3886,1.4229,groceries,pune,0,0,none,growing
M0014,30,48,51978.79,1082.89,0.02592960050223589,0.0009507098038156573,1.3405,1.4457,groceries,pune,0,0,none,growing
M0014,31,41,42967.19,1047.98,0.022711164399145674,0.0015330886139603799,1.2228,1.4816,groceries,pune,0,0,none,growing
M0014,32,48,48887.71,1018.49,0.023803721206986577,0.001190800008252047,1.4126,1.5334,groceries,pune,0,0,none,growing
M0014,33,45,42389.05,941.98,0.024332651456161713,0.0012630129422468472,1.2772,1.0383,groceries,pune,0,0,none,growing
M0014,34,42,50481.38,1201.94,0.025615627333275073,0.0013166821438613855,1.0765,1.1691,groceries,pune,0,0,none,growing
M0014,35,49,53784.28,1097.64,0.02238260663149047,0.001093186991639202,1.0896,0.9577,groceries,pune,0,0,none,growing
M0014,36,41,45418.3,1107.76,0.030239806690323612,0.0011289605645172448,1.0381,1.8374,groceries,pune,0,0,none,growing
M0014,37,51,50657.05,993.28,0.02471443485887969,0.0013777794786830218,1.3297,1.4591,groceries,pune,0,0,none,growing
M0014,38,48,49806.1,1037.63,0.02566853182288872,0.0013269071598039533,1.0621,1.5013,groceries,pune,0,0,none,growing
M0014,39,52,53850.23,1035.58,0.026712828645005383,0.0012426227822309958,1.1434,1.1189,groceries,pune,0,0,none,growing
M0014,40,50,50685.87,1013.72,0.0256783187083156,0.0013121340493339759,1.317,1.3548,groceries,pune,0,0,none,growing
M0014,41,47,48492.35,1031.75,0.02548602994732299,0.001251472163451803,1.3372,1.0846,groceries,pune,0,0,none,growing
M0014,42,45,43136.33,958.59,0.024043999092758252,0.0012559699703631293,1.2746,1.2271,groceries,pune,0,0,none,growing
M0014,43,39,37641.47,965.17,0.027284732880081493,0.0010281058660005355,1.6256,1.1551,groceries,pune,0,0,none,growing
M0014,44,47,50308.62,1070.4,0.025221043710857913,0.0011498089928615159,1.2609,1.3158,groceries,pune,0,0,none,growing
M0014,45,45,43825.66,973.9,0.02256620639318131,0.0012287836081825165,1.5677,1.0499,groceries,pune,0,0,none,growing
M0014,46,53,54590.0,1030.0,0.025290109788227596,0.0015777546196757747,1.2154,1.4006,groceries,pune,0,0,none,growing
M0014,47,49,53446.68,1090.75,0.026108063984040097,0.001197466674723947,1.1748,1.4593,groceries,pune,0,0,none,growing
M0014,48,43,45716.09,1063.16,0.023672222643690635,0.0014768146824163655,1.415,1.2064,groceries,pune,0,0,none,growing
M0014,49,55,56971.32,1035.84,0.022745940235738896,0.0011002938446719908,1.1132,1.604,groceries,pune,0,0,none,growing
M0014,50,46,49728.67,1081.06,0.02680845817724435,0.0011637607910442796,1.2484,1.5473,groceries,pune,0,0,none,growing
M0014,51,55,66690.18,1212.55,0.02927179731911471,0.0013125136689120858,1.3503,1.0377,groceries,pune,0,0,none,growing
M0014,52,48,45510.46,948.13,0.029500217182708087,0.0007523456368467934,1.3961,1.5732,groceries,pune,0,0,none,growing
M0014,53,53,55639.04,1049.79,0.023653976881902183,0.0008452912775798648,1.2154,1.1471,groceries,pune,0,0,none,growing
M0014,54,49,47477.67,968.93,0.026904501559716923,0.0013013941334628484,1.3363,1.4258,groceries,pune,0,0,none,growing
M0014,55,56,53049.85,947.32,0.023536801538288403,0.0010563534274746775,1.1147,1.5501,groceries,pune,0,0,none,growing
M0014,56,48,50648.33,1055.17,0.022621387116992166,0.0011562607369496,1.3728,1.3538,groceries,pune,0,0,none,growing
M0014,57,50,49799.55,995.99,0.02753531247321317,0.0010545041632849808,1.3289,1.0804,groceries,pune,0,0,none,growing
M0014,58,50,52294.61,1045.89,0.024543286694467776,0.001137430679094266,1.15,1.4622,groceries,pune,0,0,none,growing
M0014,59,50,50713.9,1014.28,0.027567080872285835,0.0010998089529940262,0.9522,1.665,groceries,pune,0,0,none,growing
M0014,60,52,55014.94,1057.98,0.027728171677605443,0.0011156288495289153,1.3554,1.1485,groceries,pune,0,0,none,growing
M0014,61,50,47313.57,946.27,0.020515165427571206,0.0010633182060115843,1.1729,1.3965,groceries,pune,0,0,none,growing
M0014,62,45,42011.37,933.59,0.025533511111694183,0.0014558689308977863,1.3822,1.467,groceries,pune,0,0,none,growing
M0014,63,56,56900.59,1016.08,0.02302913050587301,0.001541717780401327,1.0882,1.4473,groceries,pune,0,0,none,growing
M0014,64,56,63120.53,1127.15,0.01895304717854595,0.0009961912192039527,1.4271,1.3051,groceries,pune,0,0,none,growing
M0014,65,46,39119.59,850.43,0.024253042401944463,0.0009289771346455106,1.3951,1.3328,groceries,pune,0,0,none,growing
M0014,66,53,57881.38,1092.1,0.02643452339781353,0.001328131095021856,1.0193,1.5922,groceries,pune,0,0,none,growing
M0014,67,57,63046.34,1106.08,0.025761420218879384,0.0009054944690342248,1.5776,1.6447,groceries,pune,0,0,none,growing
M0014,68,53,52010.65,981.33,0.023488241112464284,0.0011977245558657864,1.4669,0.8403,groceries,pune,0,0,none,growing
M0014,69,50,46655.32,933.11,0.02568614200482493,0.0012543575785763702,1.0719,1.1737,groceries,pune,0,0,none,growing
M0014,70,52,59404.4,1142.39,0.028095115784888842,0.0014707646514670498,1.0063,1.1556,groceries,pune,0,0,none,growing
M0014,71,55,63907.24,1161.95,0.026020039247519423,0.0010315362808192383,1.2125,1.0679,groceries,pune,0,0,none,growing
M0014,72,49,50849.29,1037.74,0.019395123609580886,0.0012600125268091486,1.228,1.63,groceries,pune,0,0,none,growing
M0014,73,52,63367.99,1218.62,0.025444126759626224,0.00114120290922963,1.3756,1.6736,groceries,pune,0,0,none,growing
M0014,74,53,60332.08,1138.34,0.02690211608161291,0.001556555122993842,1.4682,1.2875,groceries,pune,0,0,none,growing
M0014,75,56,55713.15,994.88,0.02310241404915913,0.0012824286426260751,1.3519,1.1396,groceries,pune,0,0,none,growing
M0014,76,46,54337.9,1181.26,0.026870256591511734,0.0012852305133960597,1.4278,1.6215,groceries,pune,0,0,none,growing
M0014,77,50,49217.36,984.35,0.0302139803524476,0.0010781428859255554,1.3884,1.277,groceries,pune,0,0,none,growing
M0014,78,54,58133.73,1076.55,0.027675225873132668,0.0010111263323542184,1.6597,1.2547,groceries,pune,0,0,none,growing
M0014,79,43,47910.87,1114.21,0.027787552912632754,0.0015281014472274474,1.4472,1.2524,groceries,pune,0,0,none,growing
M0014,80,59,61624.04,1044.48,0.026514668421925774,0.0011654761774270042,1.1817,1.2567,groceries,pune,0,0,none,growing
M0014,81,55,51060.79,928.38,0.027577565069104904,0.0012752421156605874,1.3261,1.3212,groceries,pune,0,0,none,growing
M0014,82,59,62740.98,1063.41,0.024540850251133964,0.0016724428561555329,1.3427,1.5031,groceries,pune,0,0,none,growing
M0014,83,58,62772.84,1082.29,0.02389618524202075,0.001293989909728205,1.1308,1.5104,groceries,pune,0,0,none,growing
M0014,84,52,54321.53,1044.64,0.024678553115985623,0.0013373513365614784,1.1867,1.3422,groceries,pune,0,0,none,growing
M0014,85,53,52628.3,992.99,0.027039396747900145,0.0014915165083319143,1.3464,1.5286,groceries,pune,0,0,none,growing
M0014,86,57,59037.02,1035.74,0.02140776283527157,0.0011007999845997645,1.2001,1.3078,groceries,pune,0,0,none,growing
M0014,87,52,56533.32,1087.18,0.028716585421569317,0.001026475720354007,1.2242,1.3389,groceries,pune,0,0,none,growing
M0014,88,55,61785.06,1123.36,0.026473166665532146,0.0014319895527847384,1.2208,1.4838,groceries,pune,0,0,none,growing
M0014,89,50,49578.95,991.58,0.026817606302787508,0.0014274969458326655,1.1709,1.7032,groceries,pune,0,0,none,growing
M0014,90,53,48487.99,914.87,0.025052353735149194,0.0011499480059930579,1.0622,1.1071,groceries,pune,0,0,none,growing
M0014,91,60,68828.86,1147.15,0.027008356905505463,0.0012191973673622283,1.1279,1.2064,groceries,pune,0,0,none,growing
M0014,92,54,58896.08,1090.67,0.025079715237584916,0.0010363659340775042,0.9534,1.5668,groceries,pune,0,0,none,growing
M0014,93,50,50585.34,1011.71,0.023274321095971707,0.0012408420613882506,1.0614,1.1132,groceries,pune,0,0,none,growing
M0014,94,50,49514.2,990.28,0.027807298813664512,0.0010359994089045492,1.4587,1.4108,groceries,pune,0,0,none,growing
M0014,95,57,63641.97,1116.53,0.026254378919085813,0.0015017399852327476,1.4958,1.2396,groceries,pune,0,0,none,growing
M0014,96,52,54840.07,1054.62,0.027431135002497834,0.0011076783948560805,1.408,1.3923,groceries,pune,0,0,none,growing
M0014,97,64,63382.69,990.35,0.02860157442825564,0.001179250548775498,1.3343,1.4455,groceries,pune,0,0,none,growing
M0014,98,55,55922.54,1016.77,0.024461051530078385,0.001161226876919025,1.3187,1.4138,groceries,pune,0,0,none,growing
M0014,99,56,65435.07,1168.48,0.028340156282370015,0.0013194465941475926,1.1147,1.6355,groceries,pune,0,0,none,growing
M0014,100,54,57953.16,1073.21,0.021899877199257234,0.0014153824769662544,1.4024,1.4894,groceries,pune,0,0,none,growing
M0014,101,55,59841.36,1088.02,0.026871828386861106,0.000972559891365252,1.1271,0.8696,groceries,pune,0,0,none,growing
M0014,102,58,66877.51,1153.06,0.0223283897565529,0.0011036342901706063,1.3055,1.3782,groceries,pune,0,0,none,growing
M0014,103,52,58637.87,1127.65,0.02405010524942952,0.0012710125493930959,1.2522,1.4741,groceries,pune,0,0,none,growing
M0014,104,55,51021.01,927.65,0.0283046701682306,0.0011955202418814557,1.267,1.4524,groceries,pune,0,0,none,growing
M0014,105,50,58419.03,1168.38,0.025692902643185685,0.0012727867138210927,1.1729,1.2849,groceries,pune,0,0,none,growing
M0014,106,60,67450.61,1124.18,0.021456590336503076,0.001617134329672179,1.3011,1.1427,groceries,pune,0,0,none,growing
M0014,107,59,59354.14,1006.0,0.026067163738586127,0.0012928877565810478,1.3538,1.3739,groceries,pune,0,0,none,growing
M0014,108,52,52792.45,1015.24,0.026112579872671127,0.001236023316437552,1.3131,0.9602,groceries,pune,0,0,none,growing
M0014,109,54,60148.38,1113.86,0.026444184382107244,0.0010707929612016021,0.9951,1.5315,groceries,pune,0,0,none,growing
M0014,110,58,61240.09,1055.86,0.02212798835955426,0.001458572430377446,0.9898,1.1932,groceries,pune,0,0,none,growing
M0014,111,54,57292.77,1060.98,0.02667932616079811,0.0011038802514274945,1.3454,1.6133,groceries,pune,0,0,none,growing
M0014,112,57,58330.28,1023.34,0.02303064522522847,0.00136080860458828,1.2961,1.3321,groceries,pune,0,0,none,growing
M0014,113,55,57612.63,1047.5,0.027454270831340385,0.00136905555223009,1.5231,0.942,groceries,pune,0,0,none,growing
M0014,114,58,56528.74,974.63,0.02801929051465441,0.0013608943963788883,1.4956,1.34,groceries,pune,0,0,none,growing
M0014,115,50,57192.3,1143.85,0.027629746566602387,0.0012997701674744577,1.0578,1.0249,groceries,pune,0,0,none,growing
M0014,116,61,64205.68,1052.55,0.02410238413159235,0.0013327189687298185,1.3822,1.462,groceries,pune,0,0,none,growing
M0014,117,59,59872.74,1014.79,0.03131915995990292,0.001615405678432363,1.1933,1.4638,groceries,pune,0,0,none,growing
M0014,118,61,70107.9,1149.31,0.02397031159485221,0.0012316000161418355,1.5013,1.3457,groceries,pune,0,0,none,growing
M0014,119,64,74202.02,1159.41,0.025068427819363404,0.0012192601054895784,1.2152,1.3494,groceries,pune,0,0,none,growing
M0014,120,56,57538.61,1027.48,0.02798197095984843,0.0010665162362791085,1.219,1.1299,groceries,pune,0,0,none,growing
M0014,121,58,57265.09,987.33,0.027852513221975433,0.0011582162158418198,1.2563,1.2261,groceries,pune,0,0,none,growing
M0014,122,58,57460.61,990.7,0.022820203975963883,0.0012306912260259513,1.364,1.4404,groceries,pune,0,0,none,growing
M0014,123,62,68188.48,1099.81,0.02465332224137514,0.0011204398025563677,1.3087,1.3319,groceries,pune,0,0,none,growing
M0014,124,60,66335.63,1105.59,0.022985474029340452,0.0014428432520386823,1.3888,1.2362,groceries,pune,0,0,none,growing
M0014,125,54,54909.51,1016.84,0.022449139685926156,0.0012300390470970548,1.4386,1.1788,groceries,pune,0,0,none,growing
M0014,126,63,64787.35,1028.37,0.02486423255170659,0.0009077165910130046,1.5546,1.1315,groceries,pune,0,0,none,growing
M0014,127,62,62847.76,1013.67,0.027456310843713742,0.0009827108258754944,1.3087,1.3556,groceries,pune,0,0,none,growing
M0014,128,66,73680.65,1116.37,0.029860668798977,0.001000716809959699,1.3574,1.558,groceries,pune,0,0,none,growing
M0014,129,66,70010.35,1060.76,0.022592228582808606,0.0012463802364445608,1.4905,1.5567,groceries,pune,0,0,none,growing
M0014,130,67,67913.78,1013.64,0.026255231641937,0.0011146215286510993,1.2031,1.1152,groceries,pune,0,0,none,growing
M0014,131,58,57055.15,983.71,0.029537040850786598,0.0012897791610163927,1.2826,1.0956,groceries,pune,0,0,none,growing
M0014,132,57,57524.04,1009.19,0.02433502431417956,0.0012282748516437882,1.4995,1.3219,groceries,pune,0,0,none,growing
M0014,133,64,67876.23,1060.57,0.02477907520968599,0.0012218789699901603,1.2656,1.1418,groceries,pune,0,0,none,growing
M0014,134,61,61777.42,1012.74,0.026351943216467114,0.001294340244739997,1.0355,1.4759,groceries,pune,0,0,none,growing
M0014,135,61,67426.21,1105.35,0.02359678099360164,0.0011194192955182323,1.3539,1.6243,groceries,pune,0,0,none,growing
M0014,136,63,69021.76,1095.58,0.023763262738505618,0.0011647144040560914,1.1044,1.2332,groceries,pune,0,0,none,growing
M0014,137,61,65611.01,1075.59,0.022556149405973742,0.001230539459716233,1.3822,1.3793,groceries,pune,0,0,none,growing
M0014,138,61,64055.53,1050.09,0.02668578553332328,0.0012321835893538498,1.3437,1.5724,groceries,pune,0,0,none,growing
M0014,139,65,66213.2,1018.66,0.02635459820269572,0.0014108260254555266,1.3987,0.949,groceries,pune,0,0,none,growing
M0014,140,61,62131.39,1018.55,0.026383925932519203,0.0010629166432172155,1.4462,1.4413,groceries,pune,0,0,none,growing
M0014,141,67,70465.26,1051.72,0.026655290187168914,0.0011781017395611842,1.3723,1.2748,groceries,pune,0,0,none,growing
M0014,142,61,67673.32,1109.4,0.027434615551486487,0.0013016922918962783,1.3191,1.2743,groceries,pune,0,0,none,growing
M0014,143,60,56034.6,933.91,0.02168971792117343,0.0015620467714138632,1.1227,1.4167,groceries,pune,0,0,none,growing
M0014,144,65,67854.23,1043.91,0.023290172390856644,0.0010853751821354664,1.1362,1.3005,groceries,pune,0,0,none,growing
M0014,145,65,72990.37,1122.93,0.03279319048432007,0.0013717715232341536,1.334,1.4281,groceries,pune,0,0,none,growing
M0014,146,60,61983.96,1033.07,0.023339961191171463,0.0012905220496522614,1.109,1.456,groceries,pune,0,0,none,growing
M0014,147,66,70515.02,1068.41,0.02605266028521923,0.001472174954999148,1.4703,1.3583,groceries,pune,0,0,none,growing
M0014,148,65,73675.24,1133.47,0.021068264303913342,0.0009276429739195228,1.1606,1.1289,groceries,pune,0,0,none,growing
M0014,149,61,65951.75,1081.18,0.025250784121423363,0.0009996888924361277,1.2805,1.5689,groceries,pune,0,0,none,growing
M0014,150,67,65891.38,983.45,0.024099756031313747,0.001184151666117884,1.1527,1.2708,groceries,pune,0,0,none,growing
M0014,151,69,70776.93,1025.75,0.027136438709513128,0.001057086290038311,1.3615,1.2624,groceries,pune,0,0,none,growing
M0014,152,69,74824.29,1084.41,0.024484446788508012,0.000980871899619348,1.2554,1.0994,groceries,pune,0,0,none,growing
M0014,153,60,67300.04,1121.67,0.032986839539119274,0.0014335306786794645,1.2305,1.1878,groceries,pune,0,0,none,growing
M0014,154,57,62178.03,1090.84,0.021696624149341273,0.0009667284538837109,1.6277,1.2067,groceries,pune,0,0,none,growing
M0014,155,58,60797.35,1048.23,0.027423507830527098,0.001173100163769078,1.5135,1.3633,groceries,pune,0,0,none,growing
M0014,156,61,61534.33,1008.76,0.02504387566369243,0.0012356398857382247,1.2734,1.685,groceries,pune,0,0,none,growing
M0014,157,62,64528.88,1040.79,0.024800163840312583,0.0008774548205636589,1.1175,1.2112,groceries,pune,0,0,none,growing
M0014,158,64,63200.93,987.51,0.024556778333310315,0.0011318526987467374,1.1157,1.6112,groceries,pune,0,0,none,growing
M0014,159,69,75559.53,1095.07,0.025829335481380163,0.0011108965756428538,1.0559,1.4241,groceries,pune,0,0,none,growing
M0014,160,59,65556.47,1111.13,0.02639200805949171,0.001274263363272978,1.2198,1.4707,groceries,pune,0,0,none,growing
M0014,161,66,68850.72,1043.19,0.023886789764592433,0.001258858591614993,1.205,1.4144,groceries,pune,0,0,none,growing
M0014,162,65,63802.21,981.57,0.024700772650881313,0.0011801945419220746,1.262,1.0863,groceries,pune,0,0,none,growing
M0014,163,68,79242.47,1165.33,0.02358056223596605,0.001007296915259212,1.365,1.3568,groceries,pune,0,0,none,growing
M0014,164,75,85148.1,1135.31,0.02578641531241965,0.001199671364853108,1.3395,1.4275,groceries,pune,0,0,none,growing
M0014,165,60,63584.89,1059.75,0.029845878617164853,0.001615793117159892,1.4977,1.6611,groceries,pune,0,0,none,growing
M0014,166,66,74163.38,1123.69,0.023779987392371253,0.0015401903168697484,1.2443,1.7022,groceries,pune,0,0,none,growing
M0014,167,69,67134.48,972.96,0.022484903276869514,0.0012062922331206275,1.2417,1.4129,groceries,pune,0,0,none,growing
M0014,168,72,73879.62,1026.11,0.027745787083424442,0.0010413735565385162,1.3678,1.4799,groceries,pune,0,0,none,growing
M0014,169,64,67624.42,1056.63,0.0235902144880085,0.0013467186538358993,1.474,1.4892,groceries,pune,0,0,none,growing
M0014,170,75,66917.49,892.23,0.02738478975606028,0.001340499104038205,1.1027,1.3369,groceries,pune,0,0,none,growing
M0014,171,71,70925.71,998.95,0.02564058878072004,0.000893102422872374,1.3281,1.0188,groceries,pune,0,0,none,growing
M0014,172,69,77453.57,1122.52,0.022764860325972726,0.0011254228081416385,1.2673,1.2963,groceries,pune,0,0,none,growing
M0014,173,54,56751.92,1050.96,0.02789028251933772,0.001187890148684865,1.3,1.6015,groceries,pune,0,0,none,growing
M0014,174,73,75506.94,1034.34,0.027794647155582778,0.0013150134968182977,1.3131,1.0965,groceries,pune,0,0,none,growing
M0014,175,62,67139.78,1082.9,0.023793117488942788,0.0014493178305732962,1.4831,1.1131,groceries,pune,0,0,none,growing
M0014,176,70,69001.02,985.73,0.023478622596343424,0.0011890181106029738,1.5102,1.4065,groceries,pune,0,0,none,growing
M0014,177,54,56176.56,1040.31,0.0274319039330788,0.0010937610342805042,1.555,1.1885,groceries,pune,0,0,none,growing
M0014,178,65,66030.96,1015.86,0.024595813335811408,0.0009985384868038383,1.3123,1.2973,groceries,pune,0,0,none,growing
M0014,179,78,102856.65,1318.68,0.026271792403693334,0.000962175820813668,1.3894,1.336,groceries,pune,0,0,none,growing
M0014,180,72,67956.61,943.84,0.027273293715659005,0.001230173821049503,1.3162,1.2177,groceries,pune,0,0,none,growing
M0014,181,72,64997.75,902.75,0.022986389345089155,0.001169265228779094,1.1569,1.4404,groceries,pune,0,0,none,growing
M0014,182,72,66006.81,916.76,0.024377850131845166,0.0015395723328966875,1.1423,1.2447,groceries,pune,0,0,none,growing
M0014,183,58,62046.58,1069.77,0.027681886473181084,0.001038518304549916,1.3612,1.2097,groceries,pune,0,0,none,growing
M0014,184,76,81573.55,1073.34,0.023391936423721185,0.0009974966709755382,1.3468,1.5083,groceries,pune,0,0,none,growing
M0014,185,71,77477.11,1091.23,0.025891437094589083,0.0009452309541641526,1.4942,1.1234,groceries,pune,0,0,none,growing
M0014,186,60,53941.35,899.02,0.026013257737245284,0.001033658336729116,1.1755,1.4214,groceries,pune,0,0,none,growing
M0014,187,84,90640.73,1079.06,0.02902447722145664,0.0009175888608300285,1.4432,1.3357,groceries,pune,0,0,none,growing
M0014,188,67,70621.07,1054.05,0.026090033952626258,0.0011079239657168847,1.2185,1.4732,groceries,pune,0,0,none,growing
M0014,189,70,73525.0,1050.36,0.032230054631533375,0.0012213181351292401,1.0529,1.1733,groceries,pune,0,0,none,growing
M0014,190,76,74843.55,984.78,0.031227290620651858,0.0013608626928156837,1.5031,1.0511,groceries,pune,0,0,none,growing
M0014,191,60,58889.63,981.49,0.026379998564017484,0.001624147414803468,1.3365,1.5166,groceries,pune,0,0,none,growing
M0014,192,62,64854.2,1046.04,0.020696699085617744,0.0013258183675980148,1.5519,1.7929,groceries,pune,0,0,none,growing
M0014,193,68,66909.62,983.97,0.024454437700826226,0.0012867972305804975,1.3246,1.2268,groceries,pune,0,0,none,growing
M0014,194,73,82410.17,1128.91,0.02644092895557264,0.0008217542546113042,1.3422,1.5056,groceries,pune,0,0,none,growing
M0014,195,71,70531.65,993.4,0.020793444867052636,0.0011082985299675871,1.464,1.3647,groceries,pune,0,0,none,growing
M0014,196,73,67874.1,929.78,0.02688825049039281,0.0012429625670160092,1.2854,1.5373,groceries,pune,0,0,none,growing
M0014,197,73,72222.22,989.35,0.02948513387829812,0.0011039117344647795,1.2654,1.4279,groceries,pune,0,0,none,growing
M0014,198,70,71382.57,1019.75,0.023405224985638285,0.0013771996751974428,0.9823,1.1808,groceries,pune,0,0,none,growing
M0014,199,76,81715.16,1075.2,0.026227382523188562,0.001346141771186812,1.346,1.3095,groceries,pune,0,0,none,growing
M0014,200,74,70497.98,952.68,0.02810073443848832,0.0011700743630880365,1.2208,1.421,groceries,pune,0,0,none,growing
M0014,201,69,68148.19,987.65,0.021519251462114933,0.0013154315841875698,1.1119,1.0904,groceries,pune,0,0,none,growing
M0014,202,77,82837.39,1075.81,0.02507208020813121,0.0012824542467543489,1.4507,1.337,groceries,pune,0,0,none,growing
M0014,203,76,79582.49,1047.14,0.022956601042187722,0.0011802553368922503,1.5464,1.2608,groceries,pune,0,0,none,growing
M0014,204,78,80962.42,1037.98,0.025764495792444223,0.001396670101077613,1.2964,1.2935,groceries,pune,0,0,none,growing
M0014,205,80,77413.83,967.67,0.0257133410656321,0.0011351206324842081,1.1632,1.4411,groceries,pune,0,0,none,growing
M0014,206,76,75959.5,999.47,0.023411226689613224,0.0010396012194177242,1.4469,1.5417,groceries,pune,0,0,none,growing
M0014,207,58,66691.86,1149.86,0.02628186099636972,0.0013507369561911035,1.3055,1.1594,groceries,pune,0,0,none,growing
M0014,208,64,67250.23,1050.78,0.02926981879874619,0.001630696674352987,1.4346,1.1464,groceries,pune,0,0,none,growing
M0014,209,64,67099.82,1048.43,0.02421002446565795,0.0013085377762894175,1.3955,1.6364,groceries,pune,0,0,none,growing
M0014,210,78,79612.44,1020.67,0.035064045948808215,0.0016173983526949409,1.4411,1.3868,groceries,pune,0,0,none,growing
M0014,211,82,86314.03,1052.61,0.02265358401363595,0.0013285333117888177,1.244,1.155,groceries,pune,0,0,none,growing
M0014,212,74,84628.21,1143.62,0.021926013520508793,0.0011658823221245916,1.1791,1.1355,groceries,pune,0,0,none,growing
M0014,213,81,79405.66,980.32,0.03118896998661949,0.001127529378677999,1.5436,1.2968,groceries,pune,0,0,none,growing
M0014,214,79,87186.13,1103.62,0.02722191847707249,0.0016028730058863067,1.2313,1.5703,groceries,pune,0,0,none,growing
M0014,215,76,83193.1,1094.65,0.02455129537138081,0.0010839275260476396,1.1996,1.4114,groceries,pune,0,0,none,growing
M0014,216,71,81830.61,1152.54,0.02817237177935032,0.0010003891434992491,1.2279,1.5804,groceries,pune,0,0,none,growing
M0014,217,64,63616.87,994.01,0.01577225761993725,0.0008806731758003235,1.4107,1.2351,groceries,pune,0,0,none,growing
M0014,218,76,71835.39,945.2,0.02500281021338159,0.0013155436825826974,1.2617,1.1839,groceries,pune,0,0,none,growing
M0014,219,83,73802.69,889.19,0.027860893282741106,0.001370219315089497,1.3912,1.5285,groceries,pune,0,0,none,growing
M0014,220,87,101612.82,1167.96,0.026388797922609026,0.001279736021187166,1.2047,1.4212,groceries,pune,0,0,none,growing
M0014,221,74,77308.56,1044.71,0.01773251486134264,0.001362230964021086,1.1076,1.3195,groceries,pune,0,0,none,growing
M0014,222,79,81790.89,1035.33,0.02296144845952767,0.0011923223233428171,1.1483,1.387,groceries,pune,0,0,none,growing
M0014,223,73,88350.42,1210.28,0.023855778787171086,0.0009617046370691614,1.1434,1.0552,groceries,pune,0,0,none,growing
M0014,224,75,81760.85,1090.14,0.018911949281474248,0.0012120541269898032,1.4786,1.1812,groceries,pune,0,0,none,growing
M0014,225,73,70889.94,971.1,0.022241004038751806,0.0011247173340171914,1.3622,1.3745,groceries,pune,0,0,none,growing
M0014,226,77,82701.04,1074.04,0.024369023781647774,0.0014735628793373105,1.3283,1.1865,groceries,pune,0,0,none,growing
M0014,227,78,84406.82,1082.14,0.028111627886342284,0.0013169540361965073,1.3547,1.6122,groceries,pune,0,0,none,growing
M0014,228,70,79157.59,1130.82,0.021932448637646932,0.001049258549088353,1.3496,1.8117,groceries,pune,0,0,none,growing
M0014,229,77,80808.02,1049.45,0.023499887654635274,0.0011615893890421563,1.5169,1.1978,groceries,pune,0,0,none,growing
M0014,230,71,72428.57,1020.12,0.03143163758658173,0.0008853653613393757,1.3397,1.2339,groceries,pune,0,0,none,growing
M0014,231,77,85334.14,1108.24,0.02646033408339955,0.0012912840019843098,1.2654,1.5391,groceries,pune,0,0,none,growing
M0014,232,72,82079.4,1139.99,0.021540469878528833,0.001377648063759211,1.3406,1.689,groceries,pune,0,0,none,growing
M0014,233,77,84564.81,1098.24,0.027288905120378713,0.0009456773656539526,1.328,1.2046,groceries,pune,0,0,none,growing
M0014,234,81,82442.53,1017.81,0.022067098757442997,0.0010027073835558319,1.3375,1.4787,groceries,pune,0,0,none,growing
M0014,235,69,63011.19,913.21,0.019673058526493727,0.0013308687199545149,1.2554,1.4155,groceries,pune,0,0,none,growing
M0014,236,68,69851.08,1027.22,0.023117603393917184,0.0013288330219702572,1.2959,1.4801,groceries,pune,0,0,none,growing
M0014,237,80,85051.72,1063.15,0.02193779061121361,0.0014173793277230291,1.1133,1.3028,groceries,pune,0,0,none,growing
M0014,238,73,75917.86,1039.97,0.023927826278266236,0.0016067453005043596,1.2042,1.3312,groceries,pune,0,0,none,growing
M0014,239,71,70207.3,988.84,0.023631143217281013,0.001212614331572342,1.2846,1.1234,groceries,pune,0,0,none,growing
M0015,0,101,84097.86,832.65,0.025674175647007403,0.0014325301350782498,1.1111,1.3639,electronics,hyderabad,0,0,none,product_launch
M0015,1,101,86620.08,857.62,0.028591953231658945,0.0012622506144380377,1.495,1.6451,electronics,hyderabad,0,0,none,product_launch
M0015,2,110,98421.67,894.74,0.023509318295120346,0.0017148657480077125,1.5573,1.4352,electronics,hyderabad,0,0,none,product_launch
M0015,3,111,104662.45,942.9,0.02334749402324447,0.0011632226957399565,1.3048,1.2813,electronics,hyderabad,0,0,none,product_launch
M0015,4,105,92429.92,880.28,0.026342848251519318,0.001188772286903507,1.3758,1.5403,electronics,hyderabad,0,0,none,product_launch
M0015,5,100,99988.23,999.88,0.022696995589014713,0.001094630907177998,1.3415,1.057,electronics,hyderabad,0,0,none,product_launch
M0015,6,102,94334.73,924.85,0.02098314672547247,0.0015585662431301008,1.4082,1.239,electronics,hyderabad,0,0,none,product_launch
M0015,7,104,91988.5,884.5,0.019348416328746898,0.0013306834988629427,1.3036,1.1775,electronics,hyderabad,0,0,none,product_launch
M0015,8,111,105095.79,946.81,0.02418959079992041,0.001239539170496103,1.5167,1.4241,electronics,hyderabad,0,0,none,product_launch
M0015,9,108,94182.25,872.06,0.021464836235889413,0.001115759896203994,1.3417,1.253,electronics,hyderabad,0,0,none,product_launch
M0015,10,111,114701.21,1033.34,0.025069771815949764,0.0017233603267352478,1.4084,1.4209,electronics,hyderabad,0,0,none,product_launch
M0015,11,98,96223.29,981.87,0.024474044601082837,0.0009962640354188993,1.2183,1.5696,electronics,hyderabad,0,0,none,product_launch
M0015,12,108,107028.99,991.01,0.024528968130920873,0.0017020721550266872,1.3584,1.4038,electronics,hyderabad,0,0,none,product_launch
M0015,13,94,86732.79,922.69,0.021277611183677565,0.0014122916826410578,1.3503,1.3845,electronics,hyderabad,0,0,none,product_launch
M0015,14,106,92709.16,874.61,0.021484760106570112,0.001507063962792406,1.2685,1.2171,electronics,hyderabad,0,0,none,product_launch
M0015,15,109,107233.73,983.8,0.02197845282460022,0.0017452687040171832,1.166,1.515,electronics,hyderabad,0,0,none,product_launch
M0015,16,112,103158.74,921.06,0.026698557163345748,0.0011390848308319628,1.3531,1.1505,electronics,hyderabad,0,0,none,product_launch
M0015,17,103,91957.3,892.79,0.024595546916074157,0.0013868811386972871,1.3138,1.5519,electronics,hyderabad,0,0,none,product_launch
M0015,18,96,90265.56,940.27,0.025670945095564366,0.0014391611059463908,1.2254,1.3756,electronics,hyderabad,0,0,none,product_launch
M0015,19,106,105973.65,999.75,0.02168906420036567,0.001645924234692117,1.3682,1.3032,electronics,hyderabad,0,0,none,product_launch
M0015,20,107,95232.08,890.02,0.019095633230518938,0.0011000746835944258,1.1271,1.5668,electronics,hyderabad,0,0,none,product_launch
M0015,21,106,103568.97,977.07,0.02546847247410851,0.001092325088514376,1.1073,1.408,electronics,hyderabad,0,0,none,product_launch
M0015,22,102,84627.99,829.69,0.02121050789359059,0.0018688995344646256,1.2006,1.344,electronics,hyderabad,0,0,none,product_launch
M0015,23,120,100978.05,841.48,0.023105538583767363,0.0017273482347194133,1.186,1.3149,electronics,hyderabad,0,0,none,product_launch
M0015,24,119,108452.68,911.37,0.022380817288280883,0.0013427467122143135,1.5372,1.4794,electronics,hyderabad,0,0,none,product_launch
M0015,25,105,98208.07,935.31,0.02548109274474468,0.001554232328110614,1.284,1.4178,electronics,hyderabad,0,0,none,product_launch
M0015,26,112,109604.47,978.61,0.02213253809539791,0.0012274422765227964,1.2126,1.1475,electronics,hyderabad,0,0,none,product_launch
M0015,27,115,111505.73,969.62,0.028755846516432162,0.0014800028879326085,1.5101,1.3744,electronics,hyderabad,0,0,none,product_launch
M0015,28,109,98563.81,904.26,0.024472131695484855,0.0015410854483180114,1.5287,1.3401,electronics,hyderabad,0,0,none,product_launch
M0015,29,99,96525.89,975.01,0.02273963828552017,0.0012527534947370405,1.4124,1.3919,electronics,hyderabad,0,0,none,product_launch
M0015,30,95,82913.86,872.78,0.025195323089718304,0.0015501647947340819,1.2269,1.5134,electronics,hyderabad,0,0,none,product_launch
M0015,31,106,99454.73,938.25,0.026168503983920115,0.0013943998517645852,1.4673,1.5486,electronics,hyderabad,0,0,none,product_launch
M0015,32,98,85573.39,873.2,0.021351007815850316,0.0013317396339585397,1.3385,1.4212,electronics,hyderabad,0,0,none,product_launch
M0015,33,99,80705.61,815.21,0.02455244057327087,0.0016208183939221334,1.1203,1.3131,electronics,hyderabad,0,0,none,product_launch
M0015,34,112,110404.88,985.76,0.02868156977406847,0.0013629053582226752,1.4019,1.4307,electronics,hyderabad,0,0,none,product_launch
M0015,35,113,103844.93,918.98,0.02557703854854116,0.0010096984039373283,1.2235,1.1452,electronics,hyderabad,0,0,none,product_launch
M0015,36,108,95551.03,884.73,0.02395694324664115,0.0013902789081774577,1.3101,1.3411,electronics,hyderabad,0,0,none,product_launch
M0015,37,110,91457.6,831.43,0.026760092259016766,0.0015603955084204585,1.0511,1.5637,electronics,hyderabad,0,0,none,product_launch
M0015,38,103,97949.33,950.96,0.01976683128596314,0.0014977199722337631,1.3566,1.1832,electronics,hyderabad,0,0,none,product_launch
M0015,39,109,104814.43,961.6,0.022322103556970094,0.0015105617932620482,1.3368,1.5794,electronics,hyderabad,0,0,none,product_launch
M0015,40,116,106364.53,916.94,0.026547489181774814,0.0009123230577765802,1.4454,1.4748,electronics,hyderabad,0,0,none,product_launch
M0015,41,110,98456.0,895.05,0.02236789086308175,0.0014450348174414227,1.3935,1.2837,electronics,hyderabad,0,0,none,product_launch
M0015,42,120,96815.14,806.79,0.023909145445366504,0.0011268971431534905,1.4209,1.3489,electronics,hyderabad,0,0,none,product_launch
M0015,43,107,103981.29,971.79,0.02643156030595902,0.0012133481917424845,1.2643,1.5544,electronics,hyderabad,0,0,none,product_launch
M0015,44,117,100056.87,855.19,0.02694376162126882,0.0016593489284189675,1.2051,1.481,electronics,hyderabad,0,0,none,product_launch
M0015,45,111,91175.87,821.4,0.027117455719223003,0.001416252890515164,1.3301,1.4758,electronics,hyderabad,0,0,none,product_launch
M0015,46,118,101988.33,864.31,0.02548478788236903,0.0014770733003213296,1.1699,1.223,electronics,hyderabad,0,0,none,product_launch
M0015,47,117,109614.13,936.87,0.024904683040164733,0.0015229691625617129,1.4892,1.2028,electronics,hyderabad,0,0,none,product_launch
M0015,48,115,109730.08,954.17,0.02398080531729924,0.0012431052043532665,1.5035,1.2179,electronics,hyderabad,0,0,none,product_launch
M0015,49,111,110858.04,998.72,0.025382193749851862,0.0019507495672432317,1.4142,1.372,electronics,hyderabad,0,0,none,product_launch
M0015,50,113,91524.65,809.95,0.025322966827131962,0.0013601410421845888,1.1891,1.3151,electronics,hyderabad,0,0,none,product_launch
M0015,51,103,96138.3,933.38,0.02510419384719434,0.0013993191802374701,1.1463,1.3571,electronics,hyderabad,0,0,none,product_launch
M0015,52,94,83200.12,885.11,0.025849326909978494,0.001564819426894015,1.3666,1.4641,electronics,hyderabad,0,0,none,product_launch
M0015,53,105,96605.19,920.05,0.02759489471866047,0.0009832736215676962,1.2208,1.052,electronics,hyderabad,0,0,none,product_launch
M0015,54,110,106294.51,966.31,0.026062214846920163,0.0012447596230537772,1.378,1.4627,electronics,hyderabad,0,0,none,product_launch
M0015,55,111,102176.71,920.51,0.027590733338517522,0.0013852053954341772,1.1743,1.5187,electronics,hyderabad,0,0,none,product_launch
M0015,56,104,100480.33,966.16,0.026687604344347464,0.0013167913408204494,1.4838,1.3333,electronics,hyderabad,0,0,none,product_launch
M0015,57,93,75292.3,809.59,0.025721208767616015,0.001755470146617403,1.2122,1.0541,electronics,hyderabad,0,0,none,product_launch
M0015,58,122,118318.57,969.82,0.027634940563334414,0.0017080994164726166,1.1217,1.6129,electronics,hyderabad,0,0,none,product_launch
M0015,59,107,103726.02,969.4,0.023239071767835122,0.001827319154566321,1.0275,1.3878,electronics,hyderabad,0,0,none,product_launch
M0015,60,110,113495.81,1031.78,0.02384453923983426,0.0012299793772685068,1.1254,1.1706,electronics,hyderabad,0,0,none,product_launch
M0015,61,96,79094.6,823.9,0.02908136402815041,0.001674934262986383,1.4867,1.3396,electronics,hyderabad,0,0,none,product_launch
M0015,62,101,79917.81,791.27,0.024111495820280163,0.0014853718122109518,1.3675,1.3996,electronics,hyderabad,0,0,none,product_launch
M0015,63,109,94662.41,868.46,0.02528057280545837,0.001378554255139904,1.26,1.5962,electronics,hyderabad,0,0,none,product_launch
M0015,64,123,117816.95,957.86,0.020047785527423485,0.0016758819798399203,1.3081,1.7356,electronics,hyderabad,0,0,none,product_launch
M0015,65,103,94478.77,917.27,0.024349993388186046,0.0015674856849467193,1.3175,1.2933,electronics,hyderabad,0,0,none,product_launch
M0015,66,85,86164.72,1013.7,0.02657514266888627,0.0012977010922984498,1.114,1.3204,electronics,hyderabad,0,0,none,product_launch
M0015,67,100,92982.81,929.83,0.02685301084663598,0.0013463085506978238,1.1002,1.5138,electronics,hyderabad,0,0,none,product_launch
M0015,68,103,95963.94,931.69,0.025877716415107343,0.0015126769010695789,1.2761,1.3905,electronics,hyderabad,0,0,none,product_launch
M0015,69,112,103257.08,921.94,0.02374429066851013,0.0012744005853180028,1.1547,1.5583,electronics,hyderabad,0,0,none,product_launch
M0015,70,107,106314.38,993.59,0.021908253598810115,0.001486227829569932,1.2067,1.5051,electronics,hyderabad,0,0,none,product_launch
M0015,71,116,101818.25,877.74,0.027048255791502662,0.0012991329375360303,1.2944,1.5281,electronics,hyderabad,0,0,none,product_launch
M0015,72,113,110380.52,976.82,0.02435321245240605,0.0013980690414088057,1.3167,1.1893,electronics,hyderabad,0,0,none,product_launch
M0015,73,90,79087.91,878.75,0.0225368187930865,0.001616638295204228,1.1528,1.3503,electronics,hyderabad,0,0,none,product_launch
M0015,74,109,100845.33,925.19,0.02795398931960687,0.0010742109885129466,1.326,1.3435,electronics,hyderabad,0,0,none,product_launch
M0015,75,111,98396.85,886.46,0.024484687824142187,0.0013274024652485444,1.3721,1.2926,electronics,hyderabad,0,0,none,product_launch
M0015,76,100,85309.09,853.09,0.02409660435170038,0.0014685382535268331,1.2122,1.2793,electronics,hyderabad,0,0,none,product_launch
M0015,77,111,98928.92,891.25,0.02693803732469295,0.0016072614399948377,1.2181,1.2422,electronics,hyderabad,0,0,none,product_launch
M0015,78,114,104763.46,918.98,0.025462170942265647,0.0010873272279085277,1.2363,1.2574,electronics,hyderabad,0,0,none,product_launch
M0015,79,101,79324.63,785.39,0.021157959981363893,0.0012696285187184665,1.3392,1.1105,electronics,hyderabad,0,0,none,product_launch
M0015,80,105,109331.95,1041.26,0.026161616415843768,0.0017183965061216572,1.2428,1.4178,electronics,hyderabad,0,0,none,product_launch
M0015,81,124,120416.56,971.1,0.025750135848897904,0.0013430799258448555,1.2652,1.4023,electronics,hyderabad,0,0,none,product_launch
M0015,82,96,92316.61,961.63,0.022013400688579092,0.001179589482352894,1.3979,1.3369,electronics,hyderabad,0,0,none,product_launch
M0015,83,122,109607.71,898.42,0.02218390943782395,0.0017113460718619097,1.2874,1.4173,electronics,hyderabad,0,0,none,product_launch
M0015,84,112,107252.7,957.61,0.020205122111725347,0.0013257000993783957,1.3615,1.5451,electronics,hyderabad,0,0,none,product_launch
M0015,85,112,95989.3,857.05,0.025022241964251832,0.0015312185261575305,1.3025,1.356,electronics,hyderabad,0,0,none,product_launch
M0015,86,105,102496.93,976.16,0.0202651578174969,0.0013565892844036398,1.1691,1.3608,electronics,hyderabad,0,0,none,product_launch
M0015,87,112,105624.05,943.07,0.025066122455219275,0.0013894109432514765,1.4788,1.4246,electronics,hyderabad,0,0,none,product_launch
M0015,88,111,101062.42,910.47,0.024317296065022403,0.0015781796946448868,1.0095,1.2742,electronics,hyderabad,0,0,none,product_launch
M0015,89,104,97335.09,935.91,0.02365231782444209,0.0016643657994167308,1.262,1.2787,electronics,hyderabad,0,0,none,product_launch
M0015,90,101,88534.38,876.58,0.025702689865516864,0.0011542131643770756,1.5528,1.3732,electronics,hyderabad,0,0,none,product_launch
M0015,91,113,114626.72,1014.4,0.025719286418053496,0.0016866879984620909,1.4472,1.3835,electronics,hyderabad,0,0,none,product_launch
M0015,92,118,105666.37,895.48,0.021602782302895387,0.0013685041363048272,1.2615,1.3278,electronics,hyderabad,0,0,none,product_launch
M0015,93,104,97656.46,939.0,0.020061772162469755,0.0015301603669488476,1.4114,1.4318,electronics,hyderabad,0,0,none,product_launch
M0015,94,111,102991.77,927.85,0.026395421754128665,0.0012206009044855974,1.3906,1.5548,electronics,hyderabad,0,0,none,product_launch
M0015,95,115,106840.47,929.05,0.019403127735945352,0.0011570691754950323,1.3615,1.5725,electronics,hyderabad,0,0,none,product_launch
M0015,96,107,99340.16,928.41,0.02725514104443459,0.001323800040368663,1.3729,1.527,electronics,hyderabad,0,0,none,product_launch
M0015,97,112,110402.47,985.74,0.02407231097405385,0.0013238958049652913,1.4602,1.5004,electronics,hyderabad,0,0,none,product_launch
M0015,98,103,87471.46,849.24,0.02233873434810245,0.001416354779613098,1.4441,1.3137,electronics,hyderabad,0,0,none,product_launch
M0015,99,101,85011.39,841.7,0.02352260948576141,0.0014955426724321693,1.0993,1.4148,electronics,hyderabad,0,0,none,product_launch
M0015,100,103,100762.35,978.28,0.025471864661102517,0.0011221119320330073,1.2878,1.4548,electronics,hyderabad,0,0,none,product_launch
M0015,101,110,103049.69,936.82,0.02482749841974799,0.0014525876791101813,1.2178,1.3235,electronics,hyderabad,0,0,none,product_launch
M0015,102,107,101338.85,947.09,0.021030574585475456,0.0014842378991909578,1.1282,1.3301,electronics,hyderabad,0,0,none,product_launch
M0015,103,114,101115.94,886.98,0.01962556444783279,0.0014540522657938719,1.3221,1.2817,electronics,hyderabad,0,0,none,product_launch
M0015,104,106,107099.26,1010.37,0.026832116403002166,0.0013769008598384003,1.4477,1.3979,electronics,hyderabad,0,0,none,product_launch
M0015,105,112,111854.95,998.7,0.024989514704956365,0.001410143176234965,1.3106,1.5613,electronics,hyderabad,0,0,none,product_launch
M0015,106,104,91603.55,880.8,0.023225042241827337,0.0013167755880687053,1.1479,1.456,electronics,hyderabad,0,0,none,product_launch
M0015,107,107,105238.3,983.54,0.024393384787956076,0.0015358629990945962,1.3865,1.5243,electronics,hyderabad,0,0,none,product_launch
M0015,108,94,85575.41,910.38,0.024325256105305674,0.0012477428896194235,1.3806,1.1065,electronics,hyderabad,0,0,none,product_launch
M0015,109,116,115349.41,994.39,0.023338344941406883,0.0011065009599615535,1.1319,1.4168,electronics,hyderabad,0,0,none,product_launch
M0015,110,94,91502.01,973.43,0.019994195555772296,0.0014316266005867926,1.3147,1.4163,electronics,hyderabad,0,0,none,product_launch
M0015,111,123,118265.09,961.5,0.029113891029944706,0.0014295546246957688,1.3676,1.3244,electronics,hyderabad,0,0,none,product_launch
M0015,112,102,88053.68,863.27,0.02595446422345193,0.0014469037762442848,1.3084,1.4686,electronics,hyderabad,0,0,none,product_launch
M0015,113,111,99074.3,892.56,0.024601713878360926,0.001421750021876718,1.329,0.9697,electronics,hyderabad,0,0,none,product_launch
M0015,114,102,87735.64,860.15,0.02450747481718015,0.001340338158616734,1.2674,1.3507,electronics,hyderabad,0,0,none,product_launch
M0015,115,118,98724.89,836.65,0.02396760006500542,0.001633576829883395,1.2056,1.3194,electronics,hyderabad,0,0,none,product_launch
M0015,116,119,106418.36,894.27,0.02795497652333577,0.0011851499579333827,1.475,1.3265,electronics,hyderabad,0,0,none,product_launch
M0015,117,99,89327.64,902.3,0.026063615492553757,0.001622375535694922,1.0649,1.2163,electronics,hyderabad,0,0,none,product_launch
M0015,118,97,92193.88,950.45,0.022158600464665577,0.0012790838586381247,1.1764,1.3153,electronics,hyderabad,0,0,none,product_launch
M0015,119,106,98324.51,927.59,0.026773869954841458,0.0014180380888142413,1.4118,1.2227,electronics,hyderabad,0,0,none,product_launch
M0015,120,104,86301.98,829.83,0.021987995777548747,0.0013055961948129286,1.4951,1.2681,electronics,hyderabad,0,0,none,product_launch
M0015,121,117,112353.18,960.28,0.02383758708640108,0.0016390302962661625,1.1019,1.3952,electronics,hyderabad,0,0,none,product_launch
M0015,122,112,90266.81,805.95,0.020200762731810037,0.001943412063340153,1.0964,1.351,electronics,hyderabad,0,0,none,product_launch
M0015,123,122,105792.82,867.15,0.024077584634649422,0.0013740866917919825,1.3872,1.5038,electronics,hyderabad,0,0,none,product_launch
M0015,124,104,97103.14,933.68,0.02626568118995831,0.0013371480408324906,1.2766,1.5417,electronics,hyderabad,0,0,none,product_launch
M0015,125,109,96465.44,885.0,0.022599247473505946,0.0012692930879241147,1.2691,1.4222,electronics,hyderabad,0,0,none,product_launch
M0015,126,118,100679.56,853.22,0.02581169600047461,0.0018437176636999413,1.2882,1.3687,electronics,hyderabad,0,0,none,product_launch
M0015,127,98,96651.73,986.24,0.022418539993708263,0.0014130313955746379,1.1887,1.1676,electronics,hyderabad,0,0,none,product_launch
M0015,128,118,112127.38,950.23,0.024559965784418953,0.0010295596939332533,1.3644,1.706,electronics,hyderabad,0,0,none,product_launch
M0015,129,91,78334.54,860.82,0.030502404853745897,0.0014126840586835175,1.3829,1.4078,electronics,hyderabad,0,0,none,product_launch
M0015,130,117,104868.17,896.31,0.022154697843385297,0.001670468397454772,1.3014,1.214,electronics,hyderabad,0,0,none,product_launch
M0015,131,120,114090.42,950.75,0.02069444229812851,0.001173299899041523,1.2781,1.371,electronics,hyderabad,0,0,none,product_launch
M0015,132,107,108162.5,1010.86,0.027041460067943404,0.001099013460749344,1.4008,1.371,electronics,hyderabad,0,0,none,product_launch
M0015,133,109,102180.25,937.43,0.023683342335268236,0.0018693835448194789,1.2554,1.3771,electronics,hyderabad,0,0,none,product_launch
M0015,134,106,100002.76,943.42,0.02754658952449955,0.0014722319270043715,1.5206,1.5827,electronics,hyderabad,0,0,none,product_launch
M0015,135,97,90883.13,936.94,0.02252111330670367,0.0016383333232437981,1.2417,1.4191,electronics,hyderabad,0,0,none,product_launch
M0015,136,91,82957.83,911.62,0.02881171746843361,0.0016345788275934116,1.3041,1.0798,electronics,hyderabad,0,0,none,product_launch
M0015,137,107,100268.75,937.09,0.023384599994552342,0.0014445578819696477,1.2868,1.4821,electronics,hyderabad,0,0,none,product_launch
M0015,138,112,110220.96,984.12,0.02191610011079143,0.0013064977366208182,1.3709,1.1898,electronics,hyderabad,0,0,none,product_launch
M0015,139,116,113633.78,979.6,0.023571597439641594,0.0014400680760651835,1.3873,1.4619,electronics,hyderabad,0,0,none,product_launch
M0015,140,105,94838.32,903.22,0.01914976165196104,0.0015356026707307518,1.5284,1.2303,electronics,hyderabad,0,0,none,product_launch
M0015,141,117,104978.71,897.25,0.0242283967728839,0.001588912239222866,1.4355,1.2973,electronics,hyderabad,0,0,none,product_launch
M0015,142,90,89984.68,999.83,0.023729243641986395,0.0014066424649015914,1.2271,1.4587,electronics,hyderabad,0,0,none,product_launch
M0015,143,100,94664.09,946.64,0.025801195346974747,0.0017437946906400156,1.2887,1.2643,electronics,hyderabad,0,0,none,product_launch
M0015,144,101,101626.8,1006.21,0.027504876807358938,0.0013162368929388896,1.3372,1.2464,electronics,hyderabad,0,0,none,product_launch
M0015,145,110,96595.05,878.14,0.022004599352690123,0.0013107603118168972,1.3812,1.5242,electronics,hyderabad,0,0,none,product_launch
M0015,146,104,103454.48,994.75,0.024603214910459904,0.0014432042263893322,1.1992,1.3182,electronics,hyderabad,0,0,none,product_launch
M0015,147,98,88546.16,903.53,0.022430471837977167,0.0014600329372774599,1.3065,1.2578,electronics,hyderabad,0,0,none,product_launch
M0015,148,103,101475.16,985.2,0.021108826772060777,0.0017496016110073742,1.3483,0.9324,electronics,hyderabad,0,0,none,product_launch
M0015,149,109,96165.99,882.26,0.02718074638288331,0.001281455249103415,1.4139,1.2295,electronics,hyderabad,0,0,none,product_launch
M0015,150,107,93861.35,877.21,0.02561559765673849,0.0015714127651818856,1.5485,1.3261,electronics,hyderabad,0,0,none,product_launch
M0015,151,111,97508.33,878.45,0.0233370072529098,0.0013109262707646228,1.3134,1.4867,electronics,hyderabad,0,0,none,product_launch
M0015,152,99,96183.56,971.55,0.02103591064881221,0.0015864884608289562,1.1445,1.2837,electronics,hyderabad,0,0,none,product_launch
M0015,153,104,89459.65,860.19,0.02506157024056935,0.0017399725529022075,1.3085,1.2568,electronics,hyderabad,0,0,none,product_launch
M0015,154,109,98651.02,905.06,0.022685108089408577,0.0013153520665912814,1.2154,1.5417,electronics,hyderabad,0,0,none,product_launch
M0015,155,110,101842.73,925.84,0.022575174405913,0.0013807667887897304,1.298,1.4649,electronics,hyderabad,0,0,none,product_launch
M0015,156,98,96066.27,980.27,0.022359006297059968,0.0013940233878281536,1.4403,1.4357,electronics,hyderabad,0,0,none,product_launch
M0015,157,115,98691.86,858.19,0.024774298748548737,0.0014428970158138679,1.2764,1.1529,electronics,hyderabad,0,0,none,product_launch
M0015,158,100,86041.88,860.42,0.024225349825009828,0.0015527213083514314,1.3853,1.4343,electronics,hyderabad,0,0,none,product_launch
M0015,159,100,95269.22,952.69,0.02292321621947228,0.0009803794772644686,1.4365,1.3504,electronics,hyderabad,0,0,none,product_launch
M0015,160,100,84978.86,849.79,0.025413587628983433,0.0012116052236645408,1.5712,1.3348,electronics,hyderabad,0,1,launch,product_launch
M0015,161,105,93960.73,894.86,0.02441238214286631,0.0015156088322355566,1.4917,1.3388,home_decor,hyderabad,0,1,launch,product_launch
M0015,162,112,104823.56,935.92,0.029449019840759205,0.001610476776967882,1.3598,1.5186,electronics,hyderabad,0,1,launch,product_launch
M0015,163,121,103472.07,855.14,0.023952862650613405,0.001042292795366427,1.258,1.1475,electronics,hyderabad,0,1,launch,product_launch
M0015,164,119,107925.55,906.94,0.022693492074502636,0.0017242410935503192,1.448,1.4756,electronics,hyderabad,0,1,launch,product_launch
M0015,165,111,104609.2,942.43,0.02716556249411149,0.0011772795118203086,1.2423,1.5343,electronics,hyderabad,0,1,launch,product_launch
M0015,166,119,110791.43,931.02,0.029386853687062755,0.0012524704098138767,1.1528,1.4946,electronics,hyderabad,0,1,launch,product_launch
M0015,167,127,104914.72,826.1,0.027084251418949105,0.0012957131841908316,1.4122,1.3481,electronics,hyderabad,0,1,launch,product_launch
M0015,168,148,110991.66,749.94,0.029466849567825623,0.0015626608977746329,1.3024,1.2333,home_decor,hyderabad,0,1,launch,product_launch
M0015,169,154,144359.57,937.4,0.01945769374461195,0.001290459706578629,1.3425,1.3639,electronics,hyderabad,0,1,launch,product_launch
M0015,170,135,110808.71,820.81,0.025714262779874545,0.0015445619275386575,1.3581,1.3677,electronics,hyderabad,0,1,launch,product_launch
M0015,171,146,137800.09,943.84,0.022199428025642554,0.001618727416049835,1.419,1.414,home_decor,hyderabad,0,1,launch,product_launch
M0015,172,154,146104.37,948.73,0.017076114358784915,0.0010008317686450573,1.4237,1.3102,electronics,hyderabad,0,1,launch,product_launch
M0015,173,123,115088.08,935.68,0.025139085640984184,0.0012437604085869373,1.3594,1.218,electronics,hyderabad,0,1,launch,product_launch
M0015,174,136,124105.56,912.54,0.022342270750679287,0.0014719187627424274,1.3346,1.4898,electronics,hyderabad,0,1,launch,product_launch
M0015,175,145,129223.16,891.19,0.02448386198395696,0.0014644818024783354,1.2711,1.5383,electronics,hyderabad,0,1,launch,product_launch
M0015,176,127,115860.66,912.29,0.0213694410430986,0.0012860976382881078,1.378,1.3912,electronics,hyderabad,0,1,launch,product_launch
M0015,177,153,149150.63,974.84,0.01891090244239291,0.0013712270072866826,1.3491,1.491,home_decor,hyderabad,0,1,launch,product_launch
M0015,178,145,142994.4,986.17,0.027674141541047203,0.001185740861149567,1.4502,1.4932,electronics,hyderabad,0,1,launch,product_launch
M0015,179,138,132593.58,960.82,0.02405908918579752,0.0013100209843401529,1.4713,1.3934,home_decor,hyderabad,0,1,launch,product_launch
M0015,180,142,125300.26,882.4,0.02194079008593694,0.0012575576157735759,1.5357,1.1551,electronics,hyderabad,0,1,launch,product_launch
M0015,181,122,110375.42,904.72,0.02207938790121361,0.0015177570099971437,1.2184,1.4115,home_decor,hyderabad,0,1,launch,product_launch
M0015,182,153,136611.12,892.88,0.020146601585665197,0.0010423350843732988,1.2415,1.2004,electronics,hyderabad,0,1,launch,product_launch
M0015,183,134,120373.46,898.31,0.021743273960139246,0.0010307162960338794,1.5308,1.3537,home_decor,hyderabad,0,1,launch,product_launch
M0015,184,135,126752.73,938.91,0.02111884839832563,0.0010939667117277345,1.4062,1.4731,electronics,hyderabad,0,1,launch,product_launch
M0015,185,122,109740.15,899.51,0.025084516495848044,0.0016808802726545554,1.3608,1.3357,electronics,hyderabad,0,1,launch,product_launch
M0015,186,149,139200.28,934.23,0.020610116609840145,0.0015413341464157267,1.312,1.4264,electronics,hyderabad,0,1,launch,product_launch
M0015,187,145,137745.95,949.97,0.022182734439163094,0.0012006916481979244,1.5096,1.3251,electronics,hyderabad,0,1,launch,product_launch
M0015,188,136,125947.5,926.08,0.030618444683379542,0.0013653499827638359,1.4895,1.2331,electronics,hyderabad,0,1,launch,product_launch
M0015,189,147,124678.06,848.15,0.029050750421201536,0.0013468380152050956,1.3662,1.3294,electronics,hyderabad,0,1,launch,product_launch
M0015,190,135,108802.23,805.94,0.020945863203121154,0.0012832325814472224,1.4575,1.214,electronics,hyderabad,0,1,launch,product_launch
M0015,191,133,129968.98,977.21,0.026559214645484063,0.0012351959391080657,1.457,1.4913,electronics,hyderabad,0,1,launch,product_launch
M0015,192,142,127663.98,899.04,0.02263640146700858,0.0013260477502879246,1.51,1.4375,electronics,hyderabad,0,1,launch,product_launch
M0015,193,126,104767.41,831.49,0.020565774552554244,0.0012167608715859398,1.3871,1.4476,home_decor,hyderabad,0,1,launch,product_launch
M0015,194,140,128632.98,918.81,0.018597351433078932,0.0019605481015575205,1.3651,1.132,electronics,hyderabad,0,1,launch,product_launch
M0015,195,160,163077.45,1019.23,0.024791188500757746,0.0012705018013611836,1.3765,1.4106,electronics,hyderabad,0,1,launch,product_launch
M0015,196,126,114433.1,908.2,0.020834128531000556,0.001602058704724903,1.2793,1.4513,electronics,hyderabad,0,1,launch,product_launch
M0015,197,144,128189.86,890.21,0.022037033700133303,0.00132143828193002,1.1878,1.3451,electronics,hyderabad,0,1,launch,product_launch
M0015,198,146,140403.21,961.67,0.028697630996121555,0.0015995151357303741,1.4196,1.4171,electronics,hyderabad,0,1,launch,product_launch
M0015,199,127,120222.27,946.63,0.021437912451973462,0.0013040213927842453,1.3559,1.2668,electronics,hyderabad,0,1,launch,product_launch
M0015,200,130,129653.34,997.33,0.021957752648248285,0.001508514858046257,1.3821,1.3077,electronics,hyderabad,0,1,launch,product_launch
M0015,201,131,103607.69,790.9,0.029098717836036913,0.0010321601244028665,1.3031,1.4534,electronics,hyderabad,0,1,launch,product_launch
M0015,202,143,138833.22,970.86,0.020072476142034605,0.0015671726100742504,1.5134,1.4803,electronics,hyderabad,0,1,launch,product_launch
M0015,203,126,113824.81,903.37,0.028622262839007612,0.0015793632317632111,1.4375,1.5689,home_decor,hyderabad,0,1,launch,product_launch
M0015,204,147,129950.11,884.01,0.0259531271433999,0.0010786241337576816,1.4498,1.3187,electronics,hyderabad,0,1,launch,product_launch
M0015,205,160,140781.3,879.88,0.026774214815661893,0.0017814086765104756,1.3497,1.5795,electronics,hyderabad,0,1,launch,product_launch
M0015,206,123,118840.8,966.19,0.01784084140087337,0.001069114187901535,1.4281,1.2186,home_decor,hyderabad,0,1,launch,product_launch
M0015,207,130,120622.54,927.87,0.025043445070412628,0.0011641828081887544,1.3416,1.2931,electronics,hyderabad,0,1,launch,product_launch
M0015,208,134,115353.53,860.85,0.023134449388561726,0.001412192414023596,1.4612,1.2768,electronics,hyderabad,0,1,launch,product_launch
M0015,209,157,135846.91,865.27,0.024811006024277438,0.0015550483807635644,1.4769,1.3085,electronics,hyderabad,0,1,launch,product_launch
M0015,210,148,128023.65,865.02,0.025204860230071374,0.0011072813314385289,1.4627,1.2576,electronics,hyderabad,0,1,launch,product_launch
M0015,211,140,114661.3,819.01,0.017534751196594464,0.0014398537626939436,1.3416,1.3771,electronics,hyderabad,0,1,launch,product_launch
M0015,212,122,119319.01,978.02,0.02467314690574603,0.0014215060481700885,1.3445,1.4863,electronics,hyderabad,0,1,launch,product_launch
M0015,213,126,115103.59,913.52,0.023464744262657822,0.0017848961307488048,1.3474,1.5236,home_decor,hyderabad,0,1,launch,product_launch
M0015,214,130,122768.34,944.37,0.02070972609765571,0.0015903993283611134,1.1909,1.3489,electronics,hyderabad,0,1,launch,product_launch
M0015,215,144,138173.33,959.54,0.02239609162179487,0.0011637970729246436,1.3777,1.5116,electronics,hyderabad,0,1,launch,product_launch
M0015,216,117,101268.97,865.55,0.022615482765454165,0.0013310954486868785,1.4053,1.2433,home_decor,hyderabad,0,1,launch,product_launch
M0015,217,130,114074.12,877.49,0.02188861452964209,0.001428245335898543,1.5146,1.44,home_decor,hyderabad,0,1,launch,product_launch
M0015,218,146,125247.35,857.86,0.02276307846407066,0.0017643666281968262,1.5574,1.287,electronics,hyderabad,0,1,launch,product_launch
M0015,219,134,116203.15,867.19,0.02358286485235995,0.0012848660274003291,1.2147,1.4347,electronics,hyderabad,0,1,launch,product_launch
M0015,220,127,109620.14,863.15,0.02716590940147948,0.0013213038401367983,1.4116,1.4705,electronics,hyderabad,0,1,launch,product_launch
M0015,221,161,146796.98,911.78,0.028267378730572935,0.0013946778038975186,1.4497,1.3501,home_decor,hyderabad,0,1,launch,product_launch
M0015,222,141,122746.33,870.54,0.02565371254502999,0.000988027174638444,1.2966,1.5778,electronics,hyderabad,0,1,launch,product_launch
M0015,223,131,115056.62,878.29,0.025688617218322298,0.0013201041823194789,1.4654,1.4679,electronics,hyderabad,0,1,launch,product_launch
M0015,224,139,121244.68,872.26,0.02459930513830091,0.0009129360967958791,1.2815,1.3549,electronics,hyderabad,0,1,launch,product_launch
M0015,225,140,120879.58,863.43,0.02254405401294692,0.0016958238236872425,1.3534,1.6069,electronics,hyderabad,0,1,launch,product_launch
M0015,226,129,122621.48,950.55,0.024645974683924137,0.0012439818142171365,1.4045,1.1309,home_decor,hyderabad,0,1,launch,product_launch
M0015,227,143,139396.96,974.8,0.023251521413890034,0.001693051847926649,1.4527,1.4615,home_decor,hyderabad,0,1,launch,product_launch
M0015,228,129,118790.19,920.85,0.022804195769139935,0.0015639438405887348,1.4768,1.4555,electronics,hyderabad,0,1,launch,product_launch
M0015,229,144,128900.89,895.15,0.025286850477909645,0.001310037101995285,1.4572,1.4271,electronics,hyderabad,0,1,launch,product_launch
M0015,230,131,126661.54,966.88,0.028319773100717698,0.0015039597327141429,1.3033,1.4374,electronics,hyderabad,0,1,launch,product_launch
M0015,231,136,133481.74,981.48,0.0256257158532946,0.0012081264273911371,1.3928,1.5732,electronics,hyderabad,0,1,launch,product_launch
M0015,232,144,130867.94,908.81,0.022882707371473816,0.0009768500157508267,1.4164,1.4867,electronics,hyderabad,0,1,launch,product_launch
M0015,233,140,135769.63,969.78,0.0250998969083157,0.0014334843579659248,1.346,1.3984,electronics,hyderabad,0,1,launch,product_launch
M0015,234,144,140643.66,976.69,0.023846054321412277,0.0014750976467332272,1.4548,1.3756,electronics,hyderabad,0,1,launch,product_launch
M0015,235,145,140163.59,966.65,0.02700743639865057,0.0008906818789843451,1.4702,1.5578,home_decor,hyderabad,0,1,launch,product_launch
M0015,236,143,124786.93,872.64,0.02310755168431026,0.0012989830426740423,1.3655,1.5002,electronics,hyderabad,0,1,launch,product_launch
M0015,237,137,124486.23,908.66,0.02305805967359574,0.0015990006240575517,1.3775,1.7085,electronics,hyderabad,0,1,launch,product_launch
M0015,238,122,117532.75,963.38,0.02947359927740554,0.0014965895829500118,1.4677,1.4221,home_decor,hyderabad,0,1,launch,product_launch
M0015,239,145,133071.95,917.74,0.02614465930358056,0.0012716180141273549,1.2845,1.2163,electronics,hyderabad,0,1,launch,product_launch
M0016,0,89,113637.09,1276.82,0.057842659598060994,0.006151411804241636,1.1288,1.3886,groceries,kolkata,0,0,none,product_launch
M0016,1,77,89836.72,1166.71,0.048328802091440734,0.005656609330021747,1.4319,1.4877,groceries,kolkata,0,0,none,product_launch
M0016,2,71,82473.4,1161.6,0.05982567355678244,0.002784372155984504,1.3753,1.0067,groceries,kolkata,0,0,none,product_launch
M0016,3,76,86818.22,1142.35,0.05852869819459961,0.0059488409112834865,1.3883,1.4413,groceries,kolkata,0,0,none,product_launch
M0016,4,73,89624.32,1227.73,0.05121124595218651,0.005879820646057122,1.3554,1.0244,groceries,kolkata,0,0,none,product_launch
M0016,5,86,102793.74,1195.28,0.05970357589992479,0.005261758614129828,1.3349,1.6599,groceries,kolkata,0,0,none,product_launch
M0016,6,76,96416.76,1268.64,0.06567818889503639,0.005102395469671436,1.4489,1.4159,groceries,kolkata,0,0,none,product_launch
M0016,7,72,88050.5,1222.92,0.06414859297374272,0.005396835272677413,1.4466,1.3098,groceries,kolkata,0,0,none,product_launch
M0016,8,79,100268.6,1269.22,0.051513493377574424,0.004320003867490244,1.272,1.3866,groceries,kolkata,0,0,none,product_launch
M0016,9,69,80032.45,1159.89,0.04624312849196692,0.004536706778551873,1.2646,1.1215,groceries,kolkata,0,0,none,product_launch
M0016,10,79,87444.97,1106.9,0.04692880834492672,0.005613690579023991,1.3348,1.1912,groceries,kolkata,0,0,none,product_launch
M0016,11,72,82971.08,1152.38,0.05582045361028557,0.004127290619650122,1.1423,1.3467,groceries,kolkata,0,0,none,product_launch
M0016,12,70,80174.13,1145.34,0.05447346937189217,0.006531455079977803,1.1624,1.3575,groceries,kolkata,0,0,none,product_launch
M0016,13,73,91172.01,1248.93,0.07426120536471315,0.006932758481192047,1.2262,1.2206,groceries,kolkata,0,0,none,product_launch
M0016,14,79,96944.11,1227.14,0.054800461597393386,0.005934140921504042,1.3784,1.2961,groceries,kolkata,0,0,none,product_launch
M0016,15,69,76643.59,1110.78,0.055783179702039214,0.004180512917461192,1.4262,1.1854,groceries,kolkata,0,0,none,product_launch
M0016,16,80,96401.26,1205.02,0.07192656882982117,0.006121391171071257,1.1976,1.4656,groceries,kolkata,0,0,none,product_launch
M0016,17,77,79766.12,1035.92,0.07207977849596062,0.0036538445893276503,1.4735,1.3748,groceries,kolkata,0,0,none,product_launch
M0016,18,79,99081.06,1254.19,0.04771711111966726,0.005022950769119538,1.6281,1.3646,groceries,kolkata,0,0,none,product_launch
M0016,19,79,90940.38,1151.14,0.05708121630002631,0.006401857562182765,1.3802,1.0911,groceries,kolkata,0,0,none,product_launch
M0016,20,75,89193.85,1189.25,0.05748645443999464,0.006114455860321322,1.4904,1.1287,groceries,kolkata,0,0,none,product_launch
M0016,21,91,116054.8,1275.33,0.06556642632118415,0.005446798375276978,1.2769,1.4022,groceries,kolkata,0,0,none,product_launch
M0016,22,73,82875.39,1135.28,0.054459382637149084,0.004378722406160906,1.403,1.3768,groceries,kolkata,0,0,none,product_launch
M0016,23,79,95864.42,1213.47,0.05741972231150482,0.004548015634512556,1.3446,1.1837,groceries,kolkata,0,0,none,product_launch
M0016,24,73,89693.83,1228.68,0.052665646825812124,0.006372072527551268,1.2402,1.2775,groceries,kolkata,0,0,none,product_launch
M0016,25,77,94745.55,1230.46,0.06619823009844618,0.004717575137702147,1.2083,1.3511,groceries,kolkata,0,0,none,product_launch
M0016,26,81,96283.61,1188.69,0.059235531703351045,0.006831289483135846,1.4114,1.2318,groceries,kolkata,0,0,none,product_launch
M0016,27,90,104474.03,1160.82,0.05733042948324517,0.00537834304785717,1.3769,1.2673,groceries,kolkata,0,0,none,product_launch
M0016,28,69,85575.71,1240.23,0.03528267591136733,0.006424743177583561,1.0455,1.4369,groceries,kolkata,0,0,none,product_launch
M0016,29,80,94801.85,1185.02,0.06255706285581306,0.007310041490740546,1.2727,1.4294,groceries,kolkata,0,0,none,product_launch
M0016,30,83,89765.67,1081.51,0.0674435586804308,0.007366489414503026,1.2194,1.5434,groceries,kolkata,0,0,none,product_launch
M0016,31,76,92633.76,1218.87,0.05138667687590685,0.007058381126496943,1.4286,1.2489,groceries,kolkata,0,0,none,product_launch
M0016,32,63,78309.33,1243.01,0.05372628338657163,0.005521955861179423,1.155,1.5089,groceries,kolkata,0,0,none,product_launch
M0016,33,78,82576.24,1058.67,0.06479250650404975,0.005482401186432123,1.2888,1.2297,groceries,kolkata,0,0,none,product_launch
M0016,34,70,87475.72,1249.65,0.057904745183059936,0.006499602678348155,1.4472,1.3307,groceries,kolkata,0,0,none,product_launch
M0016,35,82,98584.87,1202.25,0.049197634484888196,0.005584657627130493,1.2863,1.4832,groceries,kolkata,0,0,none,product_launch
M0016,36,79,95550.02,1209.49,0.053018850145740884,0.005682865958041572,1.4977,1.3409,groceries,kolkata,0,0,none,product_launch
M0016,37,85,97862.52,1151.32,0.05329345914781153,0.005969190001129307,1.3311,1.5271,groceries,kolkata,0,0,none,product_launch
M0016,38,88,102448.41,1164.19,0.06109064679348431,0.004787652893410634,1.2921,1.2487,groceries,kolkata,0,0,none,product_launch
M0016,39,69,70384.4,1020.06,0.06017799159659996,0.005170266384190312,1.1999,1.4705,groceries,kolkata,0,0,none,product_launch
M0016,40,73,91993.19,1260.18,0.053781675615545456,0.00584162184591832,1.4725,1.4442,groceries,kolkata,0,0,none,product_launch
M0016,41,81,99520.17,1228.64,0.04665649995730281,0.005446461399459383,1.3747,1.0619,groceries,kolkata,0,0,none,product_launch
M0016,42,72,81898.11,1137.47,0.052230672862874854,0.005444453233744033,1.129,1.2421,groceries,kolkata,0,0,none,product_launch
M0016,43,88,110524.26,1255.96,0.05754540416495861,0.006972815021098362,1.1841,1.0594,groceries,kolkata,0,0,none,product_launch
M0016,44,74,93439.61,1262.7,0.062023696217777056,0.005740175914346217,1.0744,1.4241,groceries,kolkata,0,0,none,product_launch
M0016,45,86,106950.09,1243.61,0.05974165107912117,0.007014636812797603,1.2572,1.3575,groceries,kolkata,0,0,none,product_launch
M0016,46,73,90020.2,1233.15,0.0678506325472588,0.005685677531056439,1.1893,1.2713,groceries,kolkata,0,0,none,product_launch
M0016,47,80,93420.84,1167.76,0.07613471890638732,0.0050234098666352,1.374,1.3901,groceries,kolkata,0,0,none,product_launch
M0016,48,74,89293.08,1206.66,0.046553061381007954,0.005277665223039462,1.2375,1.2349,groceries,kolkata,0,0,none,product_launch
M0016,49,78,89552.65,1148.11,0.06488126840404579,0.00546924862835375,1.312,1.3294,groceries,kolkata,0,0,none,product_launch
M0016,50,82,98030.48,1195.49,0.05435201413760927,0.006013268644085409,1.2698,1.5766,groceries,kolkata,0,0,none,product_launch
M0016,51,85,96188.18,1131.63,0.05763785194281188,0.004750249145597408,0.8868,1.4307,groceries,kolkata,0,0,none,product_launch
M0016,52,77,91651.49,1190.28,0.058817482222681704,0.005343034620306396,1.1508,1.5496,groceries,kolkata,0,0,none,product_launch
M0016,53,76,89876.36,1182.58,0.05874771983142246,0.0047826874016996,1.1644,1.4242,groceries,kolkata,0,0,none,product_launch
M0016,54,70,77947.06,1113.53,0.058106423791633846,0.007107615477568813,1.2602,1.5441,groceries,kolkata,0,0,none,product_launch
M0016,55,80,101911.46,1273.89,0.052891377629187025,0.006019524714392493,1.3958,1.3149,groceries,kolkata,0,0,none,product_launch
M0016,56,72,82816.5,1150.23,0.06125855265911774,0.0037405078759321403,1.2897,1.1979,groceries,kolkata,0,0,none,product_launch
M0016,57,84,101764.42,1211.48,0.05483101538777162,0.006216843606779841,1.4688,1.5228,groceries,kolkata,0,0,none,product_launch
M0016,58,73,85160.04,1166.58,0.05909692162927863,0.005813943819536927,1.3682,1.3714,groceries,kolkata,0,0,none,product_launch
M0016,59,69,80381.96,1164.96,0.060079983816714776,0.0042067017694266875,1.3854,1.1355,groceries,kolkata,0,0,none,product_launch
M0016,60,75,96751.3,1290.02,0.047166284507766096,0.004937950322217333,1.0872,1.4159,groceries,kolkata,0,0,none,product_launch
M0016,61,86,94992.73,1104.57,0.06630687538175932,0.004919668366550359,1.3649,1.5651,groceries,kolkata,0,0,none,product_launch
M0016,62,73,92242.28,1263.59,0.04718671979513699,0.005577722639117689,1.1643,1.5027,groceries,kolkata,0,0,none,product_launch
M0016,63,78,96270.68,1234.24,0.0529616472068927,0.006338348039542076,1.2888,1.3481,groceries,kolkata,0,0,none,product_launch
M0016,64,75,89821.47,1197.62,0.0580559166785526,0.006661594723708901,1.2831,1.6283,groceries,kolkata,0,0,none,product_launch
M0016,65,66,77073.97,1167.79,0.07494263325868884,0.005714573748688844,1.3708,1.0444,groceries,kolkata,0,0,none,product_launch
M0016,66,70,87351.39,1247.88,0.044380108717228486,0.005381100968286594,1.2802,1.3192,groceries,kolkata,0,0,none,product_launch
M0016,67,78,97887.45,1254.97,0.06130230214393629,0.0052137035261634115,1.3301,1.5804,groceries,kolkata,0,0,none,product_launch
M0016,68,82,100697.55,1228.02,0.06387506097192294,0.005382985433791209,1.4359,1.3477,groceries,kolkata,0,0,none,product_launch
M0016,69,80,95225.46,1190.32,0.057276526165245374,0.0051640273740339035,1.3613,1.3036,groceries,kolkata,0,0,none,product_launch
M0016,70,74,88942.74,1201.93,0.049238929063918184,0.0060305557459554345,1.3728,1.432,groceries,kolkata,0,0,none,product_launch
M0016,71,81,93315.23,1152.04,0.056112286637942335,0.005215289837246676,1.1969,1.5894,groceries,kolkata,0,0,none,product_launch
M0016,72,76,84615.55,1113.36,0.05146978192319985,0.00546249071472596,1.3111,1.4206,groceries,kolkata,0,0,none,product_launch
M0016,73,68,78565.25,1155.37,0.059705082821958,0.00694905385325932,1.1704,1.3463,groceries,kolkata,0,0,none,product_launch
M0016,74,71,88727.75,1249.69,0.052512357746584935,0.0033166224148703433,1.4475,1.4364,groceries,kolkata,0,0,none,product_launch
M0016,75,72,88082.09,1223.36,0.05064078752942985,0.005700299583394532,1.4682,1.4814,groceries,kolkata,0,0,none,product_launch
M0016,76,71,81630.82,1149.73,0.057799919261678205,0.00611853893034482,1.4586,1.0724,groceries,kolkata,0,0,none,product_launch
M0016,77,73,79148.46,1084.23,0.05397746337994462,0.007528094382312922,1.4916,1.2986,groceries,kolkata,0,0,none,product_launch
M0016,78,84,83877.3,998.54,0.05806008834134901,0.006530764212033952,1.3881,1.3946,groceries,kolkata,0,0,none,product_launch
M0016,79,79,107073.08,1355.36,0.051894636668600266,0.006401268976712963,1.1579,1.4916,groceries,kolkata,0,0,none,product_launch
M0016,80,77,91748.95,1191.54,0.055032947034380116,0.0050312549418525965,1.29,1.5005,groceries,kolkata,0,0,none,product_launch
M0016,81,77,98303.67,1276.67,0.05636882474204924,0.004676200796151492,1.159,1.4235,groceries,kolkata,0,0,none,product_launch
M0016,82,80,92959.73,1162.0,0.05770639598156781,0.00639505622059628,1.3039,0.9395,groceries,kolkata,0,0,none,product_launch
M0016,83,85,108184.67,1272.76,0.05638617505787911,0.007293317003790959,1.2925,1.5239,groceries,kolkata,0,0,none,product_launch
M0016,84,82,105185.76,1282.75,0.04759141662763291,0.005345261864112239,1.2411,1.4788,groceries,kolkata,0,0,none,product_launch
M0016,85,79,98947.37,1252.5,0.057965811167279745,0.005143033207659876,1.3794,1.3721,groceries,kolkata,0,0,none,product_launch
M0016,86,82,101095.26,1232.87,0.05024125584673005,0.0049393887541510145,1.0843,1.5532,groceries,kolkata,0,0,none,product_launch
M0016,87,73,93011.02,1274.12,0.05311902446394702,0.006086929057758407,1.2667,1.2333,groceries,kolkata,0,0,none,product_launch
M0016,88,81,100222.46,1237.31,0.04893624923204118,0.007765396556886513,1.6009,1.1864,groceries,kolkata,0,0,none,product_launch
M0016,89,78,89300.86,1144.88,0.060712825426307904,0.0048146841518984075,1.4249,1.4246,groceries,kolkata,0,0,none,product_launch
M0016,90,80,99451.72,1243.15,0.0725116118384123,0.00600159845781414,1.2243,1.5365,groceries,kolkata,0,0,none,product_launch
M0016,91,74,85468.24,1154.98,0.0585521968467561,0.005865411939097602,1.1594,1.3784,groceries,kolkata,0,0,none,product_launch
M0016,92,71,76314.61,1074.85,0.06127208163487507,0.006406823355682142,1.212,1.6027,groceries,kolkata,0,0,none,product_launch
M0016,93,68,89019.84,1309.12,0.06034274282794557,0.005036294936749845,1.2955,1.4148,groceries,kolkata,0,0,none,product_launch
M0016,94,82,100548.01,1226.2,0.05891689442965056,0.006827371511844185,1.4314,1.3472,groceries,kolkata,0,0,none,product_launch
M0016,95,76,88726.4,1167.45,0.06641982936279171,0.005298975963908858,1.2742,1.5938,groceries,kolkata,0,0,none,product_launch
M0016,96,77,92082.21,1195.87,0.044790529144367826,0.007388691885035852,1.1881,1.4496,groceries,kolkata,0,0,none,product_launch
M0016,97,86,115282.03,1340.49,0.049932105991119066,0.0056629315327977325,1.2556,1.5504,groceries,kolkata,0,0,none,product_launch
M0016,98,81,97456.13,1203.16,0.06272726502825494,0.006156509777606054,1.2689,1.3274,groceries,kolkata,0,0,none,product_launch
M0016,99,76,92962.48,1223.19,0.05706063533796265,0.0053608284193279844,1.2604,1.0634,groceries,kolkata,0,0,none,product_launch
M0016,100,81,97526.43,1204.03,0.05791162979325384,0.005468415260289125,1.5883,1.3313,groceries,kolkata,0,0,none,product_launch
M0016,101,78,98645.0,1264.68,0.05916277024704863,0.004958335756702437,1.2734,1.7696,groceries,kolkata,0,0,none,product_launch
M0016,102,78,100976.91,1294.58,0.06526774019697447,0.005317452734191063,1.2614,1.1934,groceries,kolkata,0,0,none,product_launch
M0016,103,74,97127.74,1312.54,0.05937063306914618,0.007938756341334468,1.0633,1.0971,groceries,kolkata,0,0,none,product_launch
M0016,104,73,82798.71,1134.23,0.06447639147489516,0.006947289474839814,1.2863,1.0399,groceries,kolkata,0,0,none,product_launch
M0016,105,89,113370.81,1273.83,0.05449022984501389,0.005553433371728735,1.3278,1.1978,groceries,kolkata,0,0,none,product_launch
M0016,106,79,93424.32,1182.59,0.063057702233898,0.005311037287841691,1.0348,1.5052,groceries,kolkata,0,0,none,product_launch
M0016,107,83,97116.91,1170.08,0.05439105154236482,0.006174466931722177,1.3721,1.3636,groceries,kolkata,0,0,none,product_launch
M0016,108,68,80949.38,1190.43,0.04463221219082724,0.004212598693621684,1.3802,1.2208,groceries,kolkata,0,0,none,product_launch
M0016,109,81,107014.66,1321.17,0.0552866778540366,0.0060271664217883625,1.1594,1.3117,groceries,kolkata,0,0,none,product_launch
M0016,110,79,96898.95,1226.57,0.04827746491489233,0.006079946633454024,1.149,1.5305,groceries,kolkata,0,0,none,product_launch
M0016,111,81,99609.76,1229.75,0.053074337969257174,0.005639910599403342,1.51,1.419,groceries,kolkata,0,0,none,product_launch
M0016,112,68,74494.39,1095.51,0.05111188782636387,0.007207477308504388,1.2461,1.2372,groceries,kolkata,0,0,none,product_launch
M0016,113,74,74995.79,1013.46,0.06486954807686168,0.005963424116696367,1.2165,1.5684,groceries,kolkata,0,0,none,product_launch
M0016,114,92,111757.16,1214.75,0.06933161165816266,0.0052475761377299085,1.1056,1.0307,groceries,kolkata,0,0,none,product_launch
M0016,115,68,79239.07,1165.28,0.05485795454669376,0.00566718532516706,1.5207,1.323,groceries,kolkata,0,0,none,product_launch
M0016,116,89,108716.25,1221.53,0.05395482588241826,0.004888765151524195,1.1461,1.3417,groceries,kolkata,0,0,none,product_launch
M0016,117,76,87358.28,1149.45,0.05683962853398676,0.006097853887442377,1.047,1.3289,groceries,kolkata,0,0,none,product_launch
M0016,118,66,82548.49,1250.73,0.0545505289536054,0.005773167527129792,1.4327,1.1353,groceries,kolkata,0,0,none,product_launch
M0016,119,74,84238.73,1138.36,0.0483799860170585,0.005676384752351593,1.3466,1.1644,groceries,kolkata,0,0,none,product_launch
M0016,120,81,90710.29,1119.88,0.052734374874094735,0.005817557354540702,1.3596,1.2596,groceries,kolkata,0,0,none,product_launch
M0016,121,69,82693.47,1198.46,0.060121895890424576,0.006219527097530079,1.4488,1.1681,groceries,kolkata,0,0,none,product_launch
M0016,122,89,108928.31,1223.91,0.04495902720694811,0.005908895467177765,1.3074,1.1719,groceries,kolkata,0,0,none,product_launch
M0016,123,78,85796.92,1099.96,0.04450603636256841,0.005602216818768549,1.32,1.6688,groceries,kolkata,0,0,none,product_launch
M0016,124,85,110864.21,1304.28,0.06248405808544096,0.007040502090875152,1.299,1.6121,groceries,kolkata,0,0,none,product_launch
M0016,125,83,85134.71,1025.72,0.05969000116464898,0.004333646841445004,1.2663,1.4944,groceries,kolkata,0,0,none,product_launch
M0016,126,66,73037.8,1106.63,0.05611607921262592,0.004341878044048429,1.4354,1.522,groceries,kolkata,0,0,none,product_launch
M0016,127,79,93631.2,1185.21,0.04816343206901304,0.0050250366570453245,1.3314,1.4939,groceries,kolkata,0,0,none,product_launch
M0016,128,65,72656.31,1117.79,0.058220446577519895,0.006182707360894159,1.3938,1.2544,groceries,kolkata,0,0,none,product_launch
M0016,129,75,99315.69,1324.21,0.043322741801668764,0.005294462520850418,1.2746,1.4394,groceries,kolkata,0,0,none,product_launch
M0016,130,84,107084.22,1274.81,0.0562179390773518,0.006402396059629441,1.3838,1.3616,groceries,kolkata,0,0,none,product_launch
M0016,131,89,107475.58,1207.59,0.06773544803184381,0.006190239224575597,1.4365,1.3756,groceries,kolkata,0,0,none,product_launch
M0016,132,71,87199.49,1228.16,0.05168566332167147,0.005418471912361362,1.3757,1.2049,groceries,kolkata,0,0,none,product_launch
M0016,133,77,91795.14,1192.14,0.04659710556827549,0.006361939536715061,1.3841,1.4114,groceries,kolkata,0,0,none,product_launch
M0016,134,76,91316.08,1201.53,0.05649537663386417,0.0064097766765722495,1.279,1.1069,groceries,kolkata,0,0,none,product_launch
M0016,135,76,91967.51,1210.1,0.05945647834110748,0.006424834503944006,1.1937,1.301,groceries,kolkata,0,0,none,product_launch
M0016,136,76,85467.08,1124.57,0.04476825262655474,0.005050697977932687,1.2435,1.5461,groceries,kolkata,0,0,none,product_launch
M0016,137,77,93618.52,1215.82,0.05160948609583205,0.005875126546287244,1.3803,1.5624,groceries,kolkata,0,0,none,product_launch
M0016,138,82,101142.03,1233.44,0.0645041575323502,0.00691517190090393,0.9281,1.371,groceries,kolkata,0,0,none,product_launch
M0016,139,84,104163.77,1240.04,0.06270329992716066,0.005628560879193889,1.4296,1.4113,groceries,kolkata,0,0,none,product_launch
M0016,140,66,79066.79,1197.98,0.05822450851597465,0.006335228807518761,1.1713,1.2295,groceries,kolkata,0,0,none,product_launch
M0016,141,86,103546.58,1204.03,0.05595527099260621,0.004999443838015118,1.089,1.357,groceries,kolkata,0,0,none,product_launch
M0016,142,77,87397.18,1135.03,0.05658986946345565,0.006044028371376766,1.2718,1.4147,groceries,kolkata,0,0,none,product_launch
M0016,143,85,99688.08,1172.8,0.049950334286896346,0.00591295647354604,1.1732,1.498,groceries,kolkata,0,0,none,product_launch
M0016,144,86,103782.15,1206.77,0.06416077236334647,0.005641177483833918,1.3026,1.3201,groceries,kolkata,0,0,none,product_launch
M0016,145,88,95146.6,1081.21,0.055731547179423684,0.006628692877028435,1.2373,1.397,groceries,kolkata,0,0,none,product_launch
M0016,146,75,95460.47,1272.81,0.0560321103572719,0.005448763361929822,1.3574,1.5468,groceries,kolkata,0,0,none,product_launch
M0016,147,84,109151.69,1299.42,0.062117814750748665,0.006233277552922017,1.2329,1.1929,groceries,kolkata,0,0,none,product_launch
M0016,148,75,84906.46,1132.09,0.05710385984377848,0.005282906989347964,1.2939,1.276,groceries,kolkata,0,0,none,product_launch
M0016,149,73,78641.78,1077.28,0.06843762260291966,0.00656751853801509,1.4753,1.5323,groceries,kolkata,0,0,none,product_launch
M0016,150,81,96027.67,1185.53,0.04840552066916155,0.006945189760004994,1.2846,1.162,groceries,kolkata,0,0,none,product_launch
M0016,151,77,87446.89,1135.67,0.062261712924440556,0.0055262683140707945,1.2648,1.2873,groceries,kolkata,0,0,none,product_launch
M0016,152,93,110775.56,1191.14,0.046029256241281666,0.006880125963923014,1.3006,1.4468,groceries,kolkata,0,0,none,product_launch
M0016,153,81,100089.76,1235.68,0.05445957395979897,0.0043771309733674066,1.1456,1.2466,groceries,kolkata,0,0,none,product_launch
M0016,154,71,89151.95,1255.66,0.05882234908872643,0.005044606503994394,1.1903,1.43,groceries,kolkata,0,0,none,product_launch
M0016,155,73,81024.97,1109.93,0.061337147259983474,0.007122926248226624,0.9789,1.2532,groceries,kolkata,0,0,none,product_launch
M0016,156,75,86343.18,1151.24,0.059250598900107136,0.005844354112769204,1.3263,1.3439,groceries,kolkata,0,0,none,product_launch
M0016,157,79,100743.38,1275.23,0.06941477983518067,0.004651795772224743,1.3036,1.546,groceries,kolkata,0,0,none,product_launch
M0016,158,78,94716.57,1214.32,0.057538307268840246,0.006369854923320356,1.3165,1.2859,groceries,kolkata,0,0,none,product_launch
M0016,159,87,107569.49,1236.43,0.053434670966897614,0.005448794648636928,1.3034,1.4484,groceries,kolkata,0,0,none,product_launch
M0016,160,63,74047.07,1175.35,0.0659926012326705,0.005937455219698225,1.0586,1.001,groceries,kolkata,0,0,none,product_launch
M0016,161,76,82854.25,1090.19,0.05301771780980916,0.005077284883256579,1.4532,1.5023,groceries,kolkata,0,0,none,product_launch
M0016,162,80,91796.85,1147.46,0.0632443849009517,0.007067190111402374,1.225,1.4495,groceries,kolkata,0,0,none,product_launch
M0016,163,75,98978.36,1319.71,0.053867795676158604,0.005265374542982848,1.2841,1.3535,groceries,kolkata,0,0,none,product_launch
M0016,164,73,73289.92,1003.97,0.06637060202000991,0.005261483359337958,1.3415,1.0218,groceries,kolkata,0,1,launch,product_launch
M0016,165,81,101210.12,1249.51,0.06447492336344969,0.005440966137375065,1.2976,1.4441,groceries,kolkata,0,1,launch,product_launch
M0016,166,92,109243.26,1187.43,0.058863799039931136,0.006120579555550478,1.4166,1.3557,groceries,kolkata,0,1,launch,product_launch
M0016,167,84,94749.66,1127.97,0.052159687911850744,0.005206800193915975,1.4071,1.4856,electronics,kolkata,0,1,launch,product_launch
M0016,168,90,109341.27,1214.9,0.04873865517045294,0.005421099916103886,1.4595,1.2359,groceries,kolkata,0,1,launch,product_launch
M0016,169,83,95522.16,1150.87,0.07450719087081178,0.006492914668422224,1.3341,1.5415,groceries,kolkata,0,1,launch,product_launch
M0016,170,90,103708.28,1152.31,0.05471196290608428,0.004340638395588741,1.3536,1.2367,groceries,kolkata,0,1,launch,product_launch
M0016,171,93,106469.71,1144.84,0.06192849802420048,0.005469791095249012,1.3719,1.4321,groceries,kolkata,0,1,launch,product_launch
M0016,172,95,128951.63,1357.39,0.047831902674925375,0.00618055296852951,1.386,1.4649,groceries,kolkata,0,1,launch,product_launch
M0016,173,100,116840.45,1168.4,0.05263413722998675,0.005480294782009589,1.3209,1.212,groceries,kolkata,0,1,launch,product_launch
M0016,174,94,111872.71,1190.14,0.07188966153407857,0.004943377589503459,1.4018,1.4173,groceries,kolkata,0,1,launch,product_launch
M0016,175,115,131797.73,1146.07,0.06819696667736018,0.005210920734098246,1.2995,1.4349,groceries,kolkata,0,1,launch,product_launch
M0016,176,96,114586.39,1193.61,0.056870218643825764,0.006232344672562109,1.3429,1.1837,groceries,kolkata,0,1,launch,product_launch
M0016,177,106,121444.65,1145.7,0.05161431647856549,0.004153576938131009,1.4463,1.2909,groceries,kolkata,0,1,launch,product_launch
M0016,178,99,132290.53,1336.27,0.05267232161991225,0.004676153084640756,1.4437,1.1758,groceries,kolkata,0,1,launch,product_launch
M0016,179,91,105080.81,1154.73,0.058734952792595746,0.005102458457092479,1.2933,1.4306,groceries,kolkata,0,1,launch,product_launch
M0016,180,109,132383.25,1214.53,0.05085883590582686,0.005576644394505333,1.1827,1.466,groceries,kolkata,0,1,launch,product_launch
M0016,181,100,119902.58,1199.03,0.058682198377264995,0.005414567570896415,1.3433,1.5562,electronics,kolkata,0,1,launch,product_launch
M0016,182,96,116179.47,1210.2,0.06920970028904362,0.007002913518817098,1.4743,1.4062,groceries,kolkata,0,1,launch,product_launch
M0016,183,105,119505.33,1138.15,0.046074000648369175,0.00683739119102856,1.3543,1.4257,electronics,kolkata,0,1,launch,product_launch
M0016,184,101,116460.32,1153.07,0.04395439375907815,0.006555761628835735,1.5249,1.1035,groceries,kolkata,0,1,launch,product_launch
M0016,185,93,115146.64,1238.14,0.06425499860027484,0.004179499377317786,1.401,1.3193,groceries,kolkata,0,1,launch,product_launch
M0016,186,104,124053.15,1192.82,0.046561801080707246,0.005490516683689324,1.3356,1.4038,groceries,kolkata,0,1,launch,product_launch
M0016,187,117,138455.27,1183.38,0.05666672936766173,0.005204397385377114,1.3224,1.4649,electronics,kolkata,0,1,launch,product_launch
M0016,188,90,125244.24,1391.6,0.0431487271416425,0.005127519625231568,1.185,1.4319,electronics,kolkata,0,1,launch,product_launch
M0016,189,100,119428.71,1194.29,0.05102269300116734,0.005353587494970695,1.3771,1.3556,groceries,kolkata,0,1,launch,product_launch
M0016,190,105,133462.3,1271.07,0.06624997585949761,0.005483571282257718,1.3725,1.3617,groceries,kolkata,0,1,launch,product_launch
M0016,191,109,124000.29,1137.62,0.047292298033393916,0.004690057448171833,1.2603,1.5176,groceries,kolkata,0,1,launch,product_launch
M0016,192,95,119106.36,1253.75,0.0450019228156646,0.005186369483346388,1.4411,1.3087,groceries,kolkata,0,1,launch,product_launch
M0016,193,99,116970.75,1181.52,0.05790297141971496,0.005820051935465519,1.455,1.3658,groceries,kolkata,0,1,launch,product_launch
M0016,194,90,112578.17,1250.87,0.06379311665011549,0.007039649262996438,1.341,1.494,groceries,kolkata,0,1,launch,product_launch
M0016,195,105,122441.93,1166.11,0.057604107591646005,0.005145552646476526,1.3612,1.2997,groceries,kolkata,0,1,launch,product_launch
M0016,196,107,127789.62,1194.3,0.035527067009200365,0.0066665192127159465,1.6446,1.4165,groceries,kolkata,0,1,launch,product_launch
M0016,197,104,131932.47,1268.58,0.06199014556897126,0.006185040381378952,1.3773,1.4733,groceries,kolkata,0,1,launch,product_launch
M0016,198,120,147381.22,1228.18,0.05984037975293996,0.006324515588321965,1.4691,1.4357,groceries,kolkata,0,1,launch,product_launch
M0016,199,98,114269.92,1166.02,0.04565861051866107,0.0058838019035849735,1.3446,1.3407,groceries,kolkata,0,1,launch,product_launch
M0016,200,92,99842.18,1085.24,0.058370440933021094,0.005813900819770194,1.5553,1.4204,groceries,kolkata,0,1,launch,product_launch
M0016,201,104,120236.3,1156.12,0.04962770301022,0.004320696926261757,1.3508,1.4795,groceries,kolkata,0,1,launch,product_launch
M0016,202,85,103397.4,1216.44,0.05828877624713729,0.006146445169889887,1.5215,1.4432,groceries,kolkata,0,1,launch,product_launch
M0016,203,117,157799.09,1348.71,0.05447080060399649,0.005262243888233453,1.2609,1.5794,groceries,kolkata,0,1,launch,product_launch
M0016,204,91,108472.69,1192.01,0.055820782279005596,0.0052259713500280355,1.4665,1.3923,groceries,kolkata,0,1,launch,product_launch
M0016,205,93,108953.44,1171.54,0.04573567131506795,0.006300513386998577,1.4957,1.5348,groceries,kolkata,0,1,launch,product_launch
M0016,206,101,125775.21,1245.3,0.05775682714523786,0.006472946820537017,1.4881,1.3517,groceries,kolkata,0,1,launch,product_launch
M0016,207,106,125944.07,1188.15,0.054898407448257025,0.00573514436239873,1.3326,1.4954,groceries,kolkata,0,1,launch,product_launch
M0016,208,105,122154.04,1163.37,0.06703456357439537,0.004802342537318703,1.4446,1.5901,groceries,kolkata,0,1,launch,product_launch
M0016,209,88,116797.22,1327.24,0.06451234614611998,0.005169605404113449,1.5567,1.4703,groceries,kolkata,0,1,launch,product_launch
M0016,210,113,135969.09,1203.27,0.06448640922762947,0.006398983771277514,1.5376,1.2698,groceries,kolkata,0,1,launch,product_launch
M0016,211,119,135963.54,1142.55,0.049684925922654194,0.00557718454952039,1.51,1.5812,groceries,kolkata,0,1,launch,product_launch
M0016,212,96,116731.54,1215.95,0.049812024131793906,0.00687010681380151,1.3904,1.3113,groceries,kolkata,0,1,launch,product_launch
M0016,213,111,128637.23,1158.89,0.06151378807879157,0.005054142056704256,1.2502,1.3594,groceries,kolkata,0,1,launch,product_launch
M0016,214,108,123551.36,1143.99,0.06103502607475997,0.005327429490743908,1.4258,1.3639,groceries,kolkata,0,1,launch,product_launch
M0016,215,93,113611.06,1221.62,0.05098296795551351,0.005871863578446224,1.3959,1.5385,groceries,kolkata,0,1,launch,product_launch
M0016,216,97,121893.63,1256.64,0.055113662443611995,0.006991446320344547,1.5098,1.3997,groceries,kolkata,0,1,launch,product_launch
M0016,217,95,99492.06,1047.28,0.05949903098505525,0.005079125852708172,1.3766,1.4247,groceries,kolkata,0,1,launch,product_launch
M0016,218,101,126231.69,1249.82,0.05032715259442864,0.005982775404578108,1.5113,1.4812,groceries,kolkata,0,1,launch,product_launch
M0016,219,121,157191.17,1299.1,0.05919215887293147,0.003913033209202773,1.4859,1.4384,groceries,kolkata,0,1,launch,product_launch
M0016,220,99,112221.8,1133.55,0.07873575295852438,0.00622510540241788,1.4911,1.3789,groceries,kolkata,0,1,launch,product_launch
M0016,221,112,135123.47,1206.46,0.059540182986118184,0.0050438507828860675,1.4364,1.3415,electronics,kolkata,0,1,launch,product_launch
M0016,222,102,132258.92,1296.66,0.05467783856349589,0.0055638494331418965,1.3842,1.6141,groceries,kolkata,0,1,launch,product_launch
M0016,223,104,123233.76,1184.94,0.06481635072069916,0.0052918725102846535,1.3147,1.4328,groceries,kolkata,0,1,launch,product_launch
M0016,224,111,141445.53,1274.28,0.0698936059810284,0.006888718334584655,1.553,1.2973,groceries,kolkata,0,1,launch,product_launch
M0016,225,111,122808.44,1106.38,0.055550607876106065,0.006246541299800567,1.4797,1.3062,electronics,kolkata,0,1,launch,product_launch
M0016,226,93,112307.77,1207.61,0.03926612698269606,0.006948448510650418,1.4324,1.5051,groceries,kolkata,0,1,launch,product_launch
M0016,227,99,123856.82,1251.08,0.05611300200458125,0.005113316850462333,1.4384,1.2093,groceries,kolkata,0,1,launch,product_launch
M0016,228,92,102077.87,1109.54,0.05096622144179744,0.0065334574283862,1.3515,1.2354,groceries,kolkata,0,1,launch,product_launch
M0016,229,94,118747.35,1263.27,0.057717741263420524,0.005809858972875507,1.3733,1.5852,electronics,kolkata,0,1,launch,product_launch
M0016,230,109,123276.25,1130.97,0.055323659653789575,0.005195707126421457,1.3968,1.2629,groceries,kolkata,0,1,launch,product_launch
M0016,231,104,117299.78,1127.88,0.06405949928285044,0.0034641313922534347,1.2937,1.4359,groceries,kolkata,0,1,launch,product_launch
M0016,232,84,98698.39,1174.98,0.048598244478635665,0.004802843720440827,1.5824,1.5653,electronics,kolkata,0,1,launch,product_launch
M0016,233,99,129135.56,1304.4,0.051616847935823246,0.005463348888634321,1.3747,1.4475,groceries,kolkata,0,1,launch,product_launch
M0016,234,100,126210.7,1262.11,0.05012054343995897,0.005029996387504835,1.3623,1.3875,groceries,kolkata,0,1,launch,product_launch
M0016,235,79,94846.02,1200.58,0.04609857762652768,0.004051986996578301,1.5022,1.2472,groceries,kolkata,0,1,launch,product_launch
M0016,236,93,109897.03,1181.69,0.04225192213881926,0.007503342696015122,1.3385,1.4739,groceries,kolkata,0,1,launch,product_launch
M0016,237,103,131738.12,1279.01,0.05604013276205693,0.005245641260569506,1.4247,1.458,groceries,kolkata,0,1,launch,product_launch
M0016,238,96,113388.51,1181.13,0.053503524467215735,0.005946780604838172,1.4101,1.3075,groceries,kolkata,0,1,launch,product_launch
M0016,239,95,124716.63,1312.81,0.05385370817805733,0.004684897895098062,1.3933,1.2011,groceries,kolkata,0,1,launch,product_launch
M0017,0,32,41594.01,1299.81,0.013078267362792651,0.006664284172501409,1.3171,1.5039,digital_goods,delhi,0,0,none,product_launch
M0017,1,23,29651.48,1289.19,0.01330663159885308,0.0060550295498857515,1.288,1.3091,digital_goods,delhi,0,0,none,product_launch
M0017,2,25,32561.99,1302.48,0.015302106613835206,0.0059482662051755135,1.105,1.2368,digital_goods,delhi,0,0,none,product_launch
M0017,3,27,33960.78,1257.81,0.012911981253860368,0.007267623026967708,1.2039,1.6707,digital_goods,delhi,0,0,none,product_launch
M0017,4,28,35380.57,1263.59,0.01584363861750667,0.005815123647344949,1.3452,1.315,digital_goods,delhi,0,0,none,product_launch
M0017,5,28,36561.57,1305.77,0.018288721632426334,0.006639655128367768,1.078,1.0934,digital_goods,delhi,0,0,none,product_launch
M0017,6,24,31834.43,1326.43,0.018441398879691498,0.005624246121005374,1.3858,1.4435,digital_goods,delhi,0,0,none,product_launch
M0017,7,23,29793.0,1295.35,0.015176480183171368,0.005327082349175203,1.0634,1.0862,digital_goods,delhi,0,0,none,product_launch
M0017,8,32,40391.28,1262.23,0.01542051145030015,0.005797594646472,1.4337,1.7304,digital_goods,delhi,0,0,none,product_launch
M0017,9,27,42614.73,1578.32,0.015464478117074009,0.005894172863311742,1.3559,0.8252,digital_goods,delhi,0,0,none,product_launch
M0017,10,23,29267.89,1272.52,0.014929931835931248,0.006027530094988678,1.2653,1.0862,digital_goods,delhi,0,0,none,product_launch
M0017,11,30,32110.43,1070.35,0.014353979736869641,0.005978217549732334,0.9034,1.2591,digital_goods,delhi,0,0,none,product_launch
M0017,12,27,34431.37,1275.24,0.017925960820667924,0.0059312732109980905,1.2872,0.6745,digital_goods,delhi,0,0,none,product_launch
M0017,13,26,35593.52,1368.98,0.01696627015750974,0.0054778131810699175,1.3024,1.2457,digital_goods,delhi,0,0,none,product_launch
M0017,14,32,42318.81,1322.46,0.014290346334945012,0.006266970500539746,1.6089,1.1674,digital_goods,delhi,0,0,none,product_launch
M0017,15,25,30624.8,1224.99,0.015443255676904083,0.005704384313505511,1.105,1.2613,digital_goods,delhi,0,0,none,product_launch
M0017,16,30,38749.15,1291.64,0.013997342014789381,0.004066335117865562,1.3449,0.8125,digital_goods,delhi,0,0,none,product_launch
M0017,17,25,31226.05,1249.04,0.018592622021623203,0.00548603874325699,1.1605,0.8702,digital_goods,delhi,0,0,none,product_launch
M0017,18,24,29623.06,1234.29,0.014673489175969372,0.007837605442884898,1.436,1.7324,digital_goods,delhi,0,0,none,product_launch
M0017,19,30,41238.72,1374.62,0.014710143716157125,0.006285495283310822,0.9928,0.7489,digital_goods,delhi,0,0,none,product_launch
M0017,20,28,35807.79,1278.85,0.014326953754351156,0.006449817760456829,1.2468,1.3953,digital_goods,delhi,0,0,none,product_launch
M0017,21,27,36985.25,1369.82,0.015756187462750197,0.0057132063099372705,1.3066,1.4474,digital_goods,delhi,0,0,none,product_launch
M0017,22,27,39372.17,1458.23,0.018733161786284175,0.007115826113059529,1.2359,0.7259,digital_goods,delhi,0,0,none,product_launch
M0017,23,26,31308.08,1204.16,0.012123252520638502,0.008215175988128197,1.1923,1.0961,digital_goods,delhi,0,0,none,product_launch
M0017,24,31,41918.29,1352.2,0.015830249743209398,0.005475558851931925,1.1992,1.5152,digital_goods,delhi,0,0,none,product_launch
M0017,25,29,37032.02,1276.97,0.017291558130115455,0.006133634754626782,1.4371,1.2948,digital_goods,delhi,0,0,none,product_launch
M0017,26,29,41041.12,1415.21,0.015577307808181414,0.005276155177533983,0.7834,1.2948,digital_goods,delhi,0,0,none,product_launch
M0017,27,29,35056.09,1208.83,0.01819066368861302,0.006733083789155998,1.2684,1.4849,digital_goods,delhi,0,0,none,product_launch
M0017,28,25,35713.95,1428.56,0.018595521047387768,0.006634250285481474,1.2571,0.7668,digital_goods,delhi,0,0,none,product_launch
M0017,29,28,33744.47,1205.16,0.01545200392976312,0.006866242602843541,1.1857,1.3953,digital_goods,delhi,0,0,none,product_launch
M0017,30,28,34923.47,1247.27,0.017171077151574135,0.006871517027637066,1.177,1.2574,digital_goods,delhi,0,0,none,product_launch
M0017,31,26,32334.73,1243.64,0.013695597296682953,0.005610344745291609,0.9796,1.3523,digital_goods,delhi,0,0,none,product_launch
M0017,32,25,33967.84,1358.71,0.019140275409569477,0.005695788488599573,0.9257,1.1605,digital_goods,delhi,0,0,none,product_launch
M0017,33,27,37451.14,1387.08,0.01518518529330293,0.007366815979115502,1.0184,1.3767,digital_goods,delhi,0,0,none,product_launch
M0017,34,31,41540.54,1340.02,0.013872043315044472,0.006670850453842547,0.9288,1.2608,digital_goods,delhi,0,0,none,product_launch
M0017,35,28,34011.4,1214.69,0.013411430021324073,0.006037502209803469,1.4403,0.6082,digital_goods,delhi,0,0,none,product_launch
M0017,36,27,36973.86,1369.4,0.014617742797017897,0.006925845511050349,1.4266,1.1211,digital_goods,delhi,0,0,none,product_launch
M0017,37,27,34828.26,1289.94,0.014445250058429112,0.0071855732618317965,1.3034,1.4281,digital_goods,delhi,0,0,none,product_launch
M0017,38,29,36136.15,1246.07,0.013040598759499986,0.00736012632210704,1.2879,1.1398,digital_goods,delhi,0,0,none,product_launch
M0017,39,29,37459.47,1291.71,0.014651736636257297,0.005572407757265008,0.9714,1.4299,digital_goods,delhi,0,0,none,product_launch
M0017,40,25,35512.62,1420.5,0.014769892854703764,0.005839612592248114,1.2613,1.4277,digital_goods,delhi,0,0,none,product_launch
M0017,41,27,36307.11,1344.71,0.012636459150877178,0.005492657988079056,1.2678,1.2149,digital_goods,delhi,0,0,none,product_launch
M0017,42,27,38639.71,1431.1,0.014058989357149655,0.006810557352170582,0.9547,0.6551,digital_goods,delhi,0,0,none,product_launch
M0017,43,28,35434.63,1265.52,0.015771898031662897,0.0055798969467640985,1.4282,1.1429,digital_goods,delhi,0,0,none,product_launch
M0017,44,30,36674.12,1222.47,0.01615153318903894,0.006445391472383253,1.1268,1.2018,digital_goods,delhi,0,0,none,product_launch
M0017,45,32,45523.31,1422.6,0.017643230602303047,0.0055753688556231,1.4942,0.9956,digital_goods,delhi,0,0,none,product_launch
M0017,46,21,28212.64,1343.46,0.015619670870555056,0.007228773112483617,1.0442,0.7751,digital_goods,delhi,0,0,none,product_launch
M0017,47,27,34327.97,1271.41,0.015395701486617624,0.005386019678197468,1.1211,1.3448,digital_goods,delhi,0,0,none,product_launch
M0017,48,27,34763.93,1287.55,0.017981102600504197,0.0038826410700577947,1.1955,1.4093,digital_goods,delhi,0,0,none,product_launch
M0017,49,29,38259.92,1319.31,0.013571804589217019,0.0053125364880299624,1.324,1.092,digital_goods,delhi,0,0,none,product_launch
M0017,50,25,31033.62,1241.34,0.015172855402678452,0.007160517216080471,1.4206,1.3335,digital_goods,delhi,0,0,none,product_launch
M0017,51,27,35345.08,1309.08,0.015936825813055947,0.006597301521138524,0.9797,1.3767,digital_goods,delhi,0,0,none,product_launch
M0017,52,28,39577.18,1413.47,0.013377285803465129,0.006012435939503397,1.4172,1.1857,digital_goods,delhi,0,0,none,product_launch
M0017,53,26,32089.2,1234.2,0.01602075151323164,0.006453067152025938,1.3557,1.4251,digital_goods,delhi,0,0,none,product_launch
M0017,54,27,39290.98,1455.22,0.01898174960862843,0.005034310301111717,0.9034,0.8765,digital_goods,delhi,0,0,none,product_launch
M0017,55,29,39606.15,1365.73,0.012190667288167964,0.004176312469498719,1.5183,1.3718,digital_goods,delhi,0,0,none,product_launch
M0017,56,23,30298.61,1317.33,0.018844034201407893,0.005299808881492323,1.5668,1.0862,digital_goods,delhi,0,0,none,product_launch
M0017,57,27,35831.34,1327.09,0.011129200399467893,0.006235479423635265,1.0698,1.2149,digital_goods,delhi,0,0,none,product_launch
M0017,58,28,36484.08,1303.0,0.01751371791046283,0.005795088019285506,1.3303,1.4629,digital_goods,delhi,0,0,none,product_launch
M0017,59,29,38352.09,1322.49,0.014413317870102528,0.006099753630936645,1.143,1.2767,digital_goods,delhi,0,0,none,product_launch
M0017,60,25,32135.34,1285.41,0.015943283848834696,0.006912447961316661,1.1259,1.2571,digital_goods,delhi,0,0,none,product_launch
M0017,61,25,32752.49,1310.1,0.01689524475628497,0.005637497022474659,1.2017,1.0269,digital_goods,delhi,0,0,none,product_launch
M0017,62,29,36170.21,1247.25,0.015575342288495607,0.007274960745998604,1.3713,1.1579,digital_goods,delhi,0,0,none,product_launch
M0017,63,31,41291.1,1331.97,0.015602269909839336,0.006952260267429583,1.3524,0.9288,digital_goods,delhi,0,0,none,product_launch
M0017,64,26,36199.27,1392.28,0.0156507546475322,0.005095808160736923,1.1521,1.3919,digital_goods,delhi,0,0,none,product_launch
M0017,65,29,40904.43,1410.5,0.015711510770091527,0.006398517826679418,1.2206,1.1514,digital_goods,delhi,0,0,none,product_launch
M0017,66,30,38846.88,1294.9,0.014661046391757648,0.005776661393892588,1.3077,1.5929,digital_goods,delhi,0,0,none,product_launch
M0017,67,24,31209.76,1300.41,0.015479771675125601,0.005061582283213296,0.9761,1.4653,digital_goods,delhi,0,0,none,product_launch
M0017,68,26,29006.37,1115.63,0.013509215960009178,0.006186325566774096,1.2652,0.7736,digital_goods,delhi,0,0,none,product_launch
M0017,69,25,28249.64,1129.99,0.014258683797187843,0.0049127051464949,1.2017,0.7668,digital_goods,delhi,0,0,none,product_launch
M0017,70,26,33278.25,1279.93,0.018989335620486793,0.0063605098367910205,0.7937,1.4453,digital_goods,delhi,0,0,none,product_launch
M0017,71,28,36206.41,1293.09,0.016076646532441556,0.0064481130007569614,1.4134,1.0252,digital_goods,delhi,0,0,none,product_launch
M0017,72,31,37895.72,1222.44,0.017508854651488975,0.006763546823749888,1.0167,0.9288,digital_goods,delhi,0,0,none,product_launch
M0017,73,27,41176.75,1525.06,0.013389044776035716,0.006204133843361384,0.9034,1.3254,digital_goods,delhi,0,0,none,product_launch
M0017,74,27,34591.67,1281.17,0.011152180937850071,0.004869275181289435,1.4833,1.0504,digital_goods,delhi,0,0,none,product_launch
M0017,75,25,33986.85,1359.47,0.012982216005778155,0.004112851847264079,1.6438,1.617,digital_goods,delhi,0,0,none,product_launch
M0017,76,28,38056.68,1359.17,0.016781419424972337,0.006685113380014933,1.1175,1.167,digital_goods,delhi,0,0,none,product_launch
M0017,77,26,32089.97,1234.23,0.015326692063772017,0.005070118563537705,1.3225,1.409,digital_goods,delhi,0,0,none,product_launch
M0017,78,28,34930.02,1247.5,0.014160325792888884,0.005172378092660783,1.5297,0.9944,digital_goods,delhi,0,0,none,product_launch
M0017,79,29,40539.19,1397.9,0.01281609334268669,0.005397198851312023,0.9964,1.2289,digital_goods,delhi,0,0,none,product_launch
M0017,80,31,38715.77,1248.9,0.018001532749308796,0.004871630011468395,1.3993,1.2886,digital_goods,delhi,0,0,none,product_launch
M0017,81,26,34501.64,1326.99,0.016218220506133953,0.005428499312767463,1.2457,0.9998,digital_goods,delhi,0,0,none,product_launch
M0017,82,28,40986.97,1463.82,0.018817064927311094,0.006792148019476472,1.1088,1.5349,digital_goods,delhi,0,0,none,product_launch
M0017,83,25,30728.72,1229.15,0.015927591372861462,0.006212985380203225,0.9257,1.4219,digital_goods,delhi,0,0,none,product_launch
M0017,84,27,35983.08,1332.71,0.014179423427610612,0.006395646189602027,1.5794,0.9797,digital_goods,delhi,0,0,none,product_launch
M0017,85,29,39029.37,1345.84,0.011472829053084293,0.007603976809158979,1.092,1.0623,digital_goods,delhi,0,0,none,product_launch
M0017,86,24,33524.52,1396.86,0.015370271208928182,0.004525024365844746,1.1346,1.2141,digital_goods,delhi,0,0,none,product_launch
M0017,87,25,30226.23,1209.05,0.016697785048370224,0.008398001850929792,1.3722,1.1378,digital_goods,delhi,0,0,none,product_launch
M0017,88,25,32457.73,1298.31,0.015064543860884409,0.004697184282656407,1.3513,1.7202,digital_goods,delhi,0,0,none,product_launch
M0017,89,26,34372.09,1322.0,0.013904821931345604,0.0057837325501489,1.077,1.3718,digital_goods,delhi,0,0,none,product_launch
M0017,90,30,35188.15,1172.94,0.015941489586861795,0.0057682461862570665,1.426,1.5528,digital_goods,delhi,0,0,none,product_launch
M0017,91,28,38522.36,1375.8,0.016142354711014734,0.006138057215197947,1.0252,1.61,digital_goods,delhi,0,0,none,product_launch
M0017,92,32,42252.25,1320.38,0.016041622776975552,0.007630966884189889,1.212,1.1915,digital_goods,delhi,0,0,none,product_launch
M0017,93,26,33485.47,1287.9,0.01367843466716474,0.007301906502411448,1.0857,0.9796,digital_goods,delhi,0,0,none,product_launch
M0017,94,30,37891.52,1263.05,0.015910721738927207,0.00654197998963665,1.2018,1.5647,digital_goods,delhi,0,0,none,product_launch
M0017,95,24,31103.99,1296.0,0.015157907053104252,0.007053831238726023,1.5313,1.0557,digital_goods,delhi,0,0,none,product_launch
M0017,96,29,36014.56,1241.88,0.013446538977971673,0.0066231010423122945,1.3713,1.5147,digital_goods,delhi,0,0,none,product_launch
M0017,97,28,32867.5,1173.84,0.018212315319319876,0.006034990201497547,1.1857,0.8816,digital_goods,delhi,0,0,none,product_launch
M0017,98,30,37058.57,1235.29,0.01389571046706169,0.0064667827746372,1.3798,1.3723,digital_goods,delhi,0,0,none,product_launch
M0017,99,24,29752.62,1239.69,0.013228633888009851,0.006724808413085477,1.1389,1.5359,digital_goods,delhi,0,0,none,product_launch
M0017,100,23,31120.94,1353.08,0.015041008155510821,0.006751369609146069,1.2277,1.3483,digital_goods,delhi,0,0,none,product_launch
M0017,101,31,41736.03,1346.32,0.015150009210241113,0.005907088060139041,1.1713,1.1823,digital_goods,delhi,0,0,none,product_launch
M0017,102,23,28700.37,1247.84,0.014621971329732732,0.006975706174285316,1.4837,1.5979,digital_goods,delhi,0,0,none,product_launch
M0017,103,32,37111.3,1159.73,0.017352666324977173,0.006818010417777006,1.1708,1.668,digital_goods,delhi,0,0,none,product_launch
M0017,104,24,29642.75,1235.11,0.016802965997088824,0.007749601507003365,1.328,0.8729,digital_goods,delhi,0,0,none,product_launch
M0017,105,26,33469.4,1287.28,0.016816725485535203,0.005760588952953991,1.2491,0.9537,digital_goods,delhi,0,0,none,product_launch
M0017,106,24,33283.76,1386.82,0.01630562517771683,0.006492552348219041,1.0768,1.6827,digital_goods,delhi,0,0,none,product_launch
M0017,107,25,36244.46,1449.78,0.017166321988030624,0.006673873386571797,1.5825,1.4983,digital_goods,delhi,0,0,none,product_launch
M0017,108,26,33121.71,1273.91,0.0148098728015118,0.005538999675725189,1.245,1.4624,digital_goods,delhi,0,0,none,product_launch
M0017,109,28,35555.95,1269.86,0.013910988049026253,0.003244329305793144,1.2574,1.4816,digital_goods,delhi,0,0,none,product_launch
M0017,110,28,35189.79,1256.78,0.01598327710527061,0.006722766588052798,1.2079,1.3256,digital_goods,delhi,0,0,none,product_launch
M0017,111,28,39651.14,1416.11,0.015890509543049196,0.005647213830164181,1.2963,1.902,digital_goods,delhi,0,0,none,product_launch
M0017,112,27,36946.99,1368.41,0.017368692776880357,0.005512301375217431,1.3961,0.7259,digital_goods,delhi,0,0,none,product_launch
M0017,113,28,40767.0,1455.96,0.012957771926389859,0.005659409785754776,1.4975,1.4321,digital_goods,delhi,0,0,none,product_launch
M0017,114,25,31958.23,1278.33,0.012818430632429397,0.004999364827542718,1.1814,0.6615,digital_goods,delhi,0,0,none,product_launch
M0017,115,28,35535.92,1269.14,0.015031166874294304,0.0051646275748761,1.1584,1.167,digital_goods,delhi,0,0,none,product_launch
M0017,116,32,44755.59,1398.61,0.015733576744891606,0.005742158749341433,1.2419,1.6246,digital_goods,delhi,0,0,none,product_launch
M0017,117,28,34856.8,1244.89,0.011681990208031637,0.0060046354125075155,1.2574,1.1857,digital_goods,delhi,0,0,none,product_launch
M0017,118,28,35979.63,1284.99,0.01435568314755259,0.0077937572572610555,1.3465,1.2266,digital_goods,delhi,0,0,none,product_launch
M0017,119,27,35559.59,1317.02,0.012497048760514072,0.0048487598306073305,0.9671,1.7015,digital_goods,delhi,0,0,none,product_launch
M0017,120,25,32793.25,1311.73,0.012622341237532276,0.005534773910102351,1.1808,1.1814,digital_goods,delhi,0,0,none,product_launch
M0017,121,29,42299.71,1458.61,0.012002704172840379,0.006920270613173243,0.6894,1.4674,digital_goods,delhi,0,0,none,product_launch
M0017,122,27,36811.18,1363.38,0.013598002201798128,0.005753735076861003,1.4973,1.3066,digital_goods,delhi,0,0,none,product_launch
M0017,123,27,36884.24,1366.08,0.01415896879529105,0.007804931510099996,1.2359,1.0609,digital_goods,delhi,0,0,none,product_launch
M0017,124,28,35119.29,1254.26,0.01613685163332542,0.0056442499481305945,1.3271,0.6576,digital_goods,delhi,0,0,none,product_launch
M0017,125,24,31283.59,1303.48,0.012180046740829897,0.005422945155097929,1.4659,1.5141,digital_goods,delhi,0,0,none,product_launch
M0017,126,29,39347.11,1356.8,0.01536765498117686,0.00596900175777095,1.4344,0.6893,digital_goods,delhi,0,0,none,product_launch
M0017,127,30,35852.94,1195.1,0.013278031624535133,0.0043407589137103,1.2242,1.3341,digital_goods,delhi,0,0,none,product_launch
M0017,128,32,38263.96,1195.75,0.0148699101910463,0.006194832981088329,1.3988,1.3215,digital_goods,delhi,0,0,none,product_launch
M0017,129,27,37319.11,1382.19,0.017343381236950187,0.005541016643356058,1.1907,1.1211,digital_goods,delhi,0,0,none,product_launch
M0017,130,28,35742.15,1276.51,0.018512223228045747,0.0066843084565736625,1.3331,1.2079,digital_goods,delhi,0,0,none,product_launch
M0017,131,32,41812.26,1306.63,0.013290528311883138,0.006384756641695815,0.7752,1.641,digital_goods,delhi,0,0,none,product_launch
M0017,132,29,43224.07,1490.49,0.013669300477655804,0.006844260846018344,1.1445,1.3538,digital_goods,delhi,0,0,none,product_launch
M0017,133,25,31251.12,1250.04,0.014683510852529436,0.00606780396921712,1.3513,1.2613,digital_goods,delhi,0,0,none,product_launch
M0017,134,22,30856.1,1402.55,0.013573097671537452,0.00525761357491913,1.1186,1.0116,digital_goods,delhi,0,0,none,product_launch
M0017,135,28,44197.27,1578.47,0.01487582635921203,0.006997239179166132,1.6454,1.3458,digital_goods,delhi,0,0,none,product_launch
M0017,136,25,38380.78,1535.23,0.01458994079423179,0.006257860653636319,1.015,1.2781,digital_goods,delhi,0,0,none,product_launch
M0017,137,30,40580.48,1352.68,0.014932383641369519,0.005804170456117149,1.2242,1.3978,digital_goods,delhi,0,0,none,product_launch
M0017,138,27,38574.43,1428.68,0.014298168089923811,0.006507099960643108,1.0698,1.7419,digital_goods,delhi,0,0,none,product_launch
M0017,139,28,34716.96,1239.89,0.016087422151845863,0.006665342288252027,1.3452,1.5003,digital_goods,delhi,0,0,none,product_launch
M0017,140,27,34419.71,1274.8,0.01576619650485639,0.006802352768799905,1.306,1.2662,digital_goods,delhi,0,0,none,product_launch
M0017,141,29,39606.72,1365.75,0.01641725515869561,0.006273660504066493,1.247,1.3162,digital_goods,delhi,0,0,none,product_launch
M0017,142,29,37964.82,1309.13,0.011355748978121836,0.006501956995313948,0.9534,0.9746,digital_goods,delhi,0,0,none,product_launch
M0017,143,28,38492.01,1374.71,0.013612298473804836,0.006497497284719255,1.0439,0.9498,digital_goods,delhi,0,0,none,product_launch
M0017,144,27,38753.78,1435.33,0.010046358600333663,0.005710126074995894,1.2165,0.6745,digital_goods,delhi,0,0,none,product_launch
M0017,145,27,36747.2,1361.01,0.015627122176631997,0.006004384615283161,1.1626,1.6,digital_goods,delhi,0,0,none,product_launch
M0017,146,24,33912.32,1413.01,0.014777004641397827,0.005910138544704334,1.3062,1.1564,digital_goods,delhi,0,0,none,product_launch
M0017,147,25,33761.06,1350.44,0.015165999095856047,0.005721767856771304,1.5271,1.2781,digital_goods,delhi,0,0,none,product_launch
M0017,148,28,34729.48,1240.34,0.014239900361291144,0.007020348809780823,1.2574,1.396,digital_goods,delhi,0,0,none,product_launch
M0017,149,28,37840.65,1351.45,0.016061250288262583,0.005788268451048868,1.2761,1.0252,digital_goods,delhi,0,0,none,product_launch
M0017,150,29,40308.62,1389.95,0.014627588404267694,0.0064618160796456915,1.2504,0.7834,digital_goods,delhi,0,0,none,product_launch
M0017,151,27,39360.98,1457.81,0.013459719765802056,0.005989930823500988,1.4126,1.7848,digital_goods,delhi,0,0,none,product_launch
M0017,152,31,39510.26,1274.52,0.013183320193294048,0.005288252419252699,1.4638,1.7781,digital_goods,delhi,0,0,none,product_launch
M0017,153,29,37913.14,1307.35,0.016077760752160282,0.007628759504712516,1.4669,1.0012,digital_goods,delhi,0,0,none,product_launch
M0017,154,26,32329.93,1243.46,0.014996926641700829,0.007941288394840776,1.2984,1.0438,digital_goods,delhi,0,0,none,product_launch
M0017,155,25,35460.66,1418.43,0.012862321809387548,0.005982471514758162,1.2613,0.7668,digital_goods,delhi,0,0,none,product_launch
M0017,156,25,33567.91,1342.72,0.013687539098279121,0.005917164825181133,1.095,1.0269,digital_goods,delhi,0,0,none,product_launch
M0017,157,31,43719.03,1410.29,0.012897309535875569,0.0063131641958356225,1.2187,1.1927,digital_goods,delhi,0,0,none,product_launch
M0017,158,27,35914.0,1330.15,0.012673146752644953,0.006067763766037913,1.1651,1.3385,digital_goods,delhi,0,0,none,product_launch
M0017,159,29,39200.92,1351.76,0.018105103645615968,0.007253649449647511,0.9282,1.3821,digital_goods,delhi,0,0,none,product_launch
M0017,160,27,37747.54,1398.06,0.013351909155705768,0.005427124986265007,1.4653,0.9227,digital_goods,delhi,0,0,none,product_launch
M0017,161,28,34655.65,1237.7,0.014629943867376222,0.00479532774858963,1.4172,1.4321,digital_goods,delhi,0,0,none,product_launch
M0017,162,27,38314.86,1419.07,0.018555667891231198,0.006366323961252274,1.5087,1.3066,digital_goods,delhi,0,0,none,product_launch
M0017,163,26,36260.49,1394.63,0.013931484830235222,0.007379595206907112,1.245,1.1303,digital_goods,delhi,0,0,none,product_launch
M0017,164,27,35862.3,1328.23,0.015321516976972132,0.007253733769769593,0.9227,1.2934,digital_goods,delhi,0,0,none,product_launch
M0017,165,28,34366.92,1227.39,0.01509297311965239,0.005556863759986639,1.4667,1.2165,digital_goods,delhi,0,0,none,product_launch
M0017,166,28,36171.87,1291.85,0.010876874086850027,0.005407007781515309,1.2624,1.3953,digital_goods,delhi,0,0,none,product_launch
M0017,167,23,30352.11,1319.66,0.017581911747200227,0.00703161021729102,1.4985,1.7272,digital_goods,delhi,0,0,none,product_launch
M0017,168,25,31564.77,1262.59,0.01318943908594215,0.0068867448077090275,0.7668,1.006,digital_goods,delhi,0,0,none,product_launch
M0017,169,25,32733.33,1309.33,0.014007046897808044,0.004607034050927233,1.006,1.0705,digital_goods,delhi,0,0,none,product_launch
M0017,170,26,32772.22,1260.47,0.012851493925679774,0.006081494655007822,1.2652,0.9998,digital_goods,delhi,0,0,none,product_launch
M0017,171,26,33754.51,1298.25,0.016827132639554567,0.007141428908858974,0.9998,1.0531,digital_goods,delhi,0,0,none,product_launch
M0017,172,25,30511.85,1220.47,0.014991197537224063,0.006753364451046693,1.5105,1.0269,digital_goods,delhi,0,0,none,product_launch
M0017,173,24,30683.58,1278.48,0.014839512877512132,0.005804473469859688,0.7315,0.9525,digital_goods,delhi,0,0,none,product_launch
M0017,174,28,36506.9,1303.82,0.014912357799541113,0.005722406655952052,1.1372,1.6474,digital_goods,delhi,0,0,none,product_launch
M0017,175,28,38262.42,1366.52,0.015134450907334864,0.006068872369523669,1.0439,1.414,digital_goods,delhi,0,0,none,product_launch
M0017,176,27,34689.58,1284.8,0.014223364989122503,0.006057606291818766,1.2686,1.3254,digital_goods,delhi,0,0,none,product_launch
M0017,177,25,34356.03,1374.24,0.0162436901019513,0.0067076965276432554,1.3168,1.4068,digital_goods,delhi,0,0,none,product_launch
M0017,178,28,35184.5,1256.59,0.015434251991509584,0.004771444891563225,1.0934,1.2352,digital_goods,delhi,0,0,none,product_launch
M0017,179,29,36199.54,1248.26,0.01579275137282123,0.004346242162694446,1.53,1.5959,digital_goods,delhi,0,0,none,product_launch
M0017,180,29,36433.38,1256.32,0.017609387267695797,0.006182687423365064,1.604,1.067,digital_goods,delhi,0,0,none,product_launch
M0017,181,28,36631.99,1308.29,0.016423544607596676,0.004747317077970786,1.4975,1.5979,digital_goods,delhi,0,0,none,product_launch
M0017,182,26,38474.27,1479.78,0.014217387951059967,0.005388434174659379,1.077,0.873,digital_goods,delhi,0,0,none,product_launch
M0017,183,27,39280.89,1454.85,0.016559649034578964,0.004443294037688552,1.3254,1.618,digital_goods,delhi,0,0,none,product_launch
M0017,184,26,35096.17,1349.85,0.018187433868708906,0.005806334365814338,1.3475,1.4437,digital_goods,delhi,0,0,none,product_launch
M0017,185,29,36452.76,1256.99,0.017241000226177496,0.005609885823841748,1.5407,1.067,digital_goods,delhi,0,0,none,product_launch
M0017,186,28,36655.74,1309.13,0.016471619889163746,0.005375069318210567,1.2079,1.5498,digital_goods,delhi,0,0,none,product_launch
M0017,187,28,37602.24,1342.94,0.012341255620824302,0.004346091743921498,1.2574,1.3458,digital_goods,delhi,0,0,none,product_launch
M0017,188,24,29993.92,1249.75,0.016409283547459044,0.004529204452748178,0.9761,1.2327,digital_goods,delhi,0,0,none,product_launch
M0017,189,31,40763.45,1314.95,0.01715134471585209,0.004822774183418755,1.4894,1.4705,digital_goods,delhi,0,0,none,product_launch
M0017,190,27,42569.05,1576.63,0.011542423389139475,0.006645792138703953,1.5061,1.4281,electronics,delhi,0,1,launch,product_launch
M0017,191,28,40037.96,1429.93,0.015545646910733232,0.006178363564502347,1.5813,1.3069,electronics,delhi,0,1,launch,product_launch
M0017,192,27,35910.2,1330.01,0.014159409053755869,0.0063312764325195075,1.1632,1.3767,digital_goods,delhi,0,1,launch,product_launch
M0017,193,27,36042.51,1334.91,0.019855382832031126,0.006329779491960569,1.1366,1.7293,digital_goods,delhi,0,1,launch,product_launch
M0017,194,27,37896.54,1403.58,0.01746072853676501,0.006841450855927012,1.1567,1.2149,digital_goods,delhi,0,1,launch,product_launch
M0017,195,33,43921.49,1330.95,0.01909927677824693,0.004870821640600622,1.0265,1.3332,digital_goods,delhi,0,1,launch,product_launch
M0017,196,31,44072.96,1421.71,0.013547305870267631,0.005761230644759067,1.4471,1.3441,digital_goods,delhi,0,1,launch,product_launch
M0017,197,36,47925.38,1331.26,0.013710924473326473,0.005999529501048073,1.3965,1.3959,digital_goods,delhi,0,1,launch,product_launch
M0017,198,34,44005.88,1294.29,0.015880861536649866,0.005273717763098949,1.2024,1.4421,digital_goods,delhi,0,1,launch,product_launch
M0017,199,32,39285.27,1227.66,0.014202202423493437,0.006626437317118787,1.3153,1.4845,digital_goods,delhi,0,1,launch,product_launch
M0017,200,37,50226.5,1357.47,0.015370345032982227,0.006094065603507313,1.2869,0.8157,digital_goods,delhi,0,1,launch,product_launch
M0017,201,41,58679.7,1431.21,0.013694426860634507,0.006576865537754927,1.5215,1.0157,electronics,delhi,0,1,launch,product_launch
M0017,202,35,41605.16,1188.72,0.013931045277035772,0.005668461189071235,0.975,1.3364,digital_goods,delhi,0,1,launch,product_launch
M0017,203,34,50184.42,1476.01,0.018332277118491898,0.006307655645750437,0.99,1.0218,digital_goods,delhi,0,1,launch,product_launch
M0017,204,31,40113.24,1293.98,0.015489772767259123,0.005790104402746023,1.4609,1.5782,digital_goods,delhi,0,1,launch,product_launch
M0017,205,31,40083.63,1293.02,0.01678264009132931,0.006110322159521592,1.3117,0.8841,electronics,delhi,0,1,launch,product_launch
M0017,206,38,45962.31,1209.53,0.014614285775204242,0.0061299738177495264,1.2815,1.5591,digital_goods,delhi,0,1,launch,product_launch
M0017,207,37,49032.55,1325.2,0.014509485140189425,0.006093335627052006,1.301,1.5726,digital_goods,delhi,0,1,launch,product_launch
M0017,208,37,47459.25,1282.68,0.013122631512005035,0.007200556076235506,1.2427,1.4591,digital_goods,delhi,0,1,launch,product_launch
M0017,209,37,42064.48,1136.88,0.01674334705590728,0.007811548986087417,1.6153,1.0966,digital_goods,delhi,0,1,launch,product_launch
M0017,210,34,49590.81,1458.55,0.015210093225459378,0.005486574083601853,1.3731,1.023,digital_goods,delhi,0,1,launch,product_launch
M0017,211,41,59002.61,1439.09,0.015552008766490868,0.006832440538437187,1.1664,1.2809,digital_goods,delhi,0,1,launch,product_launch
M0017,212,37,51255.1,1385.27,0.016114934870476848,0.005289816653720162,1.3649,1.3621,digital_goods,delhi,0,1,launch,product_launch
M0017,213,34,45181.33,1328.86,0.014258514533989922,0.006821624186319843,1.3497,1.67,electronics,delhi,0,1,launch,product_launch
M0017,214,39,46988.93,1204.84,0.013949285773394127,0.007296855287326161,1.3959,1.2514,digital_goods,delhi,0,1,launch,product_launch
M0017,215,31,42600.09,1374.2,0.014798253189849786,0.006221695061185036,1.0411,0.8841,digital_goods,delhi,0,1,launch,product_launch
M0017,216,37,50240.65,1357.86,0.01820698580062967,0.006381352118387068,1.5097,1.37,digital_goods,delhi,0,1,launch,product_launch
M0017,217,35,44298.15,1265.66,0.016230685325584637,0.005998023979983061,1.4677,0.9617,electronics,delhi,0,1,launch,product_launch
M0017,218,36,47798.65,1327.74,0.017466180837669768,0.006144781339944698,1.5255,1.4559,digital_goods,delhi,0,1,launch,product_launch
M0017,219,34,45761.31,1345.92,0.01512517633051926,0.005252414175782673,1.3435,1.4226,digital_goods,delhi,0,1,launch,product_launch
M0017,220,28,35171.46,1256.12,0.01570817213290438,0.004943220107361164,1.0846,1.3947,electronics,delhi,0,1,launch,product_launch
M0017,221,35,42054.37,1201.55,0.016804975081785235,0.007254007272290051,1.2772,1.6251,digital_goods,delhi,0,1,launch,product_launch
M0017,222,34,45786.12,1346.65,0.014712631420632763,0.00609758589156473,1.252,1.307,digital_goods,delhi,0,1,launch,product_launch
M0017,223,35,47870.33,1367.72,0.01661699064707825,0.008448130839007187,1.4005,1.4144,digital_goods,delhi,0,1,launch,product_launch
M0017,224,36,48380.75,1343.91,0.013632440020896813,0.004976801741679432,1.1173,1.2962,digital_goods,delhi,0,1,launch,product_launch
M0017,225,37,48035.93,1298.27,0.0132762313650803,0.007059572303997169,1.333,0.8593,digital_goods,delhi,0,1,launch,product_launch
M0017,226,40,58108.93,1452.72,0.011838622815283582,0.004930183014319258,1.3995,0.8043,electronics,delhi,0,1,launch,product_launch
M0017,227,42,58688.68,1397.35,0.018528522365965656,0.005562424243739132,1.508,1.5666,electronics,delhi,0,1,launch,product_launch
M0017,228,39,51280.81,1314.89,0.013579184043151575,0.00499708275380713,1.3655,1.3238,digital_goods,delhi,0,1,launch,product_launch
M0017,229,24,31513.61,1313.07,0.01489591528456438,0.005767053012851335,1.1634,1.4653,electronics,delhi,0,1,launch,product_launch
M0017,230,38,51949.24,1367.09,0.017425535105035597,0.0058706820734867465,1.419,0.9081,electronics,delhi,0,1,launch,product_launch
M0017,231,34,50014.57,1471.02,0.015786499620440278,0.00578639783864624,0.8701,0.7868,digital_goods,delhi,0,1,launch,product_launch
M0017,232,40,54000.91,1350.02,0.016141522021931125,0.006629078185191835,1.3668,1.233,digital_goods,delhi,0,1,launch,product_launch
M0017,233,34,44631.27,1312.68,0.013726938184479235,0.00663559499514739,1.3213,1.1453,digital_goods,delhi,0,1,launch,product_launch
M0017,234,39,44713.86,1146.51,0.016100820981279088,0.005117091593221035,1.4176,1.2293,electronics,delhi,0,1,launch,product_launch
M0017,235,31,41913.66,1352.05,0.016397976994472045,0.005059318601586442,1.117,1.5951,electronics,delhi,0,1,launch,product_launch
M0017,236,34,40393.65,1188.05,0.01891798429490456,0.005325517210541118,1.5676,1.6608,electronics,delhi,0,1,launch,product_launch
M0017,237,41,56725.54,1383.55,0.015099807114766686,0.005705802115189541,1.2533,1.4558,digital_goods,delhi,0,1,launch,product_launch
M0017,238,36,46369.74,1288.05,0.01503927496926563,0.006312276938730613,1.2325,1.2047,electronics,delhi,0,1,launch,product_launch
M0017,239,40,54501.27,1362.53,0.01917621926650443,0.00526747701464137,1.235,1.3847,electronics,delhi,0,1,launch,product_launch
M0018,0,40,50411.02,1260.28,0.04111362242563474,0.004096758998508701,1.3174,1.5814,subscriptions,pune,0,0,none,geo_expansion
M0018,1,37,41814.69,1130.13,0.05728637304073397,0.004515413903462954,0.9669,1.2964,subscriptions,pune,0,0,none,geo_expansion
M0018,2,39,49375.74,1266.04,0.06827624524682845,0.003640928241994667,1.5624,1.4734,subscriptions,pune,0,0,none,geo_expansion
M0018,3,38,37067.04,975.45,0.04339480121383446,0.004802552971993179,1.3965,1.6685,subscriptions,pune,0,0,none,geo_expansion
M0018,4,35,39958.12,1141.66,0.055537891436680344,0.0033013391527745104,1.4764,1.2572,subscriptions,pune,0,0,none,geo_expansion
M0018,5,36,42623.61,1183.99,0.04441251731887447,0.0036939503079854324,1.1422,1.2046,subscriptions,pune,0,0,none,geo_expansion
M0018,6,36,41572.16,1154.78,0.04907300002909965,0.0048943555489748,0.89,1.6154,subscriptions,pune,0,0,none,geo_expansion
M0018,7,41,51962.0,1267.37,0.052433991556356654,0.005149518814724397,1.5004,1.0303,subscriptions,pune,0,0,none,geo_expansion
M0018,8,45,47413.36,1053.63,0.05355737455341945,0.00367610453146702,1.369,1.3712,subscriptions,pune,0,0,none,geo_expansion
M0018,9,43,47170.31,1096.98,0.054887459987517,0.0046259182844815856,1.5047,1.4566,subscriptions,pune,0,0,none,geo_expansion
M0018,10,34,36785.73,1081.93,0.047232544314188905,0.004228700764630414,1.0076,1.3886,subscriptions,pune,0,0,none,geo_expansion
M0018,11,44,46103.68,1047.81,0.05539990552285925,0.004828821171097833,1.3687,1.6234,subscriptions,pune,0,0,none,geo_expansion
M0018,12,39,43399.73,1112.81,0.05251659559842864,0.004344047762809396,1.2853,1.5358,subscriptions,pune,0,0,none,geo_expansion
M0018,13,40,43917.82,1097.95,0.04685560506623536,0.0034797946669028537,1.5229,1.6161,subscriptions,pune,0,0,none,geo_expansion
M0018,14,42,46876.55,1116.11,0.05414023380553124,0.0039349271427103925,1.1567,1.1626,subscriptions,pune,0,0,none,geo_expansion
M0018,15,42,52333.7,1246.04,0.05354330545200259,0.0032103639618541215,1.3891,1.5131,subscriptions,pune,0,0,none,geo_expansion
M0018,16,39,44268.07,1135.08,0.05353678451646481,0.0036924716375173567,1.3645,1.1646,subscriptions,pune,0,0,none,geo_expansion
M0018,17,37,44177.86,1194.0,0.06573272016050684,0.00522353547450011,1.2287,0.6589,subscriptions,pune,0,0,none,geo_expansion
M0018,18,46,54185.97,1177.96,0.05200937608063207,0.0044849347507487135,1.5322,1.3352,subscriptions,pune,0,0,none,geo_expansion
M0018,19,34,40711.36,1197.39,0.0483051428718853,0.0037762100694610783,1.3863,1.3605,subscriptions,pune,0,0,none,geo_expansion
M0018,20,40,47454.38,1186.36,0.055045303183627776,0.004146018118126397,1.0183,1.034,subscriptions,pune,0,0,none,geo_expansion
M0018,21,37,41510.46,1121.9,0.042798964624428074,0.0035926434918174765,1.0686,1.445,subscriptions,pune,0,0,none,geo_expansion
M0018,22,39,50534.68,1295.76,0.046470378964909215,0.00332880021983172,1.3745,1.6198,subscriptions,pune,0,0,none,geo_expansion
M0018,23,38,47242.15,1243.21,0.05401832573110644,0.004736086649949502,0.713,1.1849,subscriptions,pune,0,0,none,geo_expansion
M0018,24,43,51246.82,1191.79,0.0499760645984749,0.004037066419574346,1.2224,1.1827,subscriptions,pune,0,0,none,geo_expansion
M0018,25,40,40564.6,1014.12,0.05277426798736889,0.003662222910586795,1.1768,1.2301,subscriptions,pune,0,0,none,geo_expansion
M0018,26,46,52051.84,1131.56,0.05282902668545477,0.004423612593632816,1.0436,1.3744,subscriptions,pune,0,0,none,geo_expansion
M0018,27,42,49515.14,1178.93,0.04739735597199512,0.005126652937689648,1.1866,1.4872,subscriptions,pune,0,0,none,geo_expansion
M0018,28,41,49781.71,1214.19,0.05300412700452684,0.004186379245639734,1.3527,1.5827,subscriptions,pune,0,0,none,geo_expansion
M0018,29,38,47838.56,1258.91,0.054983634981569704,0.003862209018386863,1.2835,1.5263,subscriptions,pune,0,0,none,geo_expansion
M0018,30,41,47107.25,1148.96,0.05705845027143416,0.004106616030406076,1.1457,1.2561,subscriptions,pune,0,0,none,geo_expansion
M0018,31,41,46169.47,1126.08,0.047420383835432484,0.003559639074656771,1.5654,1.2841,subscriptions,pune,0,0,none,geo_expansion
M0018,32,41,42119.67,1027.31,0.05951136135802738,0.0051752266798621,1.3998,0.9691,subscriptions,pune,0,0,none,geo_expansion
M0018,33,41,45000.46,1097.57,0.03417355202185257,0.004014996409096353,1.0358,1.1885,subscriptions,pune,0,0,none,geo_expansion
M0018,34,33,34807.57,1054.77,0.05419582067256027,0.0034850472228990202,1.3735,1.2678,subscriptions,pune,0,0,none,geo_expansion
M0018,35,37,40180.11,1085.95,0.0518194942871584,0.0030957154794041468,1.3092,1.4087,subscriptions,pune,0,0,none,geo_expansion
M0018,36,43,46007.13,1069.93,0.04461073466152287,0.003006377600432346,1.2868,1.1122,subscriptions,pune,0,0,none,geo_expansion
M0018,37,38,41501.28,1092.14,0.04230961961045244,0.004106288148913066,1.3318,0.8292,subscriptions,pune,0,0,none,geo_expansion
M0018,38,38,43091.14,1133.98,0.05972011994012569,0.003663637081555655,1.2143,1.7503,subscriptions,pune,0,0,none,geo_expansion
M0018,39,40,44079.8,1102.0,0.05533452381248152,0.0022450026999175396,1.5166,1.5149,subscriptions,pune,0,0,none,geo_expansion
M0018,40,40,48080.73,1202.02,0.054214552540821394,0.004424716059971924,1.2182,1.3521,subscriptions,pune,0,0,none,geo_expansion
M0018,41,41,40892.62,997.38,0.05504065582441607,0.0036875538780469725,1.3948,1.2012,subscriptions,pune,0,0,none,geo_expansion
M0018,42,42,46791.15,1114.07,0.055530100067961406,0.003718797129905276,1.0311,1.5972,subscriptions,pune,0,0,none,geo_expansion
M0018,43,44,48609.98,1104.77,0.049471338262676856,0.004548682728525622,0.6532,1.0948,subscriptions,pune,0,0,none,geo_expansion
M0018,44,43,50056.94,1164.11,0.05316523673144502,0.0046638970107223355,0.8722,1.543,subscriptions,pune,0,0,none,geo_expansion
M0018,45,40,47859.08,1196.48,0.05336605697886893,0.004340466282524328,0.9442,1.1484,subscriptions,pune,0,0,none,geo_expansion
M0018,46,45,43175.93,959.47,0.05129598696157194,0.0037331596193894753,1.0416,1.1765,subscriptions,pune,0,0,none,geo_expansion
M0018,47,41,44313.96,1080.83,0.05234322687437463,0.004764505209122675,1.2483,1.3176,subscriptions,pune,0,0,none,geo_expansion
M0018,48,46,55496.93,1206.45,0.04715570906909535,0.0041336159741243335,1.4655,1.5296,subscriptions,pune,0,0,none,geo_expansion
M0018,49,36,42591.83,1183.11,0.05618328457149869,0.003912376337911169,1.1807,1.3347,subscriptions,pune,0,0,none,geo_expansion
M0018,50,37,41263.37,1115.23,0.04797132577333838,0.003916968621913568,1.4602,1.4591,subscriptions,pune,0,0,none,geo_expansion
M0018,51,35,41612.62,1188.93,0.06444192862762989,0.00497815838272781,1.2487,1.1781,subscriptions,pune,0,0,none,geo_expansion
M0018,52,42,48431.99,1153.14,0.0521726936127041,0.004769304539217571,1.2639,1.0647,subscriptions,pune,0,0,none,geo_expansion
M0018,53,38,41808.23,1100.22,0.05927944218736695,0.0037785183086680276,1.0769,1.4934,subscriptions,pune,0,0,none,geo_expansion
M0018,54,44,45661.43,1037.76,0.05925546431846741,0.004001865599645637,1.044,1.5477,subscriptions,pune,0,0,none,geo_expansion
M0018,55,39,48211.28,1236.19,0.06617634228680133,0.003378631740728249,1.3121,1.1937,subscriptions,pune,0,0,none,geo_expansion
M0018,56,40,42014.26,1050.36,0.04926604272244369,0.0037925528699081974,1.0612,1.0118,subscriptions,pune,0,0,none,geo_expansion
M0018,57,35,40208.05,1148.8,0.059145551378065715,0.00289645093231463,1.0282,1.1631,subscriptions,pune,0,0,none,geo_expansion
M0018,58,38,42163.03,1109.55,0.055507783060048506,0.00463606238743648,1.1849,1.31,subscriptions,pune,0,0,none,geo_expansion
M0018,59,46,59459.69,1292.6,0.04355095145507064,0.00320932441119194,1.3631,1.5064,subscriptions,pune,0,0,none,geo_expansion
M0018,60,42,50314.01,1197.95,0.05454056954505966,0.0042282368155047625,1.4198,1.2476,subscriptions,pune,0,0,none,geo_expansion
M0018,61,44,53324.11,1211.91,0.04856455325356842,0.00468559443459756,1.6759,1.4094,subscriptions,pune,0,0,none,geo_expansion
M0018,62,44,46010.02,1045.68,0.05720196764291335,0.00427720083802732,1.1775,1.1501,subscriptions,pune,0,0,none,geo_expansion
M0018,63,39,43624.19,1118.57,0.04755029857112167,0.005251322809707226,0.8485,1.6419,subscriptions,pune,0,0,none,geo_expansion
M0018,64,39,41578.32,1066.11,0.06042079205152013,0.004098149139570256,1.2882,1.4525,subscriptions,pune,0,0,none,geo_expansion
M0018,65,43,47326.02,1100.61,0.06618360686569155,0.003909364196143759,1.5585,1.2149,subscriptions,pune,0,0,none,geo_expansion
M0018,66,32,37178.76,1161.84,0.04442243726408578,0.004883862666567075,1.1077,1.4682,subscriptions,pune,0,0,none,geo_expansion
M0018,67,31,33144.8,1069.19,0.05758161671005326,0.003939701196775819,1.4604,1.2608,subscriptions,pune,0,0,none,geo_expansion
M0018,68,42,48275.57,1149.42,0.05252982220964282,0.004075097755027948,1.1096,1.3866,subscriptions,pune,0,0,none,geo_expansion
M0018,69,39,45857.33,1175.83,0.05591759934391714,0.00502680815568585,1.3872,1.2141,subscriptions,pune,0,0,none,geo_expansion
M0018,70,40,43684.24,1092.11,0.05061722374030962,0.004266984477340313,1.0512,0.8123,subscriptions,pune,0,0,none,geo_expansion
M0018,71,38,48204.55,1268.54,0.04516303112727316,0.003678266424603151,0.9634,1.0728,subscriptions,pune,0,0,none,geo_expansion
M0018,72,34,36616.57,1076.96,0.0395148542402783,0.0041266803961830505,1.3297,1.4113,subscriptions,pune,0,0,none,geo_expansion
M0018,73,40,45708.77,1142.72,0.04867705914834909,0.003677545141052676,1.2421,1.034,subscriptions,pune,0,0,none,geo_expansion
M0018,74,38,38886.81,1023.34,0.046357962861967354,0.00333168484563261,1.0982,1.5424,subscriptions,pune,0,0,none,geo_expansion
M0018,75,40,44936.07,1123.4,0.05813354624483784,0.003988247711845058,1.4178,0.9994,subscriptions,pune,0,0,none,geo_expansion
M0018,76,44,51557.76,1171.77,0.04893141393340565,0.0035772083665240187,1.268,0.9648,subscriptions,pune,0,0,none,geo_expansion
M0018,77,35,40535.97,1158.17,0.05157605726380525,0.004752801244179703,1.3533,1.4571,subscriptions,pune,0,0,none,geo_expansion
M0018,78,39,40113.8,1028.56,0.0464823861161483,0.0045253643426808,1.1196,1.289,subscriptions,pune,0,0,none,geo_expansion
M0018,79,39,44142.09,1131.85,0.044912108290182606,0.004337231307293682,1.3458,1.4525,subscriptions,pune,0,0,none,geo_expansion
M0018,80,39,47269.67,1212.04,0.04489424015408678,0.004540369564264879,1.4175,1.1773,subscriptions,pune,0,0,none,geo_expansion
M0018,81,37,39556.03,1069.08,0.04782561504496129,0.004341458612471065,1.0592,1.4087,subscriptions,pune,0,0,none,geo_expansion
M0018,82,40,41573.15,1039.33,0.0579923635195961,0.004373998806022527,1.5757,1.5048,subscriptions,pune,0,0,none,geo_expansion
M0018,83,40,46910.39,1172.76,0.053035484066087935,0.0030842418618592,1.5545,1.2046,subscriptions,pune,0,0,none,geo_expansion
M0018,84,39,43728.88,1121.25,0.05545544415909384,0.0047744059166311605,1.382,1.2041,subscriptions,pune,0,0,none,geo_expansion
M0018,85,41,43540.78,1061.97,0.0516737046367321,0.004902926032362043,1.3964,1.1966,subscriptions,pune,0,0,none,geo_expansion
M0018,86,38,41304.3,1086.96,0.04860375640519581,0.003912518376957663,1.1867,1.3248,subscriptions,pune,0,0,none,geo_expansion
M0018,87,36,40169.34,1115.81,0.044344047560426994,0.003842924167127619,1.5607,1.2577,subscriptions,pune,0,0,none,geo_expansion
M0018,88,43,47773.9,1111.02,0.06357680935564591,0.004736938824763904,1.2667,1.0477,subscriptions,pune,0,0,none,geo_expansion
M0018,89,43,46939.8,1091.62,0.04007275153394133,0.004243137451317727,1.3802,0.8762,subscriptions,pune,0,0,none,geo_expansion
M0018,90,39,45568.18,1168.41,0.051545242354470285,0.0032981315947791805,1.2158,1.4898,subscriptions,pune,0,0,none,geo_expansion
M0018,91,41,44637.34,1088.72,0.04367722833407352,0.0048591553409778115,1.2755,1.4548,subscriptions,pune,0,0,none,geo_expansion
M0018,92,44,47110.1,1070.68,0.05258475773081568,0.0033614755717126365,1.2715,1.1954,subscriptions,pune,0,0,none,geo_expansion
M0018,93,41,50340.72,1227.82,0.05040459301002232,0.003874519724383983,1.3534,1.4751,subscriptions,pune,0,0,none,geo_expansion
M0018,94,41,40786.34,994.79,0.053134676380108374,0.0036752934166636893,1.0486,1.5024,subscriptions,pune,0,0,none,geo_expansion
M0018,95,31,37904.22,1222.72,0.04555956832337844,0.004208077995848776,0.9735,1.1956,subscriptions,pune,0,0,none,geo_expansion
M0018,96,45,49455.13,1099.0,0.05673962987188959,0.004167553297160305,1.1273,1.0905,subscriptions,pune,0,0,none,geo_expansion
M0018,97,38,39577.41,1041.51,0.05081808391048134,0.0045344213709184985,1.1117,1.2122,subscriptions,pune,0,0,none,geo_expansion
M0018,98,39,40984.92,1050.9,0.05868551911632181,0.004914902521580644,1.4245,1.1785,subscriptions,pune,0,0,none,geo_expansion
M0018,99,34,38322.22,1127.12,0.051121133891881325,0.0037319833857776805,1.4072,1.1045,subscriptions,pune,0,0,none,geo_expansion
M0018,100,38,40535.46,1066.72,0.053009744629219695,0.004576150542677868,1.4341,1.1134,subscriptions,pune,0,0,none,geo_expansion
M0018,101,46,51725.95,1124.48,0.06138972753969978,0.004673432896430692,1.3314,1.3279,subscriptions,pune,0,0,none,geo_expansion
M0018,102,46,59356.43,1290.36,0.04755808233066804,0.0050039070381444825,1.3951,1.3972,subscriptions,pune,0,0,none,geo_expansion
M0018,103,41,46172.6,1126.16,0.06829867030723902,0.003656640225175043,1.464,1.1629,subscriptions,pune,0,0,none,geo_expansion
M0018,104,42,50145.77,1193.95,0.05030053564763133,0.0045555064705713345,1.4081,1.6121,subscriptions,pune,0,0,none,geo_expansion
M0018,105,39,46248.58,1185.86,0.0546350214430455,0.002680957189816071,1.1669,1.0666,subscriptions,pune,0,0,none,geo_expansion
M0018,106,39,39420.29,1010.78,0.04873162982763577,0.003458787366052867,1.2534,1.3956,subscriptions,pune,0,0,none,geo_expansion
M0018,107,34,35308.36,1038.48,0.05075117294886611,0.004179358093235204,1.7549,1.712,subscriptions,pune,0,0,none,geo_expansion
M0018,108,42,46718.11,1112.34,0.048013186377036166,0.0047179398400312746,1.5184,1.4595,subscriptions,pune,0,0,none,geo_expansion
M0018,109,37,42170.41,1139.74,0.03914744484953664,0.004243296602135832,1.5088,1.1574,subscriptions,pune,0,0,none,geo_expansion
M0018,110,39,43662.04,1119.54,0.04913080106450948,0.0036655129768472187,1.2545,1.3004,subscriptions,pune,0,0,none,geo_expansion
M0018,111,42,46891.66,1116.47,0.054271483985974006,0.003942488934898884,0.8335,1.3863,subscriptions,pune,0,0,none,geo_expansion
M0018,112,33,38721.21,1173.37,0.044983144557916285,0.0028179559308529633,1.5012,1.1273,subscriptions,pune,0,0,none,geo_expansion
M0018,113,42,48028.74,1143.54,0.05733666717843749,0.004938024372912834,1.2293,1.3175,subscriptions,pune,0,0,none,geo_expansion
M0018,114,36,39663.28,1101.76,0.044620591881511074,0.003694067939919052,1.1649,1.2432,subscriptions,pune,0,0,none,geo_expansion
M0018,115,47,56027.48,1192.07,0.05372837905421629,0.003881759104729284,0.9443,1.5777,subscriptions,pune,0,0,none,geo_expansion
M0018,116,40,49751.41,1243.79,0.04394930233970712,0.0043058382631107625,1.1836,1.6319,subscriptions,pune,0,0,none,geo_expansion
M0018,117,38,42373.66,1115.1,0.05451657412076576,0.004698078871661867,1.173,1.4706,subscriptions,pune,0,0,none,geo_expansion
M0018,118,45,48116.67,1069.26,0.058080121072945745,0.0044535783457512095,1.3746,0.9065,subscriptions,pune,0,0,none,geo_expansion
M0018,119,42,47714.53,1136.06,0.0572416058715568,0.0046936950281589165,1.1407,1.1183,subscriptions,pune,0,0,none,geo_expansion
M0018,120,37,47818.81,1292.4,0.05011158763084832,0.0049759007865815144,1.2287,1.3621,subscriptions,pune,0,0,none,geo_expansion
M0018,121,42,47861.97,1139.57,0.048300623963579814,0.004428561146644693,1.3062,1.3424,subscriptions,pune,0,0,none,geo_expansion
M0018,122,43,50414.55,1172.43,0.047879737575711026,0.00479962322792564,1.2758,1.2647,subscriptions,pune,0,0,none,geo_expansion
M0018,123,41,52323.08,1276.17,0.0512562604081897,0.0037396756789836914,1.2838,1.4686,subscriptions,pune,0,0,none,geo_expansion
M0018,124,44,48597.48,1104.49,0.051079865976464876,0.00457087252137073,1.2141,1.2012,subscriptions,pune,0,0,none,geo_expansion
M0018,125,35,41879.87,1196.57,0.04585529681385046,0.004079381569878075,1.2014,1.0828,subscriptions,pune,0,0,none,geo_expansion
M0018,126,41,49697.4,1212.13,0.04713404307944358,0.004638605302510689,1.3262,1.2223,subscriptions,pune,0,0,none,geo_expansion
M0018,127,41,45956.72,1120.9,0.0542215771456484,0.0029507285363113787,1.2713,1.2937,subscriptions,pune,0,0,none,geo_expansion
M0018,128,44,47566.85,1081.06,0.04885778571349555,0.0035250955609045422,1.24,1.0746,subscriptions,pune,0,0,none,geo_expansion
M0018,129,39,41744.77,1070.38,0.04192929903886534,0.005290265713431573,1.133,1.4543,subscriptions,pune,0,0,none,geo_expansion
M0018,130,41,41227.33,1005.54,0.05356821782417349,0.0038722518258332366,1.4092,1.0833,subscriptions,pune,0,0,none,geo_expansion
M0018,131,38,45983.1,1210.08,0.06892063305478133,0.0031583058740785883,1.4932,1.3248,subscriptions,pune,0,0,none,geo_expansion
M0018,132,39,46094.0,1181.9,0.03839483756842984,0.00395898591019347,1.5049,1.5032,subscriptions,pune,0,0,none,geo_expansion
M0018,133,33,36946.86,1119.6,0.05377194139612351,0.004307664536698777,1.4943,1.6246,subscriptions,pune,0,0,none,geo_expansion
M0018,134,36,40011.74,1111.44,0.049644441878064986,0.0038939600628529938,0.8378,1.5765,subscriptions,pune,0,0,none,geo_expansion
M0018,135,37,46020.78,1243.8,0.04738791375045372,0.004132697234007573,1.3842,1.4824,subscriptions,pune,0,0,none,geo_expansion
M0018,136,37,42815.9,1157.19,0.050494901948757276,0.0030745069207309514,1.3467,1.5033,subscriptions,pune,0,0,none,geo_expansion
M0018,137,41,49092.14,1197.37,0.04419987750596745,0.004441868689444168,1.3406,1.2561,subscriptions,pune,0,0,none,geo_expansion
M0018,138,47,57678.94,1227.21,0.040150758164893115,0.005090379073248537,1.4909,1.1887,subscriptions,pune,0,0,none,geo_expansion
M0018,139,37,42640.44,1152.44,0.05520919886512519,0.003735125705493721,1.1324,1.5408,subscriptions,pune,0,0,none,geo_expansion
M0018,140,43,49502.27,1151.22,0.052511961253797736,0.002616697842272335,1.1035,1.2239,subscriptions,pune,0,0,none,geo_expansion
M0018,141,41,46097.72,1124.33,0.05042094552474734,0.005143804234712039,1.0679,1.3855,subscriptions,pune,0,0,none,geo_expansion
M0018,142,44,47734.76,1084.88,0.04510312629167763,0.004494851644148197,1.1263,1.4981,subscriptions,pune,0,0,none,geo_expansion
M0018,143,40,44298.11,1107.45,0.04770452226764581,0.003913141509807475,1.5166,1.17,subscriptions,pune,0,0,none,geo_expansion
M0018,144,38,43343.34,1140.61,0.04654859244270789,0.003183475552942148,1.5702,1.3248,subscriptions,pune,0,0,none,geo_expansion
M0018,145,43,42413.69,986.36,0.054738539182911015,0.003188752321859926,1.5117,1.3249,subscriptions,pune,0,0,none,geo_expansion
M0018,146,36,39157.44,1087.71,0.0486364880485971,0.004374184752471183,1.5309,1.4811,subscriptions,pune,0,0,none,geo_expansion
M0018,147,38,38734.77,1019.34,0.052626351885895976,0.0035475076169434946,1.3396,1.1987,subscriptions,pune,0,0,none,geo_expansion
M0018,148,38,41149.51,1082.88,0.055990601731295754,0.0038728310418764695,1.2087,1.0996,subscriptions,pune,0,0,none,geo_expansion
M0018,149,45,50066.8,1112.6,0.048098417644732626,0.004271065211805655,1.3206,1.6015,subscriptions,pune,0,0,none,geo_expansion
M0018,150,42,45160.92,1075.26,0.05150391199312438,0.004554266953405332,1.2639,0.6429,subscriptions,pune,0,0,none,geo_expansion
M0018,151,39,41615.65,1067.07,0.052770730372452036,0.004976530954984423,0.8629,1.5376,subscriptions,pune,0,0,none,geo_expansion
M0018,152,39,45082.85,1155.97,0.03976496670439104,0.0038719934006483936,1.4508,1.5731,subscriptions,pune,0,0,none,geo_expansion
M0018,153,40,45991.65,1149.79,0.04316624118316886,0.0035123001266471584,1.0266,1.0396,subscriptions,pune,0,0,none,geo_expansion
M0018,154,37,42383.66,1145.5,0.05681485232892483,0.004414063513595327,1.2731,1.373,subscriptions,pune,0,0,none,geo_expansion
M0018,155,41,46941.62,1144.92,0.05126237497611077,0.0051483134069385175,1.1419,1.2726,subscriptions,pune,0,0,none,geo_expansion
M0018,156,37,41149.86,1112.16,0.049079644342961304,0.004054470973096601,1.354,1.4229,subscriptions,pune,0,0,none,geo_expansion
M0018,157,40,42534.96,1063.37,0.051610442852975495,0.004761277755534257,1.4837,0.847,subscriptions,pune,0,0,none,geo_expansion
M0018,158,43,48459.68,1126.97,0.054078367074567195,0.0038432912193457607,1.0799,1.4921,subscriptions,pune,0,1,geo_expansion,geo_expansion
M0018,159,35,42260.78,1207.45,0.05381191639302677,0.004170005440263754,1.2331,1.4045,subscriptions,pune,0,1,geo_expansion,geo_expansion
M0018,160,37,43779.21,1183.22,0.05280587546783445,0.004645144239641259,1.4994,1.2357,subscriptions,pune,0,1,geo_expansion,geo_expansion
M0018,161,41,45597.29,1112.13,0.046888195947623834,0.004086424851560713,0.9143,1.3955,subscriptions,jaipur,0,1,geo_expansion,geo_expansion
M0018,162,41,47215.32,1151.59,0.04588996781418649,0.003173387224487774,1.4419,1.5394,subscriptions,jaipur,0,1,geo_expansion,geo_expansion
M0018,163,48,56549.53,1178.12,0.05723429034740999,0.0031817307921541927,1.2438,1.3599,subscriptions,jaipur,0,1,geo_expansion,geo_expansion
M0018,164,48,53026.06,1104.71,0.0548110778402631,0.0030489921759324747,1.2837,1.6548,subscriptions,jaipur,0,1,geo_expansion,geo_expansion
M0018,165,45,48463.8,1076.97,0.05231179225189505,0.004103201722195144,1.1638,1.5736,subscriptions,jaipur,0,1,geo_expansion,geo_expansion
M0018,166,44,45207.29,1027.44,0.049616673317347766,0.0037758473618600217,1.5475,1.3886,subscriptions,pune,0,1,geo_expansion,geo_expansion
M0018,167,46,55364.26,1203.57,0.04947952884832522,0.004618039574721013,1.4392,1.4351,subscriptions,pune,0,1,geo_expansion,geo_expansion
M0018,168,45,49995.87,1111.02,0.05557912377625916,0.0041231723961599786,1.1654,1.185,subscriptions,pune,0,1,geo_expansion,geo_expansion
M0018,169,52,63420.73,1219.63,0.04473241912228632,0.004925808051085123,1.3739,1.5164,subscriptions,pune,0,1,geo_expansion,geo_expansion
M0018,170,40,42953.97,1073.85,0.04967663327111076,0.0038288421819587027,1.1353,1.241,subscriptions,pune,0,1,geo_expansion,geo_expansion
M0018,171,46,52790.74,1147.62,0.04381690063819835,0.004226254942428404,1.3561,1.3472,subscriptions,pune,0,1,geo_expansion,geo_expansion
M0018,172,44,50743.56,1153.26,0.05916122741889656,0.0030975569080707857,1.089,1.1497,subscriptions,pune,0,1,geo_expansion,geo_expansion
M0018,173,50,57481.26,1149.63,0.058353816184971395,0.0047291397113905145,1.1347,1.1778,subscriptions,pune,0,1,geo_expansion,geo_expansion
M0018,174,47,54113.28,1151.35,0.04694729039874917,0.003698283055961265,1.0395,1.2914,subscriptions,jaipur,0,1,geo_expansion,geo_expansion
M0018,175,47,59837.64,1273.14,0.042988100972304884,0.004919966801233669,1.1186,1.3128,subscriptions,pune,0,1,geo_expansion,geo_expansion
M0018,176,46,52712.86,1145.93,0.06106591534831581,0.005196100985918838,1.459,1.3655,subscriptions,pune,0,1,geo_expansion,geo_expansion
M0018,177,48,53881.66,1122.53,0.04588259247736522,0.004700550358567817,1.1567,1.522,subscriptions,pune,0,1,geo_expansion,geo_expansion
M0018,178,50,51173.09,1023.46,0.04836070641426006,0.003925810489477983,1.3408,1.2228,subscriptions,jaipur,0,1,geo_expansion,geo_expansion
M0018,179,51,51276.58,1005.42,0.054101986793773454,0.003958421670026571,1.3878,1.3844,subscriptions,jaipur,0,1,geo_expansion,geo_expansion
M0018,180,54,60274.16,1116.19,0.058888695096950716,0.005054771261218405,1.2704,1.5809,subscriptions,pune,0,1,geo_expansion,geo_expansion
M0018,181,50,57931.6,1158.63,0.061854812262401575,0.004279212316962843,1.2907,1.3401,subscriptions,pune,0,1,geo_expansion,geo_expansion
M0018,182,49,59750.41,1219.4,0.057884410968153555,0.004426856186551884,1.2898,1.4,subscriptions,pune,0,1,geo_expansion,geo_expansion
M0018,183,41,45776.11,1116.49,0.04857870995812864,0.0030094961109051665,1.5443,1.1364,subscriptions,pune,0,1,geo_expansion,geo_expansion
M0018,184,47,58269.94,1239.79,0.05589633679410548,0.003332905807168041,1.0837,1.2337,subscriptions,pune,0,1,geo_expansion,geo_expansion
M0018,185,47,50359.98,1071.49,0.05003922470231204,0.0037485909976661467,1.4046,1.3261,subscriptions,pune,0,1,geo_expansion,geo_expansion
M0018,186,47,58092.77,1236.02,0.06401535171424817,0.0039211690313222984,1.0891,1.4238,subscriptions,jaipur,0,1,geo_expansion,geo_expansion
M0018,187,49,61504.64,1255.2,0.05744450679296902,0.0032108923487964456,1.1231,1.4573,subscriptions,pune,0,1,geo_expansion,geo_expansion
M0018,188,46,48829.42,1061.51,0.036263838721914236,0.004108060060301066,1.1425,1.4347,subscriptions,jaipur,0,1,geo_expansion,geo_expansion
M0018,189,46,54153.7,1177.25,0.047610430984918024,0.004305536853097816,0.9199,1.5103,subscriptions,pune,0,1,geo_expansion,geo_expansion
M0018,190,47,52990.24,1127.45,0.05577853630617109,0.0042905402281544665,1.1002,1.4824,subscriptions,jaipur,0,1,geo_expansion,geo_expansion
M0018,191,50,58716.8,1174.34,0.05683309848286939,0.0040542415437473025,1.2402,1.6115,subscriptions,jaipur,0,1,geo_expansion,geo_expansion
M0018,192,42,45673.9,1087.47,0.05947946755197052,0.003833978161080387,1.3395,1.4232,subscriptions,pune,0,1,geo_expansion,geo_expansion
M0018,193,54,60421.06,1118.91,0.06353914726753283,0.0036235148941630656,1.1411,1.3113,subscriptions,pune,0,1,geo_expansion,geo_expansion
M0018,194,48,55431.55,1154.82,0.06538208323195471,0.003598483633017266,1.2837,1.3641,subscriptions,jaipur,0,1,geo_expansion,geo_expansion
M0018,195,52,57936.75,1114.17,0.05707977379200352,0.002843039722336541,1.2016,1.4022,subscriptions,pune,0,1,geo_expansion,geo_expansion
M0018,196,46,55530.99,1207.2,0.05863562516854505,0.00454661922555808,1.3708,1.2746,subscriptions,pune,0,1,geo_expansion,geo_expansion
M0018,197,45,51143.72,1136.53,0.05057126515242114,0.004937262174550586,1.2867,1.4843,subscriptions,jaipur,0,1,geo_expansion,geo_expansion
M0018,198,41,46209.67,1127.07,0.05371869481302373,0.003974097903528303,1.2916,1.4216,subscriptions,pune,0,1,geo_expansion,geo_expansion
M0018,199,54,61413.25,1137.28,0.05297278821819452,0.003040068403057906,1.3417,1.63,subscriptions,pune,0,1,geo_expansion,geo_expansion
M0018,200,44,51241.91,1164.59,0.06054864158981849,0.004762594652582144,1.238,1.1497,subscriptions,pune,0,1,geo_expansion,geo_expansion
M0018,201,52,57890.74,1113.28,0.045013229641725556,0.005425997556573005,1.3185,1.1055,subscriptions,pune,0,1,geo_expansion,geo_expansion
M0018,202,47,53556.93,1139.51,0.040998000761558906,0.004295946498799807,1.5078,1.2494,subscriptions,pune,0,1,geo_expansion,geo_expansion
M0018,203,42,55155.43,1313.22,0.050124149178047944,0.004306728880134265,1.0523,1.5128,subscriptions,pune,0,1,geo_expansion,geo_expansion
M0018,204,48,55564.88,1157.6,0.04598061080483953,0.005095641452381155,1.1216,1.5207,subscriptions,pune,0,1,geo_expansion,geo_expansion
M0018,205,46,54917.33,1193.85,0.06571835014186463,0.004553468425786345,1.3428,1.53,subscriptions,jaipur,0,1,geo_expansion,geo_expansion
M0018,206,52,63134.7,1214.13,0.04716540401431664,0.003703981513308992,1.2791,1.5672,subscriptions,pune,0,1,geo_expansion,geo_expansion
M0018,207,45,54032.96,1200.73,0.050266871751009246,0.00420255246417349,1.3212,1.1427,subscriptions,jaipur,0,1,geo_expansion,geo_expansion
M0018,208,52,55397.4,1065.33,0.06118328331939261,0.0035999608329474932,1.3237,1.5303,subscriptions,pune,0,1,geo_expansion,geo_expansion
M0018,209,50,53264.82,1065.3,0.0400959128394469,0.0036249052820545333,1.0634,1.6413,subscriptions,pune,0,1,geo_expansion,geo_expansion
M0018,210,46,45942.67,998.75,0.04679139870903796,0.0043402766690382386,1.2255,1.0094,subscriptions,pune,0,1,geo_expansion,geo_expansion
M0018,211,48,53100.55,1106.26,0.04345173984217511,0.004056560796378117,1.5714,1.4525,subscriptions,pune,0,1,geo_expansion,geo_expansion
M0018,212,43,50485.57,1174.08,0.061643558493559125,0.004503012450769866,1.3006,1.3573,subscriptions,pune,0,1,geo_expansion,geo_expansion
M0018,213,48,56752.11,1182.34,0.05852409465249819,0.004373243008317112,1.2545,1.5525,subscriptions,pune,0,1,geo_expansion,geo_expansion
M0018,214,57,67655.36,1186.94,0.04232925793043571,0.0033905821293315572,1.1154,1.3637,subscriptions,pune,0,1,geo_expansion,geo_expansion
M0018,215,44,42456.16,964.91,0.05428386654012706,0.0035953452670207157,1.0559,1.5434,subscriptions,jaipur,0,1,geo_expansion,geo_expansion
M0018,216,45,48995.49,1088.79,0.050192787644772925,0.004402226181058789,1.0709,1.7024,subscriptions,pune,0,1,geo_expansion,geo_expansion
M0018,217,50,58203.03,1164.06,0.05764365635938395,0.004648753493140268,1.1659,1.395,subscriptions,pune,0,1,geo_expansion,geo_expansion
M0018,218,50,54487.83,1089.76,0.04892963487338827,0.0038295957023768523,1.5264,1.4735,subscriptions,pune,0,1,geo_expansion,geo_expansion
M0018,219,52,65712.4,1263.7,0.059763146514330984,0.004561441630982168,1.2538,1.3746,subscriptions,jaipur,0,1,geo_expansion,geo_expansion
M0018,220,53,57092.96,1077.23,0.05421856150340799,0.004035094955582056,1.4438,1.3484,subscriptions,pune,0,1,geo_expansion,geo_expansion
M0018,221,53,59680.81,1126.05,0.04945017717352704,0.004290413151685286,1.4077,1.3222,subscriptions,pune,0,1,geo_expansion,geo_expansion
M0018,222,48,50192.77,1045.68,0.06155988561979307,0.0038996594644596255,0.9416,1.5275,subscriptions,jaipur,0,1,geo_expansion,geo_expansion
M0018,223,42,46156.99,1098.98,0.05256628136189392,0.0040523250734010256,1.4881,1.1929,subscriptions,jaipur,0,1,geo_expansion,geo_expansion
M0018,224,45,55828.41,1240.63,0.06109118731558547,0.004048953810865509,1.1082,1.0106,subscriptions,pune,0,1,geo_expansion,geo_expansion
M0018,225,49,56485.37,1152.76,0.05469729707767518,0.0038198850699707773,1.341,1.4336,subscriptions,pune,0,1,geo_expansion,geo_expansion
M0018,226,47,54020.23,1149.37,0.0499091385084422,0.0025100662147395877,1.2603,1.4394,subscriptions,pune,0,1,geo_expansion,geo_expansion
M0018,227,44,59291.96,1347.54,0.05537374769302581,0.005112582049569752,1.4335,1.3744,subscriptions,pune,0,1,geo_expansion,geo_expansion
M0018,228,49,55886.3,1140.54,0.06816771536828203,0.003947760054202927,1.3233,1.5867,subscriptions,jaipur,0,1,geo_expansion,geo_expansion
M0018,229,42,47557.24,1132.32,0.059769432621917584,0.0038719250936145883,1.2873,1.3192,subscriptions,pune,0,1,geo_expansion,geo_expansion
M0018,230,51,62269.94,1220.98,0.03907892300012645,0.004578416578801611,1.448,1.5377,subscriptions,pune,0,1,geo_expansion,geo_expansion
M0018,231,48,56315.95,1173.25,0.051535629264568304,0.003522518453685641,1.0927,1.1097,subscriptions,pune,0,1,geo_expansion,geo_expansion
M0018,232,46,52142.22,1133.53,0.05969831431510606,0.0036447862333677376,1.1519,1.2128,subscriptions,pune,0,1,geo_expansion,geo_expansion
M0018,233,48,50005.17,1041.77,0.05649916036260253,0.004960607800909377,1.3111,1.2967,subscriptions,pune,0,1,geo_expansion,geo_expansion
M0018,234,47,47628.91,1013.38,0.04752068856822483,0.004961646182558452,1.3079,1.3119,subscriptions,pune,0,1,geo_expansion,geo_expansion
M0018,235,42,46957.11,1118.03,0.05678582202402099,0.00391343273971261,1.4427,1.6803,subscriptions,pune,0,1,geo_expansion,geo_expansion
M0018,236,48,47373.77,986.95,0.054899421436307196,0.0041433809631176675,1.2741,1.2024,subscriptions,pune,0,1,geo_expansion,geo_expansion
M0018,237,43,48391.2,1125.38,0.06094523044594875,0.004284339239409023,1.4019,1.2081,subscriptions,pune,0,1,geo_expansion,geo_expansion
M0018,238,50,57273.37,1145.47,0.05253759409030236,0.002656771404315291,1.4403,1.4274,subscriptions,pune,0,1,geo_expansion,geo_expansion
M0018,239,53,63449.25,1197.16,0.052335591360207316,0.0032110020856604663,1.1321,1.1862,subscriptions,pune,0,1,geo_expansion,geo_expansion
M0019,0,61,151744.91,2487.62,0.01159875702265509,0.0019173911148907081,1.5051,1.3708,home_decor,kolkata,0,0,none,geo_expansion
M0019,1,55,150909.69,2743.81,0.01775928205809716,0.001772394229332392,1.2204,1.3609,home_decor,kolkata,0,0,none,geo_expansion
M0019,2,55,126891.93,2307.13,0.015985056313167594,0.0021920798812122377,0.8725,1.6244,home_decor,kolkata,0,0,none,geo_expansion
M0019,3,68,169829.89,2497.5,0.015216734953066498,0.00175971623177901,1.1311,1.2793,home_decor,kolkata,0,0,none,geo_expansion
M0019,4,58,140528.08,2422.9,0.017879101570849064,0.0015861969004479241,1.2033,1.2652,home_decor,kolkata,0,0,none,geo_expansion
M0019,5,59,139612.04,2366.31,0.014366145185311522,0.0019793217294057823,1.1963,1.553,home_decor,kolkata,0,0,none,geo_expansion
M0019,6,67,158826.25,2370.54,0.015835094885343053,0.001665818873447548,1.1093,1.1986,home_decor,kolkata,0,0,none,geo_expansion
M0019,7,63,171380.24,2720.32,0.012440930252110523,0.0019481355378582472,1.5893,1.3991,home_decor,kolkata,0,0,none,geo_expansion
M0019,8,63,148606.08,2358.83,0.016829818914822516,0.0021278684694085756,1.4647,1.1737,home_decor,kolkata,0,0,none,geo_expansion
M0019,9,67,146734.33,2190.06,0.014377652952434984,0.0013015184880135603,0.9918,1.6543,home_decor,kolkata,0,0,none,geo_expansion
M0019,10,56,129471.95,2312.0,0.014585920631054117,0.00188646427390493,1.1334,1.3546,home_decor,kolkata,0,0,none,geo_expansion
M0019,11,60,164915.3,2748.59,0.010810036880953932,0.0018840578061345926,1.215,1.5631,home_decor,kolkata,0,0,none,geo_expansion
M0019,12,56,125919.01,2248.55,0.012821778455052033,0.0016580272424526665,1.3236,1.4193,home_decor,kolkata,0,0,none,geo_expansion
M0019,13,59,155927.68,2642.84,0.01477309180753073,0.002023040261770852,1.1975,1.388,home_decor,kolkata,0,0,none,geo_expansion
M0019,14,57,133718.69,2345.94,0.015394848719971488,0.002047001759409376,1.2338,1.0111,home_decor,kolkata,0,0,none,geo_expansion
M0019,15,63,164399.67,2609.52,0.013366719004204615,0.002341635723431114,1.3244,0.979,home_decor,kolkata,0,0,none,geo_expansion
M0019,16,70,152954.97,2185.07,0.015239614998952244,0.0022020308550020247,1.2713,1.0842,home_decor,kolkata,0,0,none,geo_expansion
M0019,17,53,138304.31,2609.52,0.015116231951181102,0.0012819690249349926,1.3138,0.9929,home_decor,kolkata,0,0,none,geo_expansion
M0019,18,62,144532.95,2331.18,0.014956799371535642,0.0015103394127264106,1.505,1.2238,home_decor,kolkata,0,0,none,geo_expansion
M0019,19,56,139534.97,2491.7,0.014877685681880757,0.002239877642165317,1.3085,1.6178,home_decor,kolkata,0,0,none,geo_expansion
M0019,20,61,143232.65,2348.08,0.013998938750593914,0.0017242924296908195,1.0214,1.3197,home_decor,kolkata,0,0,none,geo_expansion
M0019,21,59,138877.66,2353.86,0.015223040622627112,0.0019217374982823435,1.1016,0.7425,home_decor,kolkata,0,0,none,geo_expansion
M0019,22,55,120198.98,2185.44,0.015965364242411528,0.001726429659054445,0.9324,1.3246,home_decor,kolkata,0,0,none,geo_expansion
M0019,23,60,155667.19,2594.45,0.017749270424163695,0.0014317259725472602,1.1612,0.8731,home_decor,kolkata,0,0,none,geo_expansion
M0019,24,55,128872.03,2343.13,0.013722977316472816,0.0018793845779133467,1.4974,1.4352,home_decor,kolkata,0,0,none,geo_expansion
M0019,25,64,151944.64,2374.13,0.015370948951348155,0.0015328401426895355,1.3525,1.5959,home_decor,kolkata,0,0,none,geo_expansion
M0019,26,59,141278.12,2394.54,0.016346687316229166,0.0021173760602976035,1.3432,0.8444,home_decor,kolkata,0,0,none,geo_expansion
M0019,27,66,183477.66,2779.96,0.01387186820625008,0.0015928394118720753,1.2869,1.4588,home_decor,kolkata,0,0,none,geo_expansion
M0019,28,58,130302.02,2246.59,0.016810199259151427,0.0018206217230714121,1.5276,1.4714,home_decor,kolkata,0,0,none,geo_expansion
M0019,29,64,157388.82,2459.2,0.012736258544061876,0.0018742231595864256,1.2749,1.5321,home_decor,kolkata,0,0,none,geo_expansion
M0019,30,61,155056.2,2541.9,0.015796854952341892,0.0022829423581834057,1.3924,1.4247,home_decor,kolkata,0,0,none,geo_expansion
M0019,31,55,128753.94,2340.98,0.01846875788485213,0.0018143869098788442,1.3541,1.4138,home_decor,kolkata,0,0,none,geo_expansion
M0019,32,59,143096.27,2425.36,0.01415955187960203,0.0018630119775491156,1.2648,1.116,home_decor,kolkata,0,0,none,geo_expansion
M0019,33,65,150983.09,2322.82,0.016679088465783688,0.0015832314702439608,1.3573,1.3554,home_decor,kolkata,0,0,none,geo_expansion
M0019,34,53,128726.54,2428.8,0.01269695756113122,0.0016091699046858318,1.6598,1.6246,home_decor,kolkata,0,0,none,geo_expansion
M0019,35,63,145585.62,2310.88,0.01327074652943633,0.002061830378933815,1.3772,1.0943,home_decor,kolkata,0,0,none,geo_expansion
M0019,36,64,170032.37,2656.76,0.01230961547669682,0.0020154631685031783,1.3595,1.1823,home_decor,kolkata,0,0,none,geo_expansion
M0019,37,53,129432.95,2442.13,0.015223886194311233,0.0016543645646432943,1.4523,1.0194,home_decor,kolkata,0,0,none,geo_expansion
M0019,38,58,150192.98,2589.53,0.01719353180916813,0.001900636756879075,1.2745,1.1356,home_decor,kolkata,0,0,none,geo_expansion
M0019,39,62,146929.71,2369.83,0.014178335189347158,0.001662765511968523,1.4382,1.3976,home_decor,kolkata,0,0,none,geo_expansion
M0019,40,60,146366.27,2439.44,0.014593048650553232,0.001618336201630572,1.1052,1.2347,home_decor,kolkata,0,0,none,geo_expansion
M0019,41,51,125437.58,2459.56,0.01669526448222721,0.0017631437634796044,0.745,1.4604,home_decor,kolkata,0,0,none,geo_expansion
M0019,42,67,181976.85,2716.07,0.012806788481913781,0.001450656862796191,1.4717,1.4284,home_decor,kolkata,0,0,none,geo_expansion
M0019,43,58,151349.15,2609.47,0.015311890982430063,0.0012477790955021887,1.4961,1.1873,home_decor,kolkata,0,0,none,geo_expansion
M0019,44,53,133375.17,2516.51,0.017975155474760234,0.0017201541054733057,1.3176,1.5081,home_decor,kolkata,0,0,none,geo_expansion
M0019,45,56,123604.77,2207.23,0.015616142621961806,0.0016870463120216245,0.8588,0.9035,home_decor,kolkata,0,0,none,geo_expansion
M0019,46,60,148232.3,2470.54,0.019689028954916005,0.001854006330896563,1.4746,1.4487,home_decor,kolkata,0,0,none,geo_expansion
M0019,47,66,153473.33,2325.35,0.01591145947057537,0.0015868358209498936,1.1444,1.3215,home_decor,kolkata,0,0,none,geo_expansion
M0019,48,59,144747.13,2453.34,0.012781576301304758,0.0012211805278322118,1.5548,1.3132,home_decor,kolkata,0,0,none,geo_expansion
M0019,49,60,150086.33,2501.44,0.018269956803154675,0.0018462226456979545,1.0909,1.5616,home_decor,kolkata,0,0,none,geo_expansion
M0019,50,59,149583.68,2535.32,0.01356502822744334,0.001743695245437601,1.2725,1.2353,home_decor,kolkata,0,0,none,geo_expansion
M0019,51,69,161436.06,2339.65,0.018091758114010346,0.0016974674952371417,1.4087,1.3999,home_decor,kolkata,0,0,none,geo_expansion
M0019,52,62,150980.08,2435.16,0.0149367108006091,0.0017325674104716816,1.4863,1.2792,home_decor,kolkata,0,0,none,geo_expansion
M0019,53,56,136548.43,2438.36,0.016161655684644366,0.001642012007064712,1.4452,1.1955,home_decor,kolkata,0,0,none,geo_expansion
M0019,54,63,148399.82,2355.55,0.019139535512207623,0.0017022417962727387,1.5605,1.4323,home_decor,kolkata,0,0,none,geo_expansion
M0019,55,50,115124.16,2302.48,0.016835958094706848,0.0019187710325493771,1.1729,1.191,home_decor,kolkata,0,0,none,geo_expansion
M0019,56,64,155541.1,2430.33,0.014770083605470948,0.0022055922247003635,1.2833,1.3438,home_decor,kolkata,0,0,none,geo_expansion
M0019,57,57,148814.0,2610.77,0.017414780348587348,0.001742023470069532,1.2924,1.3554,home_decor,kolkata,0,0,none,geo_expansion
M0019,58,52,113995.46,2192.22,0.01583663513735643,0.0016190928266392021,1.1714,1.3208,home_decor,kolkata,0,0,none,geo_expansion
M0019,59,66,164712.13,2495.64,0.013677693166923766,0.002217972118699955,0.8835,1.2192,home_decor,kolkata,0,0,none,geo_expansion
M0019,60,62,153083.58,2469.09,0.01632083969310724,0.0017871387935953535,1.2494,1.4033,home_decor,kolkata,0,0,none,geo_expansion
M0019,61,55,119019.48,2163.99,0.014760632622714183,0.0021057379651966716,0.942,1.2899,home_decor,kolkata,0,0,none,geo_expansion
M0019,62,58,137190.92,2365.36,0.017242481599939855,0.0016406375415456125,1.2851,1.1637,home_decor,kolkata,0,0,none,geo_expansion
M0019,63,53,125460.21,2367.17,0.01607050539301434,0.001808463640247933,1.4687,1.2176,home_decor,kolkata,0,0,none,geo_expansion
M0019,64,58,141349.71,2437.06,0.012178382972107975,0.002005430760312656,1.2757,1.2593,home_decor,kolkata,0,0,none,geo_expansion
M0019,65,64,155853.16,2435.21,0.014512023911141064,0.002172542755291674,1.1876,1.474,home_decor,kolkata,0,0,none,geo_expansion
M0019,66,54,146963.6,2721.55,0.015046277841658783,0.0019249384296586972,1.1423,1.3731,home_decor,kolkata,0,0,none,geo_expansion
M0019,67,63,153243.04,2432.43,0.014808307149230367,0.0016156032275332275,1.4217,1.313,home_decor,kolkata,0,0,none,geo_expansion
M0019,68,61,140227.5,2298.81,0.015204914979954189,0.0017636673124361497,1.2418,1.2703,home_decor,kolkata,0,0,none,geo_expansion
M0019,69,55,150485.34,2736.1,0.01702700059640017,0.0019103134515750832,0.9415,1.4924,home_decor,kolkata,0,0,none,geo_expansion
M0019,70,64,145506.89,2273.55,0.01644295679788221,0.0025301757880159897,1.4147,1.4286,home_decor,kolkata,0,0,none,geo_expansion
M0019,71,60,126436.62,2107.28,0.015373131289250929,0.002311167386245297,1.141,1.4938,home_decor,kolkata,0,0,none,geo_expansion
M0019,72,61,143691.29,2355.59,0.01546733125824147,0.0017843160335162516,1.3437,1.4191,home_decor,kolkata,0,0,none,geo_expansion
M0019,73,68,149207.34,2194.23,0.01657424200048477,0.0020575518687200745,1.3093,1.0223,home_decor,kolkata,0,0,none,geo_expansion
M0019,74,62,158186.87,2551.4,0.015443312787969598,0.0015812674042053052,1.5152,1.3545,home_decor,kolkata,0,0,none,geo_expansion
M0019,75,65,168253.1,2588.51,0.015331012362079417,0.0016641572552798783,1.3469,1.1725,home_decor,kolkata,0,0,none,geo_expansion
M0019,76,58,125726.76,2167.7,0.014299612544429947,0.001970516775322192,1.2887,1.4208,home_decor,kolkata,0,0,none,geo_expansion
M0019,77,56,126963.63,2267.21,0.015412548373144841,0.001766636049413237,1.4665,1.189,home_decor,kolkata,0,0,none,geo_expansion
M0019,78,61,146570.35,2402.79,0.015242293265199894,0.0014858484800252298,1.3595,1.4351,home_decor,kolkata,0,0,none,geo_expansion
M0019,79,59,132072.91,2238.52,0.014446767660935615,0.002068576184196386,1.4031,1.4954,home_decor,kolkata,0,0,none,geo_expansion
M0019,80,58,142339.14,2454.12,0.015683181913383647,0.0017597159825301209,1.2236,1.5479,home_decor,kolkata,0,0,none,geo_expansion
M0019,81,62,152139.84,2453.87,0.016644923024270123,0.002002944893452589,1.3077,1.3311,home_decor,kolkata,0,0,none,geo_expansion
M0019,82,63,174463.93,2769.27,0.015005304764581276,0.002019853604499329,1.1099,1.3184,home_decor,kolkata,0,0,none,geo_expansion
M0019,83,57,143328.19,2514.53,0.015157354203836095,0.0020103575598195036,0.958,1.3996,home_decor,kolkata,0,0,none,geo_expansion
M0019,84,61,151610.14,2485.41,0.016823603017501878,0.0018210506638266636,1.3398,1.4606,home_decor,kolkata,0,0,none,geo_expansion
M0019,85,69,139615.71,2023.42,0.013517541054441633,0.0017923607449259332,0.9407,1.1621,home_decor,kolkata,0,0,none,geo_expansion
M0019,86,59,140943.42,2388.87,0.012767120489090148,0.0014901215784360305,1.3154,1.1306,home_decor,kolkata,0,0,none,geo_expansion
M0019,87,65,149390.68,2298.32,0.013724094771386326,0.001664329570643603,1.3361,1.1387,home_decor,kolkata,0,0,none,geo_expansion
M0019,88,54,122933.27,2276.54,0.018593546080777672,0.0016943414152403018,1.2212,1.2998,home_decor,kolkata,0,0,none,geo_expansion
M0019,89,53,136845.66,2581.99,0.017150313299433895,0.0017497520504161628,1.2634,1.4185,home_decor,kolkata,0,0,none,geo_expansion
M0019,90,59,148264.45,2512.96,0.01296869846579396,0.0016280053165005559,1.4512,1.4884,home_decor,kolkata,0,0,none,geo_expansion
M0019,91,64,172186.61,2690.42,0.01853692771891209,0.0014376412353842268,1.3471,1.6404,home_decor,kolkata,0,0,none,geo_expansion
M0019,92,59,149172.52,2528.35,0.014704945157063299,0.002092887989473365,1.0412,0.9103,home_decor,kolkata,0,0,none,geo_expansion
M0019,93,63,154852.38,2457.97,0.017442641520356048,0.0017123742001307121,1.2439,1.3357,home_decor,kolkata,0,0,none,geo_expansion
M0019,94,54,126584.59,2344.16,0.013141009790819013,0.0017784133052544439,1.433,1.2484,home_decor,kolkata,0,0,none,geo_expansion
M0019,95,54,122541.27,2269.28,0.016905136800489717,0.0022670170253215184,1.3019,1.3802,home_decor,kolkata,0,0,none,geo_expansion
M0019,96,58,141822.4,2445.21,0.013884801788173577,0.001302318614779391,1.4552,1.4089,home_decor,kolkata,0,0,none,geo_expansion
M0019,97,60,130369.16,2172.82,0.01294040510515176,0.0014810942899963278,1.039,1.2533,home_decor,kolkata,0,0,none,geo_expansion
M0019,98,61,152418.17,2498.66,0.015471860995372356,0.0016073847303855523,1.3905,1.2939,home_decor,kolkata,0,0,none,geo_expansion
M0019,99,60,140041.96,2334.03,0.015438948125393613,0.0018866393491493005,1.1827,1.192,home_decor,kolkata,0,0,none,geo_expansion
M0019,100,58,141273.0,2435.74,0.015711285231351384,0.0014988949696501145,1.2277,1.3633,home_decor,kolkata,0,0,none,geo_expansion
M0019,101,58,150691.36,2598.13,0.01758592233532388,0.0016236802466679868,1.1295,1.1932,home_decor,kolkata,0,0,none,geo_expansion
M0019,102,59,156234.94,2648.05,0.017162483953437876,0.0018688082369596733,0.9908,1.1819,home_decor,kolkata,0,0,none,geo_expansion
M0019,103,60,144459.73,2407.66,0.016397659394717184,0.0017133764144195956,1.1741,1.2449,home_decor,kolkata,0,0,none,geo_expansion
M0019,104,61,145813.0,2390.38,0.01693809670323725,0.0016819620864005425,1.3323,1.3906,home_decor,kolkata,0,0,none,geo_expansion
M0019,105,60,145779.75,2429.66,0.018267659151199905,0.0018611435107936767,1.1971,1.4091,home_decor,kolkata,0,0,none,geo_expansion
M0019,106,56,133939.04,2391.77,0.015475118353006263,0.0015780829304907619,1.6119,1.5806,home_decor,kolkata,0,0,none,geo_expansion
M0019,107,61,154689.1,2535.89,0.01906703422147252,0.0015276158849580773,1.3679,1.4687,home_decor,kolkata,0,0,none,geo_expansion
M0019,108,63,166808.4,2647.75,0.016580829167043377,0.0017942658263336371,1.3265,1.5094,home_decor,kolkata,0,0,none,geo_expansion
M0019,109,59,130383.93,2209.9,0.017424415745209403,0.0021116297439651545,1.3755,1.0878,home_decor,kolkata,0,0,none,geo_expansion
M0019,110,55,145365.01,2643.0,0.013030477280730141,0.001842622064548632,1.1857,1.1529,home_decor,kolkata,0,0,none,geo_expansion
M0019,111,63,159845.86,2537.24,0.013868336738222187,0.0015661627696248698,1.2436,1.2567,home_decor,kolkata,0,0,none,geo_expansion
M0019,112,59,138618.73,2349.47,0.016859615441398038,0.001760402274504638,1.2583,1.54,home_decor,kolkata,0,0,none,geo_expansion
M0019,113,55,134617.0,2447.58,0.017160904916414407,0.0016373215403749093,1.132,1.1323,home_decor,kolkata,0,0,none,geo_expansion
M0019,114,56,123765.71,2210.1,0.016420830707433456,0.001654624061213325,0.9404,1.3223,home_decor,kolkata,0,0,none,geo_expansion
M0019,115,57,143567.74,2518.73,0.013480177579532496,0.002355469842332346,1.3199,1.3229,home_decor,kolkata,0,0,none,geo_expansion
M0019,116,56,128513.31,2294.88,0.013869338863844066,0.001866126166066254,1.3271,1.4819,home_decor,kolkata,0,0,none,geo_expansion
M0019,117,64,143543.17,2242.86,0.015801601549929666,0.0024546764041092966,1.6822,1.5446,home_decor,kolkata,0,0,none,geo_expansion
M0019,118,57,149124.1,2616.21,0.00995800119698271,0.0018939031879083837,1.3033,1.42,home_decor,kolkata,0,0,none,geo_expansion
M0019,119,62,146943.97,2370.06,0.016434626334423007,0.0016993973795492658,1.5589,1.2737,home_decor,kolkata,0,0,none,geo_expansion
M0019,120,67,154505.73,2306.06,0.013845380459095696,0.0018999751040044484,1.2372,1.383,home_decor,kolkata,0,0,none,geo_expansion
M0019,121,61,151660.0,2486.23,0.014863018441383912,0.001721513066104575,1.3458,1.3078,home_decor,kolkata,0,0,none,geo_expansion
M0019,122,65,137306.2,2112.4,0.018779640673313898,0.0015025741239342559,1.1834,1.3289,home_decor,kolkata,0,0,none,geo_expansion
M0019,123,54,120405.54,2229.73,0.016517066578833443,0.0018387467422226386,1.1337,1.5101,home_decor,kolkata,0,0,none,geo_expansion
M0019,124,67,172094.46,2568.57,0.01707517545232272,0.0015305354581842884,1.3483,1.5028,home_decor,kolkata,0,0,none,geo_expansion
M0019,125,59,136977.7,2321.66,0.016229348011880612,0.0019422825632995854,1.2198,1.4896,home_decor,kolkata,0,0,none,geo_expansion
M0019,126,62,150926.21,2434.29,0.014774165014584638,0.0018014353127087485,1.2695,1.5837,home_decor,kolkata,0,0,none,geo_expansion
M0019,127,56,139689.15,2494.45,0.014382164183092868,0.001549572136386294,1.3519,1.0463,home_decor,kolkata,0,0,none,geo_expansion
M0019,128,61,154593.51,2534.32,0.016708185260346026,0.001810471423806885,1.312,1.3708,home_decor,kolkata,0,0,none,geo_expansion
M0019,129,57,132564.03,2325.68,0.015281622121977456,0.0018553961867348605,1.4821,1.0265,home_decor,kolkata,0,0,none,geo_expansion
M0019,130,63,140915.95,2236.76,0.014386594269750167,0.001642592247293325,1.2562,1.1517,home_decor,kolkata,0,0,none,geo_expansion
M0019,131,57,135745.94,2381.51,0.012628013754461926,0.0014006599636696342,1.5082,1.5834,home_decor,kolkata,0,0,none,geo_expansion
M0019,132,55,138992.47,2527.14,0.015626745587354458,0.001566930097337358,1.3341,0.8965,home_decor,kolkata,0,0,none,geo_expansion
M0019,133,56,120517.86,2152.1,0.015116972156798704,0.0019951944860566546,1.3135,1.2572,home_decor,kolkata,0,0,none,geo_expansion
M0019,134,67,161684.72,2413.2,0.014665030298122668,0.0017890313867189266,1.2059,1.5484,home_decor,kolkata,0,0,none,geo_expansion
M0019,135,53,123573.22,2331.57,0.016619566156432983,0.0018345962353680163,1.4589,1.0785,home_decor,kolkata,0,0,none,geo_expansion
M0019,136,52,130515.9,2509.92,0.016646392376153916,0.0018483771533540677,1.366,1.247,home_decor,kolkata,0,0,none,geo_expansion
M0019,137,56,132421.57,2364.67,0.015439955091138742,0.001980323688259491,1.5641,1.2435,home_decor,kolkata,0,0,none,geo_expansion
M0019,138,61,162131.5,2657.89,0.016728110566516817,0.0018775421729437221,1.2775,1.1264,home_decor,kolkata,0,0,none,geo_expansion
M0019,139,68,158300.8,2327.95,0.016765860456918844,0.001981456326732508,1.3273,1.2703,home_decor,kolkata,0,0,none,geo_expansion
M0019,140,63,152649.29,2423.0,0.016340601572069076,0.0019013298975031176,1.3431,1.1853,home_decor,kolkata,0,0,none,geo_expansion
M0019,141,60,133341.31,2222.36,0.01388571974899997,0.0017851060903962272,1.3207,1.0666,home_decor,kolkata,0,0,none,geo_expansion
M0019,142,66,155973.94,2363.24,0.015334669736820484,0.0015459461301598068,1.2835,1.2141,home_decor,kolkata,0,0,none,geo_expansion
M0019,143,64,153247.67,2394.49,0.01537276025433122,0.0018901541892114712,1.4041,1.0594,home_decor,kolkata,0,0,none,geo_expansion
M0019,144,61,164041.7,2689.21,0.01558520081054153,0.001896988292037097,1.1759,1.2475,home_decor,kolkata,0,0,none,geo_expansion
M0019,145,71,166900.74,2350.71,0.01762745439763831,0.001759194851603961,1.3437,1.3478,home_decor,kolkata,0,0,none,geo_expansion
M0019,146,58,160349.6,2764.65,0.01329892448876814,0.0019319327056684507,1.5001,1.2774,home_decor,kolkata,0,0,none,geo_expansion
M0019,147,59,130153.28,2205.99,0.016538831094884934,0.0016061835411222327,1.3336,1.4923,home_decor,kolkata,0,0,none,geo_expansion
M0019,148,59,135756.24,2300.95,0.014413724798918275,0.0019435198952062797,1.2799,1.4173,home_decor,kolkata,0,0,none,geo_expansion
M0019,149,55,132948.36,2417.24,0.01627199186671848,0.0022119830977024913,1.1127,1.222,home_decor,kolkata,0,0,none,geo_expansion
M0019,150,59,139787.01,2369.27,0.015989829608008876,0.0017205020898657722,1.3369,1.3226,home_decor,kolkata,0,0,none,geo_expansion
M0019,151,59,128926.91,2185.2,0.014240586298551178,0.0025063741862729407,1.4477,1.0243,home_decor,kolkata,0,0,none,geo_expansion
M0019,152,60,136281.97,2271.37,0.018203230917213185,0.0017849496036061391,1.427,1.3931,home_decor,kolkata,0,0,none,geo_expansion
M0019,153,58,145926.9,2515.98,0.01445222645706802,0.0022100635772073804,1.2277,1.1724,home_decor,kolkata,0,0,none,geo_expansion
M0019,154,59,146644.22,2485.5,0.016307177275595174,0.0017118492009602737,1.1628,1.3181,home_decor,kolkata,0,0,none,geo_expansion
M0019,155,56,132016.95,2357.45,0.017359670346298848,0.0019083638158763076,0.989,1.3332,home_decor,kolkata,0,0,none,geo_expansion
M0019,156,58,132081.16,2277.26,0.014878335505134782,0.002258554293919143,1.4031,1.5689,home_decor,kolkata,0,0,none,geo_expansion
M0019,157,66,142767.2,2163.14,0.013879803101806691,0.001849813576253699,1.1795,1.6493,home_decor,kolkata,0,0,none,geo_expansion
M0019,158,72,179126.05,2487.86,0.019181859611642146,0.0017199173673658676,1.3539,1.4962,home_decor,kolkata,0,0,none,geo_expansion
M0019,159,62,155819.31,2513.21,0.017842538234808934,0.002044855635635594,1.1344,1.4922,home_decor,kolkata,0,0,none,geo_expansion
M0019,160,63,147881.46,2347.32,0.014939016038892044,0.0021203606102512536,1.2436,1.3458,home_decor,kolkata,0,0,none,geo_expansion
M0019,161,66,170082.66,2577.01,0.013941209824596939,0.0020046950364500833,1.4823,1.4213,home_decor,kolkata,0,0,none,geo_expansion
M0019,162,70,178881.95,2555.46,0.018766647009616354,0.0021345258614544798,1.5154,1.511,home_decor,kolkata,0,0,none,geo_expansion
M0019,163,62,151905.56,2450.09,0.014465281960547041,0.002008140212597444,1.2954,1.3998,home_decor,kolkata,0,0,none,geo_expansion
M0019,164,60,148553.44,2475.89,0.014628301382167863,0.0017910077646538895,1.2006,1.1602,home_decor,kolkata,0,0,none,geo_expansion
M0019,165,51,133456.01,2616.78,0.016370639684535202,0.001984321969078669,1.2754,1.5803,home_decor,kolkata,0,1,geo_expansion,geo_expansion
M0019,166,66,155791.05,2360.47,0.012999836066937354,0.0015246491497017856,1.0512,1.4612,home_decor,kolkata,0,1,geo_expansion,geo_expansion
M0019,167,58,145501.71,2508.65,0.014042606245538146,0.001435319045511916,1.26,1.3228,home_decor,pune,0,1,geo_expansion,geo_expansion
M0019,168,69,154739.84,2242.61,0.012579480276268528,0.00202028156057891,1.3539,1.2042,home_decor,kolkata,0,1,geo_expansion,geo_expansion
M0019,169,69,177359.64,2570.43,0.016532750062366118,0.002027932319863006,1.2544,1.3112,home_decor,kolkata,0,1,geo_expansion,geo_expansion
M0019,170,59,146340.27,2480.34,0.013609319664732455,0.0016435315902155105,1.1167,1.2141,home_decor,kolkata,0,1,geo_expansion,geo_expansion
M0019,171,58,128235.6,2210.96,0.011774163148001279,0.0013729828575644765,1.4118,1.3242,home_decor,pune,0,1,geo_expansion,geo_expansion
M0019,172,62,151644.14,2445.87,0.015156119329498832,0.0017492445543378333,1.23,1.4,home_decor,kolkata,0,1,geo_expansion,geo_expansion
M0019,173,65,172846.24,2659.17,0.017206346824418434,0.0020210923895972407,1.6201,1.5782,home_decor,kolkata,0,1,geo_expansion,geo_expansion
M0019,174,79,193828.01,2453.52,0.017195660233069197,0.0012443536103753585,1.1948,1.2614,home_decor,kolkata,0,1,geo_expansion,geo_expansion
M0019,175,65,142411.82,2190.95,0.0121829909940057,0.0018030355042265504,0.8296,1.4502,home_decor,kolkata,0,1,geo_expansion,geo_expansion
M0019,176,68,171177.97,2517.32,0.015342885154461314,0.0018159200944430406,1.1682,1.2141,home_decor,pune,0,1,geo_expansion,geo_expansion
M0019,177,62,146850.77,2368.56,0.01641610819188302,0.0019006277002097882,1.2736,1.0252,home_decor,kolkata,0,1,geo_expansion,geo_expansion
M0019,178,74,168963.59,2283.29,0.012660835461482499,0.0015674272212820861,1.0201,1.4511,home_decor,kolkata,0,1,geo_expansion,geo_expansion
M0019,179,68,166850.23,2453.68,0.013288133701730796,0.0019545853885108103,1.2872,1.4706,home_decor,kolkata,0,1,geo_expansion,geo_expansion
M0019,180,74,179988.06,2432.27,0.01320717497987951,0.0016695930957204017,1.2526,1.5223,home_decor,pune,0,1,geo_expansion,geo_expansion
M0019,181,74,163665.82,2211.7,0.015019690577041738,0.0019924935118673906,1.2987,1.3383,home_decor,kolkata,0,1,geo_expansion,geo_expansion
M0019,182,80,183867.47,2298.34,0.01527425823070212,0.002190437314482651,1.0018,1.5134,home_decor,kolkata,0,1,geo_expansion,geo_expansion
M0019,183,65,162092.13,2493.73,0.01422178163842739,0.001601607497173595,1.2773,1.5728,home_decor,kolkata,0,1,geo_expansion,geo_expansion
M0019,184,66,169679.64,2570.9,0.01702334523781355,0.0018178448959959219,1.3285,1.203,home_decor,kolkata,0,1,geo_expansion,geo_expansion
M0019,185,61,151914.94,2490.41,0.01256117843777387,0.0010531651001648048,1.1469,1.4113,home_decor,kolkata,0,1,geo_expansion,geo_expansion
M0019,186,65,144830.19,2228.16,0.018452975670603642,0.0017291165878976918,1.024,1.5098,home_decor,kolkata,0,1,geo_expansion,geo_expansion
M0019,187,66,156956.59,2378.13,0.012377263447761248,0.0018554199526046669,1.2495,1.4239,home_decor,kolkata,0,1,geo_expansion,geo_expansion
M0019,188,61,149521.04,2451.16,0.01692723303920212,0.0018487819866298677,1.4634,1.3562,home_decor,kolkata,0,1,geo_expansion,geo_expansion
M0019,189,68,175102.13,2575.03,0.014186908445825078,0.001668062694617031,1.5457,1.4718,home_decor,kolkata,0,1,geo_expansion,geo_expansion
M0019,190,71,170989.77,2408.31,0.0167893118446366,0.0017855930345587912,1.3681,1.3755,home_decor,kolkata,0,1,geo_expansion,geo_expansion
M0019,191,75,160483.42,2139.78,0.015710516897737045,0.0016311340150066474,1.2247,1.5161,home_decor,kolkata,0,1,geo_expansion,geo_expansion
M0019,192,75,193260.82,2576.81,0.010349358102801616,0.001604581798946942,1.2841,1.207,home_decor,kolkata,0,1,geo_expansion,geo_expansion
M0019,193,67,156187.64,2331.16,0.013753351786414198,0.0015947911425771108,1.5899,1.5119,home_decor,kolkata,0,1,geo_expansion,geo_expansion
M0019,194,73,167335.11,2292.26,0.012613597722671763,0.0015753914774003907,1.3483,1.5393,home_decor,kolkata,0,1,geo_expansion,geo_expansion
M0019,195,74,180918.06,2444.84,0.018926053956153314,0.0017221347464307243,1.3224,1.3753,home_decor,kolkata,0,1,geo_expansion,geo_expansion
M0019,196,80,205904.01,2573.8,0.013038082490888944,0.0016915849740004117,1.4784,1.3559,home_decor,kolkata,0,1,geo_expansion,geo_expansion
M0019,197,66,158641.07,2403.65,0.01147444230182308,0.0019261886794268734,1.4155,1.5067,home_decor,kolkata,0,1,geo_expansion,geo_expansion
M0019,198,71,166073.75,2339.07,0.01688030639597007,0.0016685927735163681,1.4531,1.4099,home_decor,kolkata,0,1,geo_expansion,geo_expansion
M0019,199,74,157206.78,2124.42,0.014502483330239839,0.0018186321772354496,1.3617,1.7032,home_decor,kolkata,0,1,geo_expansion,geo_expansion
M0019,200,56,141024.19,2518.29,0.015032150590143692,0.002005247812424211,1.3878,1.3885,home_decor,kolkata,0,1,geo_expansion,geo_expansion
M0019,201,72,181569.62,2521.8,0.01646710497364918,0.0017321444581530742,1.2805,1.322,home_decor,kolkata,0,1,geo_expansion,geo_expansion
M0019,202,64,166850.86,2607.04,0.016013647675265395,0.0015904129078457758,1.508,1.3864,home_decor,kolkata,0,1,geo_expansion,geo_expansion
M0019,203,66,138976.84,2105.71,0.01675231470763736,0.0016677476670170215,1.1992,1.6384,home_decor,kolkata,0,1,geo_expansion,geo_expansion
M0019,204,81,216332.1,2670.77,0.015644175098435777,0.0018044552255687585,0.9916,1.6619,home_decor,kolkata,0,1,geo_expansion,geo_expansion
M0019,205,78,190241.15,2438.99,0.017939250815502555,0.002508553487022089,1.3043,1.646,home_decor,kolkata,0,1,geo_expansion,geo_expansion
M0019,206,71,181043.37,2549.91,0.012986024262658515,0.002100941157336455,1.1646,1.2834,home_decor,kolkata,0,1,geo_expansion,geo_expansion
M0019,207,70,156830.87,2240.44,0.01575664893006513,0.0016856096483384687,1.4568,1.4797,home_decor,pune,0,1,geo_expansion,geo_expansion
M0019,208,74,173483.85,2344.38,0.01285931556501581,0.0020873286420407555,1.2421,1.6466,home_decor,kolkata,0,1,geo_expansion,geo_expansion
M0019,209,66,172268.88,2610.13,0.018042163853140197,0.0014193430956973814,1.1534,1.3808,home_decor,kolkata,0,1,geo_expansion,geo_expansion
M0019,210,64,143903.89,2248.5,0.01333433749257429,0.0019281620326403925,1.1783,1.3046,home_decor,kolkata,0,1,geo_expansion,geo_expansion
M0019,211,68,141093.98,2074.91,0.01612668408180923,0.0022310098824702626,1.3587,1.228,home_decor,kolkata,0,1,geo_expansion,geo_expansion
M0019,212,73,199024.89,2726.37,0.015376334105297474,0.0017413819858545978,0.9529,1.0768,home_decor,kolkata,0,1,geo_expansion,geo_expansion
M0019,213,71,162075.91,2282.76,0.014644543694491103,0.0019491111955181367,1.3413,1.458,home_decor,pune,0,1,geo_expansion,geo_expansion
M0019,214,65,153129.19,2355.83,0.012598888655793049,0.00199888736981721,1.4837,1.3511,home_decor,kolkata,0,1,geo_expansion,geo_expansion
M0019,215,67,156699.51,2338.8,0.014929244689718768,0.0012106498877673677,1.0913,1.3885,home_decor,kolkata,0,1,geo_expansion,geo_expansion
M0019,216,69,177147.58,2567.36,0.013446659056355536,0.0018393251366675381,1.3294,1.2909,home_decor,kolkata,0,1,geo_expansion,geo_expansion
M0019,217,64,156568.47,2446.38,0.01431945413875516,0.001795413926229967,1.3495,1.1738,home_decor,kolkata,0,1,geo_expansion,geo_expansion
M0019,218,73,172761.38,2366.59,0.016045284335410415,0.002004795011968548,1.2786,1.2558,home_decor,kolkata,0,1,geo_expansion,geo_expansion
M0019,219,65,170858.06,2628.59,0.01621209738948725,0.0016238420258210342,1.3709,1.5311,home_decor,kolkata,0,1,geo_expansion,geo_expansion
M0019,220,64,152043.64,2375.68,0.012592246613722931,0.0016618598143950901,1.2762,1.3556,home_decor,kolkata,0,1,geo_expansion,geo_expansion
M0019,221,72,172230.33,2392.09,0.014194134009626692,0.0014965027493814421,1.353,1.2506,home_decor,kolkata,0,1,geo_expansion,geo_expansion
M0019,222,74,189420.11,2559.73,0.015263631124361113,0.0018186725835327708,1.1736,1.2762,home_decor,kolkata,0,1,geo_expansion,geo_expansion
M0019,223,63,147962.21,2348.61,0.013196111803956573,0.0020119093322195796,1.0449,1.6363,home_decor,kolkata,0,1,geo_expansion,geo_expansion
M0019,224,66,153973.38,2332.93,0.020145272774074623,0.001885385173311264,1.4553,1.2568,home_decor,kolkata,0,1,geo_expansion,geo_expansion
M0019,225,69,166707.63,2416.05,0.015376981976201562,0.002086005415141781,1.2807,1.3933,home_decor,kolkata,0,1,geo_expansion,geo_expansion
M0019,226,63,140258.25,2226.32,0.018510353037281966,0.001772098253269812,1.1671,1.6672,home_decor,kolkata,0,1,geo_expansion,geo_expansion
M0019,227,76,185087.98,2435.37,0.014664809809591384,0.001904767576580577,1.295,1.6012,home_decor,kolkata,0,1,geo_expansion,geo_expansion
M0019,228,81,189770.56,2342.85,0.01772095700739084,0.0015758076178316717,1.4001,1.5367,home_decor,pune,0,1,geo_expansion,geo_expansion
M0019,229,67,160434.3,2394.54,0.015163414810954247,0.0015085301934445491,1.3732,1.248,home_decor,pune,0,1,geo_expansion,geo_expansion
M0019,230,71,186138.34,2621.67,0.013747561769318935,0.0017807286431676043,1.5169,1.8498,home_decor,pune,0,1,geo_expansion,geo_expansion
M0019,231,80,202845.3,2535.57,0.016463745011277425,0.0018070697196342867,1.5838,1.585,home_decor,kolkata,0,1,geo_expansion,geo_expansion
M0019,232,76,174982.67,2302.4,0.017080840809765147,0.001707874259966581,1.1203,1.3544,home_decor,kolkata,0,1,geo_expansion,geo_expansion
M0019,233,75,178862.48,2384.83,0.014627547845404936,0.0013115962670911688,1.5727,1.4565,home_decor,kolkata,0,1,geo_expansion,geo_expansion
M0019,234,71,171009.27,2408.58,0.016336507630992616,0.0017218160526550935,1.1718,1.2173,home_decor,pune,0,1,geo_expansion,geo_expansion
M0019,235,67,161448.66,2409.68,0.014090658838200997,0.0019481919388223004,0.9206,1.425,home_decor,kolkata,0,1,geo_expansion,geo_expansion
M0019,236,68,169246.84,2488.92,0.014166295442933156,0.00227920844016809,1.1035,1.6971,home_decor,kolkata,0,1,geo_expansion,geo_expansion
M0019,237,70,165395.39,2362.79,0.01677307301831397,0.002291298434951514,1.2739,1.4486,home_decor,kolkata,0,1,geo_expansion,geo_expansion
M0019,238,81,187029.53,2309.01,0.013698314477935332,0.0017791003940855795,1.4366,1.6,home_decor,kolkata,0,1,geo_expansion,geo_expansion
M0019,239,77,179069.46,2325.58,0.016740342518439227,0.0021877485044648507,1.2774,1.3964,home_decor,kolkata,0,1,geo_expansion,geo_expansion
M0020,0,58,112331.17,1936.74,0.0739365071322166,0.005803480666433474,1.3382,1.527,groceries,kolkata,0,0,none,geo_expansion
M0020,1,47,91553.88,1947.95,0.059088906174509834,0.005339389615449899,1.2918,1.5442,groceries,kolkata,0,0,none,geo_expansion
M0020,2,55,108036.2,1964.29,0.07599170153819543,0.0077422336021537854,1.4531,1.1827,groceries,kolkata,0,0,none,geo_expansion
M0020,3,48,93959.92,1957.5,0.06660244149272965,0.006786977776779959,1.3843,1.4177,groceries,kolkata,0,0,none,geo_expansion
M0020,4,52,99214.77,1907.98,0.059996866711474944,0.007826999912953297,1.2694,1.497,groceries,kolkata,0,0,none,geo_expansion
M0020,5,49,100062.88,2042.1,0.07027169532412998,0.005393571092789821,1.0558,1.4096,groceries,kolkata,0,0,none,geo_expansion
M0020,6,44,77693.97,1765.77,0.07808067221754936,0.005761410910313093,1.5003,0.8583,groceries,kolkata,0,0,none,geo_expansion
M0020,7,45,87494.7,1944.33,0.05761462742998249,0.008454258813781448,1.4344,1.4252,groceries,kolkata,0,0,none,geo_expansion
M0020,8,58,116216.92,2003.74,0.0820345756844623,0.0047498328140421365,1.1905,1.1214,groceries,kolkata,0,0,none,geo_expansion
M0020,9,43,79993.03,1860.3,0.0738553043271563,0.005173358796096615,1.5817,1.2309,groceries,kolkata,0,0,none,geo_expansion
M0020,10,47,87622.37,1864.31,0.07224913537196834,0.0033932158953842487,1.1964,1.0999,groceries,kolkata,0,0,none,geo_expansion
M0020,11,50,91062.67,1821.25,0.07083795361659018,0.005760630131262562,0.922,1.3234,groceries,kolkata,0,0,none,geo_expansion
M0020,12,47,102328.97,2177.21,0.07492320978527023,0.0073662979582628275,1.2075,1.2197,groceries,kolkata,0,0,none,geo_expansion
M0020,13,53,96342.88,1817.79,0.06116004338535196,0.007291584269061281,1.4353,1.1321,groceries,kolkata,0,0,none,geo_expansion
M0020,14,55,113193.88,2058.07,0.07714391091018391,0.0054923630785321245,1.2444,1.1618,groceries,kolkata,0,0,none,geo_expansion
M0020,15,52,99575.13,1914.91,0.0746284075538079,0.005927389537224207,1.3612,1.7117,groceries,kolkata,0,0,none,geo_expansion
M0020,16,45,82395.73,1831.02,0.06684877157219042,0.005371841565861851,1.5449,1.2021,groceries,kolkata,0,0,none,geo_expansion
M0020,17,49,85297.28,1740.76,0.06886750297968927,0.006903404577149847,1.4181,1.3418,groceries,kolkata,0,0,none,geo_expansion
M0020,18,55,99180.84,1803.29,0.0721140419629265,0.008055542986168394,1.423,1.41,groceries,kolkata,0,0,none,geo_expansion
M0020,19,54,92348.34,1710.15,0.0611089945479414,0.007437796622931891,0.9244,1.0477,groceries,kolkata,0,0,none,geo_expansion
M0020,20,48,100514.28,2094.05,0.06042602088484142,0.006833574063564336,1.3405,0.7784,groceries,kolkata,0,0,none,geo_expansion
M0020,21,42,78866.13,1877.76,0.0588390315331447,0.006206019205118681,1.1442,1.2397,groceries,kolkata,0,0,none,geo_expansion
M0020,22,45,87141.4,1936.48,0.07883236631404654,0.005618677369907205,1.4272,1.2195,groceries,kolkata,0,0,none,geo_expansion
M0020,23,52,103677.2,1993.79,0.07553292677295571,0.006971896945714287,1.2081,1.3286,groceries,kolkata,0,0,none,geo_expansion
M0020,24,47,90881.86,1933.66,0.06419439121182216,0.006435925947832515,0.8378,1.4626,groceries,kolkata,0,0,none,geo_expansion
M0020,25,47,87351.35,1858.54,0.07475141749250716,0.006033663960382772,1.2497,1.4664,groceries,kolkata,0,0,none,geo_expansion
M0020,26,54,101781.04,1884.83,0.05761103783104552,0.007059314103165136,1.3231,1.5467,groceries,kolkata,0,0,none,geo_expansion
M0020,27,53,104720.34,1975.86,0.05448090080751001,0.005575898890862419,1.2587,1.0082,groceries,kolkata,0,0,none,geo_expansion
M0020,28,51,105924.11,2076.94,0.07509828265940584,0.0059720200933777445,1.4692,1.6023,groceries,kolkata,0,0,none,geo_expansion
M0020,29,59,110942.01,1880.37,0.07821560602771722,0.0066753348697565,1.3134,1.3149,groceries,kolkata,0,0,none,geo_expansion
M0020,30,54,97457.38,1804.77,0.07019188834391418,0.007025061284324784,1.1615,1.3571,groceries,kolkata,0,0,none,geo_expansion
M0020,31,46,89627.01,1948.41,0.061869391618039477,0.006093781653757183,1.3127,1.0979,groceries,kolkata,0,0,none,geo_expansion
M0020,32,49,87208.9,1779.77,0.05878762381788511,0.005098113770583983,1.4054,1.1514,groceries,kolkata,0,0,none,geo_expansion
M0020,33,48,87447.95,1821.83,0.06481989665973097,0.005930849349425765,1.2283,1.2145,groceries,kolkata,0,0,none,geo_expansion
M0020,34,47,92837.36,1975.26,0.061416307986297804,0.00542675184495025,1.4098,1.2848,groceries,kolkata,0,0,none,geo_expansion
M0020,35,53,95060.61,1793.6,0.06821894358811426,0.006317462556996938,1.2565,1.2274,groceries,kolkata,0,0,none,geo_expansion
M0020,36,54,95295.69,1764.74,0.07056887084254486,0.007947137194824072,1.2388,1.2275,groceries,kolkata,0,0,none,geo_expansion
M0020,37,48,81311.13,1693.98,0.06688314301872043,0.006027205016142709,1.549,1.3305,groceries,kolkata,0,0,none,geo_expansion
M0020,38,49,90367.22,1844.23,0.060495573061646296,0.006885936279846699,1.3525,1.052,groceries,kolkata,0,0,none,geo_expansion
M0020,39,50,93299.3,1865.99,0.0576099816105891,0.00685769262589412,1.2017,1.1939,groceries,kolkata,0,0,none,geo_expansion
M0020,40,48,93163.5,1940.91,0.06746828783856226,0.005958329882978221,1.2206,1.2671,groceries,kolkata,0,0,none,geo_expansion
M0020,41,57,108602.57,1905.31,0.0792321235031188,0.006098321126020537,1.5406,1.3797,groceries,kolkata,0,0,none,geo_expansion
M0020,42,46,81638.22,1774.74,0.0811500962285819,0.006144020635959257,1.4149,1.5597,groceries,kolkata,0,0,none,geo_expansion
M0020,43,47,92745.39,1973.31,0.06538269674979186,0.0077527112820273015,1.4151,1.1089,groceries,kolkata,0,0,none,geo_expansion
M0020,44,55,101886.06,1852.47,0.06147000204878641,0.005597103044980513,1.2551,0.8792,groceries,kolkata,0,0,none,geo_expansion
M0020,45,48,92335.58,1923.66,0.0848404731514156,0.0057957376845537405,1.2103,1.2723,groceries,kolkata,0,0,none,geo_expansion
M0020,46,56,101394.73,1810.62,0.07037156546603938,0.005816461067040249,1.4518,1.438,groceries,kolkata,0,0,none,geo_expansion
M0020,47,53,99624.65,1879.71,0.07543220637284448,0.007298924190735141,1.2437,1.2613,groceries,kolkata,0,0,none,geo_expansion
M0020,48,52,100310.7,1929.05,0.05637730896303682,0.00487753194417128,1.3275,0.8903,groceries,kolkata,0,0,none,geo_expansion
M0020,49,52,95494.44,1836.43,0.07663853473179885,0.006007028429779924,1.496,1.4906,groceries,kolkata,0,0,none,geo_expansion
M0020,50,47,95485.63,2031.61,0.06578297860023498,0.006604560354944765,1.1326,1.5183,groceries,kolkata,0,0,none,geo_expansion
M0020,51,45,88148.85,1958.86,0.08076771798594228,0.0064021412237140396,1.2629,1.0269,groceries,kolkata,0,0,none,geo_expansion
M0020,52,58,116921.41,2015.89,0.06682511556246963,0.006854940394414018,1.3119,1.0808,groceries,kolkata,0,0,none,geo_expansion
M0020,53,54,104069.02,1927.2,0.06633951619687127,0.007223530925334224,1.2665,1.4206,groceries,kolkata,0,0,none,geo_expansion
M0020,54,48,85012.85,1771.1,0.06471593802617127,0.005959051466839143,1.3031,1.3826,groceries,kolkata,0,0,none,geo_expansion
M0020,55,52,107101.85,2059.65,0.07288249855640946,0.006334483855658228,1.0585,1.3422,groceries,kolkata,0,0,none,geo_expansion
M0020,56,51,98503.44,1931.44,0.059794229818304345,0.0062378529282753285,1.207,0.9468,groceries,kolkata,0,0,none,geo_expansion
M0020,57,51,93900.86,1841.19,0.06300739082413864,0.006380861038983453,1.0556,1.4654,groceries,kolkata,0,0,none,geo_expansion
M0020,58,52,101136.58,1944.93,0.06760215903096463,0.0074158912494615955,1.2655,1.2571,groceries,kolkata,0,0,none,geo_expansion
M0020,59,48,86786.92,1808.06,0.06966976762335662,0.007801312682436698,1.1567,1.3429,groceries,kolkata,0,0,none,geo_expansion
M0020,60,54,104741.84,1939.66,0.07136161799288193,0.0035255206178341726,1.5283,1.2547,groceries,kolkata,0,0,none,geo_expansion
M0020,61,51,102318.06,2006.24,0.06988507228503542,0.006243847228999543,1.3619,1.2511,groceries,kolkata,0,0,none,geo_expansion
M0020,62,52,108314.0,2082.96,0.06062518292045984,0.005448837780056686,1.4129,1.7987,groceries,kolkata,0,0,none,geo_expansion
M0020,63,56,103042.33,1840.04,0.07692704384487888,0.005450321128732716,1.2529,1.2319,groceries,kolkata,0,0,none,geo_expansion
M0020,64,49,95910.66,1957.36,0.06455810574724088,0.008365703511550497,1.1251,1.422,groceries,kolkata,0,0,none,geo_expansion
M0020,65,57,114666.19,2011.69,0.07365148833792676,0.006398997550837171,1.2937,1.1103,groceries,kolkata,0,0,none,geo_expansion
M0020,66,51,96365.2,1889.51,0.049928540252018955,0.006099370118365899,1.2021,1.1474,groceries,kolkata,0,0,none,geo_expansion
M0020,67,47,89796.74,1910.57,0.06608978434289393,0.0050059308060356345,1.2497,1.1297,groceries,kolkata,0,0,none,geo_expansion
M0020,68,53,94886.51,1790.31,0.06193977166791373,0.006769513094439429,1.149,1.4433,groceries,kolkata,0,0,none,geo_expansion
M0020,69,49,96788.55,1975.28,0.06107573105046049,0.006121412888884777,1.5624,1.364,groceries,kolkata,0,0,none,geo_expansion
M0020,70,48,97275.17,2026.57,0.0831367328552922,0.007209075346164658,1.2258,1.0846,groceries,kolkata,0,0,none,geo_expansion
M0020,71,50,90762.21,1815.24,0.053390434010308484,0.006048798607217191,1.3785,1.412,groceries,kolkata,0,0,none,geo_expansion
M0020,72,46,90380.85,1964.8,0.06525614467958028,0.006552116543454273,1.03,1.4392,groceries,kolkata,0,0,none,geo_expansion
M0020,73,49,95827.71,1955.67,0.05799854653219958,0.006850066851590738,1.2965,1.3867,groceries,kolkata,0,0,none,geo_expansion
M0020,74,48,87168.99,1816.02,0.05020823946117619,0.007038080771370079,1.2686,1.3359,groceries,kolkata,0,0,none,geo_expansion
M0020,75,55,100663.78,1830.25,0.06676109713569241,0.007535713050702543,1.1798,1.3308,groceries,kolkata,0,0,none,geo_expansion
M0020,76,52,96093.94,1847.96,0.05588894327469273,0.0070026885474339315,1.3373,1.2808,groceries,kolkata,0,0,none,geo_expansion
M0020,77,49,92886.43,1895.64,0.0690215283929524,0.0057537388275762345,1.1179,1.8213,groceries,kolkata,0,0,none,geo_expansion
M0020,78,52,89410.75,1719.44,0.07169314085248449,0.006667320963278873,1.0887,1.2141,groceries,kolkata,0,0,none,geo_expansion
M0020,79,56,104180.7,1860.37,0.06527775078076704,0.005308969128755637,1.2634,0.8333,groceries,kolkata,0,0,none,geo_expansion
M0020,80,51,98670.07,1934.71,0.06499133995291376,0.006762995151093237,1.1954,1.9153,groceries,kolkata,0,0,none,geo_expansion
M0020,81,46,86518.09,1880.83,0.08102169216900942,0.006836237027993854,1.1903,1.3858,groceries,kolkata,0,0,none,geo_expansion
M0020,82,49,88534.73,1806.83,0.06992676448615376,0.005931515605806398,1.3222,1.052,groceries,kolkata,0,0,none,geo_expansion
M0020,83,50,87052.5,1741.05,0.07346647786496047,0.008359098651475508,1.3663,0.9602,groceries,kolkata,0,0,none,geo_expansion
M0020,84,47,85623.36,1821.77,0.06826784492613507,0.005508176090348264,1.2735,1.4187,groceries,kolkata,0,0,none,geo_expansion
M0020,85,51,98572.4,1932.79,0.05949360395586156,0.00557788971798792,1.258,1.377,groceries,kolkata,0,0,none,geo_expansion
M0020,86,49,91075.29,1858.68,0.07797491049760352,0.0067471528716581625,1.334,1.3525,groceries,kolkata,0,0,none,geo_expansion
M0020,87,55,95499.18,1736.35,0.05978224150553034,0.0055741202451539225,1.1752,1.4524,groceries,kolkata,0,0,none,geo_expansion
M0020,88,53,101469.98,1914.53,0.05776524539680597,0.0038976805496366363,1.4502,1.1233,groceries,kolkata,0,0,none,geo_expansion
M0020,89,50,88446.96,1768.94,0.0715428969795871,0.006254211582938032,1.4686,0.9904,groceries,kolkata,0,0,none,geo_expansion
M0020,90,47,88461.28,1882.15,0.0662615944410219,0.00778086090148622,1.253,1.2365,groceries,kolkata,0,0,none,geo_expansion
M0020,91,50,98437.05,1968.74,0.07463178532328985,0.008550075100331643,0.8949,1.2541,groceries,kolkata,0,0,none,geo_expansion
M0020,92,54,95526.38,1769.01,0.06468468178207874,0.007114105244816431,1.3555,1.2822,groceries,kolkata,0,0,none,geo_expansion
M0020,93,41,79337.89,1935.07,0.06368116444810697,0.006890129596618532,1.4285,1.129,groceries,kolkata,0,0,none,geo_expansion
M0020,94,50,92172.09,1843.44,0.06978419112976166,0.007211857677593184,1.2453,1.3096,groceries,kolkata,0,0,none,geo_expansion
M0020,95,47,93085.78,1980.55,0.07129482431772376,0.005647105735727484,1.1369,0.9046,groceries,kolkata,0,0,none,geo_expansion
M0020,96,45,87274.78,1939.44,0.0817186798188929,0.006023084273559246,1.3514,1.3553,groceries,kolkata,0,0,none,geo_expansion
M0020,97,53,102431.93,1932.68,0.07328722452672472,0.0076946205592137015,1.2338,1.2026,groceries,kolkata,0,0,none,geo_expansion
M0020,98,49,94409.44,1926.72,0.07645636198721391,0.005773746063721553,1.0076,1.0414,groceries,kolkata,0,0,none,geo_expansion
M0020,99,55,100175.15,1821.37,0.06557057765308624,0.006364228162000726,1.6084,1.2325,groceries,kolkata,0,0,none,geo_expansion
M0020,100,56,123230.75,2200.55,0.08062340741762725,0.007295179793204368,1.4319,1.5408,groceries,kolkata,0,0,none,geo_expansion
M0020,101,49,97403.51,1987.83,0.06699578894875581,0.006658193523067897,1.334,1.307,groceries,kolkata,0,0,none,geo_expansion
M0020,102,55,102164.37,1857.53,0.0690070893380162,0.006587834055353715,1.2266,1.2881,groceries,kolkata,0,0,none,geo_expansion
M0020,103,50,111426.4,2228.53,0.07230351607914581,0.006529224553527243,0.9054,1.4638,groceries,kolkata,0,0,none,geo_expansion
M0020,104,48,80051.12,1667.73,0.058889444833003436,0.0076738776952007485,1.3264,1.5499,groceries,kolkata,0,0,none,geo_expansion
M0020,105,45,92203.72,2048.97,0.06044993425703455,0.006140465922991843,0.8594,0.9905,groceries,kolkata,0,0,none,geo_expansion
M0020,106,41,79671.78,1943.21,0.06934022913370665,0.00734354862766316,1.3271,1.2809,groceries,kolkata,0,0,none,geo_expansion
M0020,107,47,89925.08,1913.3,0.04714505119704931,0.006902434943880269,1.4762,1.2863,groceries,kolkata,0,0,none,geo_expansion
M0020,108,45,93254.44,2072.32,0.07420967950989192,0.005179438842419485,1.3634,1.583,groceries,kolkata,0,0,none,geo_expansion
M0020,109,48,93745.92,1953.04,0.06050565275504659,0.007699726556477598,1.2093,1.1235,groceries,kolkata,0,0,none,geo_expansion
M0020,110,54,104103.5,1927.84,0.06605304028089289,0.005925180294629652,0.7515,1.2034,groceries,kolkata,0,0,none,geo_expansion
M0020,111,50,106622.42,2132.45,0.07644219282431788,0.006817117990481318,1.5487,1.0719,groceries,kolkata,0,0,none,geo_expansion
M0020,112,55,110589.58,2010.72,0.06157559053187232,0.006962352596117803,1.4494,1.223,groceries,kolkata,0,0,none,geo_expansion
M0020,113,54,105389.72,1951.66,0.06785715850200863,0.006865986000893627,1.1507,1.2422,groceries,kolkata,0,0,none,geo_expansion
M0020,114,60,109529.55,1825.49,0.06838672528704187,0.006287210114572108,1.3039,1.2446,groceries,kolkata,0,0,none,geo_expansion
M0020,115,42,83781.61,1994.8,0.06760231075004593,0.0061466175718129365,1.3882,1.2526,groceries,kolkata,0,0,none,geo_expansion
M0020,116,51,92064.67,1805.19,0.0636166223141218,0.006620720812098381,1.3071,1.3124,groceries,kolkata,0,0,none,geo_expansion
M0020,117,49,88173.82,1799.47,0.07422152324753344,0.004421906821800032,1.3525,1.415,groceries,kolkata,0,0,none,geo_expansion
M0020,118,47,95064.66,2022.65,0.07111325476663186,0.005597996328043739,1.1907,1.0653,groceries,kolkata,0,0,none,geo_expansion
M0020,119,55,95248.1,1731.78,0.05215369303185252,0.0050871713142144285,1.32,1.7054,groceries,kolkata,0,0,none,geo_expansion
M0020,120,43,77989.75,1813.72,0.08562540699320638,0.005547625128962238,1.3128,1.3736,groceries,kolkata,0,0,none,geo_expansion
M0020,121,49,87659.76,1788.97,0.08051910977815924,0.009232810897746432,1.3303,1.3074,groceries,kolkata,0,0,none,geo_expansion
M0020,122,54,111052.81,2056.53,0.061790157668034904,0.007221599136079499,1.2532,1.5564,groceries,kolkata,0,0,none,geo_expansion
M0020,123,52,94661.87,1820.42,0.06796511270689273,0.00553088215426118,1.4167,1.2715,groceries,kolkata,0,0,none,geo_expansion
M0020,124,44,82298.44,1870.42,0.0645895794877034,0.004959740713717622,1.2715,1.209,groceries,kolkata,0,0,none,geo_expansion
M0020,125,46,94544.04,2055.31,0.082081381007837,0.006310722334933008,1.2132,1.1395,groceries,kolkata,0,0,none,geo_expansion
M0020,126,53,92383.46,1743.08,0.06597042446240586,0.006676070540776509,1.1904,1.7911,groceries,kolkata,0,0,none,geo_expansion
M0020,127,52,93512.99,1798.33,0.06657895598318062,0.0057507994007535805,1.1469,1.4145,groceries,kolkata,0,0,none,geo_expansion
M0020,128,49,80103.56,1634.77,0.06293563836122269,0.00642208863521098,1.1883,1.1545,groceries,kolkata,0,0,none,geo_expansion
M0020,129,55,97853.79,1779.16,0.06830332676125267,0.00552481901724194,0.9935,1.3655,groceries,kolkata,0,0,none,geo_expansion
M0020,130,50,94408.66,1888.17,0.06871856787529992,0.00719121605955272,1.2284,1.4122,groceries,kolkata,0,0,none,geo_expansion
M0020,131,50,97227.63,1944.55,0.0688601243129318,0.007110602124881288,1.4364,1.2054,groceries,kolkata,0,0,none,geo_expansion
M0020,132,56,104923.87,1873.64,0.06704674045390803,0.004936383966028572,1.2203,1.6115,groceries,kolkata,0,0,none,geo_expansion
M0020,133,58,119261.21,2056.23,0.048972425129685,0.005310131550170559,1.3326,1.2342,groceries,kolkata,0,0,none,geo_expansion
M0020,134,51,101016.65,1980.72,0.07073258530331455,0.006059666789917278,1.1798,1.3058,groceries,kolkata,0,0,none,geo_expansion
M0020,135,53,93760.43,1769.06,0.07413487215204637,0.0067123072728922486,1.5673,1.2223,groceries,kolkata,0,0,none,geo_expansion
M0020,136,47,86491.49,1840.24,0.05957054814046422,0.005923603513259246,1.3766,1.509,groceries,kolkata,0,0,none,geo_expansion
M0020,137,52,97936.02,1883.39,0.06507132883184855,0.007205877470019814,1.4465,1.2982,groceries,kolkata,0,0,none,geo_expansion
M0020,138,52,101408.17,1950.16,0.06830105043971701,0.0060679806479521335,1.2193,1.2035,groceries,kolkata,0,0,none,geo_expansion
M0020,139,48,83390.86,1737.31,0.06983835930514225,0.007333370652859245,1.2212,1.1856,groceries,kolkata,0,0,none,geo_expansion
M0020,140,55,106207.09,1931.04,0.06462131404272894,0.004984130945720506,1.2124,1.2757,groceries,kolkata,0,0,none,geo_expansion
M0020,141,48,89173.63,1857.78,0.06305436640025582,0.005776922437901632,1.4981,1.7055,groceries,kolkata,0,0,none,geo_expansion
M0020,142,52,92871.32,1785.99,0.047960390954612575,0.006945143638265229,1.4134,1.0235,groceries,kolkata,0,0,none,geo_expansion
M0020,143,53,105480.34,1990.2,0.06288687180031785,0.004859147309496588,1.3987,1.3646,groceries,kolkata,0,0,none,geo_expansion
M0020,144,54,102704.37,1901.93,0.05751127117693378,0.00867804891825695,1.4128,1.2616,groceries,kolkata,0,0,none,geo_expansion
M0020,145,57,100753.29,1767.6,0.08001192480770311,0.009189351566527391,1.3041,1.1198,groceries,kolkata,0,0,none,geo_expansion
M0020,146,44,85021.73,1932.31,0.05825890603201885,0.006136355205899514,1.5459,1.2575,groceries,kolkata,0,0,none,geo_expansion
M0020,147,51,100061.88,1962.0,0.06546704121769814,0.007946042417412152,1.1554,1.237,groceries,kolkata,0,0,none,geo_expansion
M0020,148,58,108525.13,1871.12,0.06451139400663183,0.005988758888026561,1.3184,1.4996,groceries,kolkata,0,0,none,geo_expansion
M0020,149,46,98363.68,2138.34,0.062492926739454044,0.005767571873055545,1.2636,1.3392,groceries,kolkata,0,0,none,geo_expansion
M0020,150,44,85352.05,1939.82,0.0673588475344051,0.006459412185578778,1.561,1.1205,groceries,kolkata,0,0,none,geo_expansion
M0020,151,48,89713.64,1869.03,0.07100930949323817,0.005849835514271374,1.4946,1.2775,groceries,kolkata,0,0,none,geo_expansion
M0020,152,53,98039.68,1849.81,0.0762728302006348,0.0031137979487752196,1.2115,1.3582,groceries,kolkata,0,0,none,geo_expansion
M0020,153,50,103997.5,2079.95,0.07307690420405635,0.006358035103734959,1.591,1.4161,groceries,kolkata,0,0,none,geo_expansion
M0020,154,54,106988.1,1981.26,0.0668494901984176,0.005315117002727267,1.3708,1.4187,groceries,kolkata,0,0,none,geo_expansion
M0020,155,51,101051.5,1981.4,0.066756665263628,0.006502989529510274,1.1321,1.459,groceries,kolkata,0,0,none,geo_expansion
M0020,156,55,101797.03,1850.86,0.0754940567624355,0.006610539857132897,1.3734,1.2994,groceries,kolkata,0,0,none,geo_expansion
M0020,157,48,93782.36,1953.8,0.0593300828616097,0.0048657083015151365,1.0259,1.2572,groceries,kolkata,0,0,none,geo_expansion
M0020,158,49,92836.91,1894.63,0.052655217716880885,0.0055945474951213285,1.087,1.5841,groceries,kolkata,0,0,none,geo_expansion
M0020,159,48,83312.26,1735.67,0.06876255866288392,0.004092352363172663,1.1442,1.7765,groceries,kolkata,0,0,none,geo_expansion
M0020,160,55,105420.82,1916.74,0.07906481097410512,0.008689898039324564,1.2865,1.2292,groceries,kolkata,0,0,none,geo_expansion
M0020,161,52,100194.23,1926.81,0.06719110512060028,0.006527213415745683,0.9682,1.6052,groceries,kolkata,0,0,none,geo_expansion
M0020,162,52,97977.66,1884.19,0.06870932479904622,0.006406117100853092,1.5384,1.2868,groceries,kolkata,0,0,none,geo_expansion
M0020,163,46,85483.59,1858.34,0.0698984829728423,0.007897884250720466,1.408,1.3091,groceries,kolkata,0,0,none,geo_expansion
M0020,164,47,81727.06,1738.87,0.07238134459577654,0.00449832686731621,1.5802,1.3547,groceries,kolkata,0,0,none,geo_expansion
M0020,165,57,95435.9,1674.31,0.08041796902052259,0.006246502663417168,1.158,1.4919,groceries,kolkata,0,0,none,geo_expansion
M0020,166,52,102801.42,1976.95,0.06749571760875694,0.006355354910494267,1.0996,1.1485,groceries,kolkata,0,0,none,geo_expansion
M0020,167,57,108158.27,1897.51,0.06501494132528778,0.0049826149373059835,1.2981,1.1868,groceries,kolkata,0,0,none,geo_expansion
M0020,168,50,97448.48,1948.97,0.059693298244415764,0.007133666420646349,1.4235,1.368,groceries,kolkata,0,0,none,geo_expansion
M0020,169,49,96252.06,1964.33,0.07038794636007294,0.007787430237553541,1.0827,1.2787,groceries,kolkata,0,0,none,geo_expansion
M0020,170,49,94931.57,1937.38,0.07516808655111358,0.007913484280795354,1.4807,0.7566,groceries,kolkata,0,0,none,geo_expansion
M0020,171,53,96745.83,1825.39,0.051717771327573256,0.004231778896117601,1.303,0.7943,groceries,kolkata,0,0,none,geo_expansion
M0020,172,50,86076.97,1721.54,0.08613496790928836,0.007641627000851769,1.3876,1.3234,groceries,kolkata,0,0,none,geo_expansion
M0020,173,48,86397.16,1799.94,0.07853058583125944,0.005054571396012855,1.3322,1.243,groceries,kolkata,0,0,none,geo_expansion
M0020,174,59,101678.51,1723.36,0.06934249847793574,0.005119501696312983,1.0309,1.0351,groceries,kolkata,0,0,none,geo_expansion
M0020,175,53,98721.5,1862.67,0.0747637362404618,0.0054507354933535385,1.4072,1.1319,groceries,kolkata,0,0,none,geo_expansion
M0020,176,52,101918.24,1959.97,0.0739295778831161,0.007053977451786966,1.2752,1.5821,groceries,kolkata,0,0,none,geo_expansion
M0020,177,49,99200.52,2024.5,0.06747375969768749,0.006177043556431033,1.3556,1.2256,groceries,kolkata,0,0,none,geo_expansion
M0020,178,48,95467.46,1988.91,0.06458713938077289,0.006511157518824018,1.3353,1.3889,groceries,kolkata,0,0,none,geo_expansion
M0020,179,51,92977.03,1823.08,0.07350315018733292,0.0075541972758438256,1.3945,1.1576,groceries,kolkata,0,0,none,geo_expansion
M0020,180,48,88857.12,1851.19,0.07292446626035638,0.007603746460753666,1.4235,1.5262,groceries,kolkata,0,0,none,geo_expansion
M0020,181,45,91013.73,2022.53,0.06184244911521766,0.005423985555280992,1.1387,1.1077,groceries,kolkata,0,0,none,geo_expansion
M0020,182,58,119339.88,2057.58,0.04473593453772273,0.006995445824840299,1.0729,1.6094,groceries,kolkata,0,0,none,geo_expansion
M0020,183,50,92680.26,1853.61,0.06804819951217925,0.00715949921666405,0.784,1.0908,groceries,kolkata,0,0,none,geo_expansion
M0020,184,53,99545.9,1878.22,0.08155909806459517,0.007195717871034955,1.2941,1.4488,groceries,kolkata,0,0,none,geo_expansion
M0020,185,47,90231.62,1919.82,0.06911806812597836,0.005243735962711543,1.1978,1.3619,groceries,kolkata,0,0,none,geo_expansion
M0020,186,47,85925.13,1828.19,0.06500827405410911,0.006759107586134738,1.3135,0.9651,groceries,kolkata,0,0,none,geo_expansion
M0020,187,52,109074.94,2097.6,0.06970735161951523,0.006997698660391205,1.1469,1.5799,groceries,kolkata,0,0,none,geo_expansion
M0020,188,48,78893.14,1643.61,0.061690277970137576,0.006775779159251111,1.3585,1.1314,groceries,kolkata,0,0,none,geo_expansion
M0020,189,45,82354.13,1830.09,0.04603554231149152,0.006040314350838941,1.3634,1.594,groceries,kolkata,0,0,none,geo_expansion
M0020,190,51,99209.33,1945.28,0.045582832746510434,0.007867626217015537,1.0107,1.5603,groceries,kolkata,0,0,none,geo_expansion
M0020,191,44,79511.44,1807.08,0.06223276474537768,0.006259448578496758,1.285,1.1376,groceries,kolkata,0,0,none,geo_expansion
M0020,192,57,114569.25,2009.99,0.06645075084807049,0.006952694384082882,1.1094,1.0899,groceries,kolkata,0,0,none,geo_expansion
M0020,193,49,85200.97,1738.8,0.08279398157013117,0.006306283253443874,1.0451,1.3906,groceries,kolkata,0,0,none,geo_expansion
M0020,194,51,101711.97,1994.35,0.0637195740106022,0.007879340900587738,1.3945,1.0209,groceries,kolkata,0,0,none,geo_expansion
M0020,195,56,90037.46,1607.81,0.05664951229094412,0.005138275157743121,1.2716,1.3017,groceries,pune,0,1,geo_expansion,geo_expansion
M0020,196,51,85249.58,1671.56,0.06924297180660609,0.006704606491978764,1.2187,1.4575,groceries,kolkata,0,1,geo_expansion,geo_expansion
M0020,197,58,110326.61,1902.18,0.07317017527674173,0.005303684833153521,1.3636,1.5512,groceries,kolkata,0,1,geo_expansion,geo_expansion
M0020,198,47,83303.44,1772.41,0.0712198601200162,0.006111137586577474,1.2328,1.3633,groceries,kolkata,0,1,geo_expansion,geo_expansion
M0020,199,57,102797.11,1803.46,0.07060108669353292,0.007454913636689199,1.1897,1.3481,groceries,kolkata,0,1,geo_expansion,geo_expansion
M0020,200,55,108184.31,1966.99,0.07026680123077503,0.006720207180479159,1.7332,1.1964,groceries,kolkata,0,1,geo_expansion,geo_expansion
M0020,201,55,99421.26,1807.66,0.06926583373502909,0.004747786094429005,1.3298,1.1558,groceries,kolkata,0,1,geo_expansion,geo_expansion
M0020,202,57,104217.07,1828.37,0.06772879188208533,0.006289134442102789,1.3934,1.7308,groceries,kolkata,0,1,geo_expansion,geo_expansion
M0020,203,63,102224.84,1622.62,0.07194672627209493,0.006563905887454335,1.2786,1.4911,groceries,pune,0,1,geo_expansion,geo_expansion
M0020,204,52,98281.85,1890.04,0.07215185166043554,0.006055857729025117,1.4605,1.2138,groceries,kolkata,0,1,geo_expansion,geo_expansion
M0020,205,67,132992.42,1984.96,0.0579558429315099,0.007866056331996262,0.9969,1.37,groceries,kolkata,0,1,geo_expansion,geo_expansion
M0020,206,65,130031.27,2000.48,0.07167625772119866,0.006354308067944974,1.3674,1.1265,groceries,kolkata,0,1,geo_expansion,geo_expansion
M0020,207,53,93321.55,1760.78,0.08101632722523074,0.005609746511772795,1.4029,1.5954,groceries,pune,0,1,geo_expansion,geo_expansion
M0020,208,63,104115.76,1652.63,0.07232096679518782,0.006509234779354543,0.9516,1.58,groceries,pune,0,1,geo_expansion,geo_expansion
M0020,209,58,112893.08,1946.43,0.054208767305350375,0.0065714014129763425,1.2097,1.7249,groceries,kolkata,0,1,geo_expansion,geo_expansion
M0020,210,65,121546.55,1869.95,0.0742311223028227,0.005479987224119303,1.5806,1.2651,groceries,kolkata,0,1,geo_expansion,geo_expansion
M0020,211,56,114641.44,2047.17,0.07979060109507816,0.0045631717929206905,1.5089,1.1708,groceries,pune,0,1,geo_expansion,geo_expansion
M0020,212,55,104750.8,1904.56,0.06688726629724313,0.006285971178785424,0.9263,1.4521,groceries,kolkata,0,1,geo_expansion,geo_expansion
M0020,213,63,111619.84,1771.74,0.07551352572389537,0.005813761392616169,1.0608,1.2242,groceries,pune,0,1,geo_expansion,geo_expansion
M0020,214,57,104814.73,1838.85,0.060066995927147065,0.007187109325178631,1.2864,1.5616,groceries,kolkata,0,1,geo_expansion,geo_expansion
M0020,215,62,128135.16,2066.7,0.06945890245395374,0.006266776198724337,1.1131,1.3343,groceries,kolkata,0,1,geo_expansion,geo_expansion
M0020,216,65,124485.19,1915.16,0.05338370836249291,0.007586332190216396,1.283,1.4715,groceries,kolkata,0,1,geo_expansion,geo_expansion
M0020,217,58,97645.71,1683.55,0.06016577303574299,0.0076243089552020665,1.3107,1.4215,groceries,kolkata,0,1,geo_expansion,geo_expansion
M0020,218,61,120231.19,1971.0,0.058941085805482726,0.006798585855159885,1.2161,1.4311,groceries,kolkata,0,1,geo_expansion,geo_expansion
M0020,219,61,112915.57,1851.07,0.08221748203801645,0.006335292276445994,1.4189,1.6904,groceries,kolkata,0,1,geo_expansion,geo_expansion
M0020,220,61,124824.21,2046.3,0.0681660259281006,0.005870792737176229,1.3126,1.4552,groceries,kolkata,0,1,geo_expansion,geo_expansion
M0020,221,68,116190.82,1708.69,0.07493810881362471,0.008135843947574642,1.3654,1.2658,groceries,kolkata,0,1,geo_expansion,geo_expansion
M0020,222,70,154965.03,2213.79,0.04596653881755218,0.006037307903850261,1.0934,1.5825,groceries,pune,0,1,geo_expansion,geo_expansion
M0020,223,51,87345.05,1712.65,0.06712163238141985,0.0062493322617461185,1.0997,1.4842,groceries,kolkata,0,1,geo_expansion,geo_expansion
M0020,224,59,121068.99,2052.02,0.060487813937400395,0.0065073582467926865,0.9781,1.4478,groceries,kolkata,0,1,geo_expansion,geo_expansion
M0020,225,54,113837.73,2108.11,0.07051608132525335,0.007545942873555398,1.4013,1.5112,groceries,pune,0,1,geo_expansion,geo_expansion
M0020,226,67,128928.88,1924.31,0.07822529749681388,0.00721521757619321,1.0651,1.3947,groceries,kolkata,0,1,geo_expansion,geo_expansion
M0020,227,61,115345.58,1890.91,0.058536878144888754,0.007465899019159049,1.1298,1.234,groceries,kolkata,0,1,geo_expansion,geo_expansion
M0020,228,64,118478.92,1851.23,0.06903962772082754,0.008221703683475272,1.3511,1.3144,groceries,pune,0,1,geo_expansion,geo_expansion
M0020,229,64,124879.76,1951.25,0.08144784510418754,0.006162281907621564,1.0928,1.3996,groceries,kolkata,0,1,geo_expansion,geo_expansion
M0020,230,59,113643.02,1926.15,0.0677023274833273,0.0076841265450315515,1.2782,1.587,groceries,pune,0,1,geo_expansion,geo_expansion
M0020,231,66,126430.5,1915.61,0.05982243495558249,0.0062632100680106865,1.2495,1.4449,groceries,pune,0,1,geo_expansion,geo_expansion
M0020,232,57,119306.42,2093.1,0.06748546755948767,0.0062654296446921845,1.3084,1.3696,groceries,kolkata,0,1,geo_expansion,geo_expansion
M0020,233,56,105851.69,1890.21,0.06212194974429977,0.005587012387408459,1.2296,1.366,groceries,kolkata,0,1,geo_expansion,geo_expansion
M0020,234,58,102550.35,1768.11,0.06583188618183075,0.005136376891393591,1.0964,1.4384,groceries,kolkata,0,1,geo_expansion,geo_expansion
M0020,235,67,126519.05,1888.34,0.07737817554676459,0.005699767984296027,1.1553,1.3885,groceries,kolkata,0,1,geo_expansion,geo_expansion
M0020,236,55,93062.3,1692.04,0.06928622577692713,0.0065426512803630765,1.2124,1.4573,groceries,kolkata,0,1,geo_expansion,geo_expansion
M0020,237,65,133863.53,2059.44,0.04864792745234633,0.006138083535454539,1.2997,1.6316,groceries,pune,0,1,geo_expansion,geo_expansion
M0020,238,57,101380.33,1778.6,0.055507872182306336,0.00736020439523321,1.0525,1.2821,groceries,kolkata,0,1,geo_expansion,geo_expansion
M0020,239,64,117352.89,1833.64,0.06259748645651247,0.0061013610103665015,1.3132,1.5042,groceries,pune,0,1,geo_expansion,geo_expansion
M0021,0,27,16338.1,605.11,0.0474285127200693,0.003978313902098488,1.3612,1.5153,beauty,bengaluru,0,0,none,fraud_drift
M0021,1,28,19208.15,686.01,0.039052883037587915,0.004216950465674898,1.2079,1.1892,beauty,bengaluru,0,0,none,fraud_drift
M0021,2,25,15641.58,625.66,0.04583015639473223,0.0036732657107853717,1.1259,0.9715,beauty,bengaluru,0,0,none,fraud_drift
M0021,3,27,17456.28,646.53,0.047912191200073395,0.0033937211597094225,1.2359,1.1211,beauty,bengaluru,0,0,none,fraud_drift
M0021,4,29,17698.45,610.29,0.046116091747645874,0.0043899248028443395,1.4227,1.545,beauty,bengaluru,0,0,none,fraud_drift
M0021,5,25,16854.42,674.18,0.05186420641053777,0.003393721173383082,1.0496,0.9505,beauty,bengaluru,0,0,none,fraud_drift
M0021,6,30,17261.21,575.37,0.04116020792811267,0.003839064886587597,1.3883,1.4081,beauty,bengaluru,0,0,none,fraud_drift
M0021,7,32,22246.39,695.2,0.04868756271353368,0.0037465191678978356,1.2949,1.2107,beauty,bengaluru,0,0,none,fraud_drift
M0021,8,29,18139.31,625.49,0.04272829473524359,0.0037587411067647332,1.0012,1.7214,beauty,bengaluru,0,0,none,fraud_drift
M0021,9,30,16923.33,564.11,0.03818950692246319,0.002845410711075958,1.3967,1.3053,beauty,bengaluru,0,0,none,fraud_drift
M0021,10,28,17974.98,641.96,0.04141911552293626,0.003350866081145154,1.0934,1.1429,beauty,bengaluru,0,0,none,fraud_drift
M0021,11,25,14299.66,571.99,0.05502676632539359,0.0036378447071292726,1.0496,1.0824,beauty,bengaluru,0,0,none,fraud_drift
M0021,12,30,20829.45,694.31,0.0445465057666519,0.004621581493601217,1.4717,1.1314,beauty,bengaluru,0,0,none,fraud_drift
M0021,13,25,16959.1,678.36,0.044075425738321274,0.0029389693639602235,1.4083,1.0824,beauty,bengaluru,0,0,none,fraud_drift
M0021,14,28,17497.8,624.92,0.042259345946925014,0.003348975144063415,1.3518,1.4816,beauty,bengaluru,0,0,none,fraud_drift
M0021,15,31,19022.8,613.64,0.04454468894051974,0.0035741768255888313,1.4413,0.8841,beauty,bengaluru,0,0,none,fraud_drift
M0021,16,29,18332.45,632.15,0.04953070035988327,0.003489706765672919,1.1231,1.6283,beauty,bengaluru,0,0,none,fraud_drift
M0021,17,31,20833.53,672.05,0.04614112647709023,0.0030497328812848852,1.0446,1.2374,beauty,bengaluru,0,0,none,fraud_drift
M0021,18,27,18275.91,676.89,0.049380093364068546,0.0036045330937752563,1.5099,1.7933,beauty,bengaluru,0,0,none,fraud_drift
M0021,19,28,19244.66,687.31,0.04423666408851483,0.002258577050144546,1.3331,1.2649,beauty,bengaluru,0,0,none,fraud_drift
M0021,20,33,19758.93,598.76,0.05413281264943409,0.003611890951465607,1.0115,1.6259,beauty,bengaluru,0,0,none,fraud_drift
M0021,21,24,16208.24,675.34,0.04937131475336728,0.003200408665922426,0.4506,1.1712,beauty,bengaluru,0,0,none,fraud_drift
M0021,22,25,17307.64,692.31,0.047049874622848195,0.003563336192505472,0.9257,1.006,beauty,bengaluru,0,0,none,fraud_drift
M0021,23,30,18729.28,624.31,0.05176240250870337,0.0024370492648708507,1.2973,1.0678,beauty,bengaluru,0,0,none,fraud_drift
M0021,24,27,16272.17,602.67,0.0432456583791353,0.0034186418531950797,0.8058,0.8765,beauty,bengaluru,0,0,none,fraud_drift
M0021,25,26,17194.9,661.34,0.05047105775228127,0.0027972018680561084,1.7842,0.7457,beauty,bengaluru,0,0,none,fraud_drift
M0021,26,25,15557.0,622.28,0.04386912723813797,0.0032763884654602553,1.4341,1.3513,beauty,bengaluru,0,0,none,fraud_drift
M0021,27,24,15125.58,630.23,0.045839561134906996,0.0034086096692669873,1.2904,0.9525,beauty,bengaluru,0,0,none,fraud_drift
M0021,28,29,18844.79,649.82,0.042829950767810536,0.003410611910737446,1.4167,1.7488,beauty,bengaluru,0,0,none,fraud_drift
M0021,29,31,20404.47,658.21,0.04619758517173019,0.0029175256114353566,1.2439,1.148,beauty,bengaluru,0,0,none,fraud_drift
M0021,30,30,18965.91,632.2,0.044859501376885845,0.0039045010388473462,1.1314,1.2654,beauty,bengaluru,0,0,none,fraud_drift
M0021,31,25,15332.8,613.31,0.04261934105769552,0.0030513697848287553,1.105,1.2368,beauty,bengaluru,0,0,none,fraud_drift
M0021,32,29,18082.53,623.54,0.03919757576848146,0.003529329259139982,1.2504,0.9268,beauty,bengaluru,0,0,none,fraud_drift
M0021,33,27,18191.55,673.76,0.05408136614769022,0.00376910751605324,1.0734,1.3176,beauty,bengaluru,0,0,none,fraud_drift
M0021,34,28,18720.15,668.58,0.045509612078254665,0.002570372545006583,1.4494,1.1362,beauty,bengaluru,0,0,none,fraud_drift
M0021,35,32,20557.95,642.44,0.04613802815308613,0.0030227377803284513,1.4606,1.0225,beauty,bengaluru,0,0,none,fraud_drift
M0021,36,27,17103.46,633.46,0.05915078517371984,0.003298134179570483,1.1635,1.4794,beauty,bengaluru,0,0,none,fraud_drift
M0021,37,33,22082.76,669.17,0.05421055846500562,0.0032486981359441075,1.2175,1.7746,beauty,bengaluru,0,0,none,fraud_drift
M0021,38,31,19790.61,638.41,0.041392870994704546,0.003916736768743018,1.1311,1.2161,beauty,bengaluru,0,0,none,fraud_drift
M0021,39,28,17729.0,633.18,0.039691909203254334,0.004161171943737013,1.5297,1.0184,beauty,bengaluru,0,0,none,fraud_drift
M0021,40,31,20052.0,646.84,0.04455302127127823,0.0030554265363602288,1.3273,1.372,beauty,bengaluru,0,0,none,fraud_drift
M0021,41,27,17257.55,639.17,0.047322558639690905,0.003245469338387669,1.3906,1.5666,beauty,bengaluru,0,0,none,fraud_drift
M0021,42,27,18853.38,698.27,0.03270971523239278,0.003519462176048584,0.4196,1.3738,beauty,bengaluru,0,0,none,fraud_drift
M0021,43,28,17438.66,622.81,0.054808382226973006,0.0031940539194685123,0.9993,1.1857,beauty,bengaluru,0,0,none,fraud_drift
M0021,44,25,16147.2,645.89,0.04583974553443568,0.0037219188701639247,1.2995,1.617,beauty,bengaluru,0,0,none,fraud_drift
M0021,45,27,15922.2,589.71,0.05171833009906282,0.003314978708040407,1.5807,1.1211,beauty,bengaluru,0,0,none,fraud_drift
M0021,46,26,17385.99,668.69,0.040522276674723155,0.0031889771170114647,1.1585,1.1891,beauty,bengaluru,0,0,none,fraud_drift
M0021,47,26,16123.02,620.12,0.04369426495592748,0.004645971220671813,1.0237,1.409,beauty,bengaluru,0,0,none,fraud_drift
M0021,48,28,17280.51,617.16,0.04145772624519152,0.003778551780724174,0.9757,1.177,beauty,bengaluru,0,0,none,fraud_drift
M0021,49,28,17691.0,631.82,0.048488467523129304,0.002825137642586497,1.4134,0.9993,beauty,bengaluru,0,0,none,fraud_drift
M0021,50,29,20355.75,701.92,0.05206300151788575,0.003433155644898007,1.0623,1.1398,beauty,bengaluru,0,0,none,fraud_drift
M0021,51,28,16499.69,589.27,0.04274513587120357,0.004555834298557648,0.9448,1.3766,beauty,bengaluru,0,0,none,fraud_drift
M0021,52,27,18162.51,672.69,0.045478828189793756,0.0027283316757279593,1.3573,1.1955,beauty,bengaluru,0,0,none,fraud_drift
M0021,53,28,19728.62,704.59,0.05892888569355412,0.0029616083243230672,1.1973,1.5311,beauty,bengaluru,0,0,none,fraud_drift
M0021,54,23,14084.06,612.35,0.05248546180945215,0.003460867702499835,1.205,1.3991,beauty,bengaluru,0,0,none,fraud_drift
M0021,55,28,18037.33,644.19,0.04273529065015265,0.003928028505521926,1.2589,1.0934,beauty,bengaluru,0,0,none,fraud_drift
M0021,56,27,16708.54,618.83,0.041420263329834,0.0028363493133244043,1.1122,1.5666,beauty,bengaluru,0,0,none,fraud_drift
M0021,57,28,16933.83,604.78,0.05389129385323958,0.0026565052041824643,1.0439,1.4635,beauty,bengaluru,0,0,none,fraud_drift
M0021,58,27,16380.16,606.67,0.05578712451160912,0.00348964501715544,1.1122,1.7961,beauty,bengaluru,0,0,none,fraud_drift
M0021,59,28,19003.61,678.7,0.04771278253121855,0.0031587895468811766,1.2776,1.4272,beauty,bengaluru,0,0,none,fraud_drift
M0021,60,25,16208.89,648.36,0.04654514772390106,0.0031915145126956896,1.476,1.0671,beauty,bengaluru,0,0,none,fraud_drift
M0021,61,30,20726.47,690.88,0.055067517516757404,0.0035284298614442705,1.4199,0.5775,beauty,bengaluru,0,0,none,fraud_drift
M0021,62,29,18322.4,631.81,0.035033532239595384,0.0033561290762726837,1.3835,1.5327,beauty,bengaluru,0,0,none,fraud_drift
M0021,63,29,19664.75,678.09,0.04654487905923661,0.003904562981726279,0.5924,1.0623,beauty,bengaluru,0,0,none,fraud_drift
M0021,64,28,17678.32,631.37,0.050298963884675765,0.003484877900803829,1.2649,1.3331,beauty,bengaluru,0,0,none,fraud_drift
M0021,65,28,17690.99,631.82,0.05512167351227215,0.002807464329232271,0.8816,1.4816,beauty,bengaluru,0,0,none,fraud_drift
M0021,66,31,18908.9,609.96,0.04419837005023078,0.002668215952637981,1.3524,0.6871,beauty,bengaluru,0,0,none,fraud_drift
M0021,67,26,14979.16,576.12,0.04621958910313581,0.004394921160968311,1.0237,1.4643,beauty,bengaluru,0,0,none,fraud_drift
M0021,68,29,18399.02,634.45,0.043168754378057235,0.0031204187230447645,1.3538,1.6437,beauty,bengaluru,0,0,none,fraud_drift
M0021,69,27,17156.63,635.43,0.05112281430612867,0.003679674219257835,1.1442,1.1211,beauty,bengaluru,0,0,none,fraud_drift
M0021,70,22,14406.66,654.85,0.05124820452802317,0.003168914304082611,1.1186,0.9486,beauty,bengaluru,0,0,none,fraud_drift
M0021,71,31,18876.53,608.92,0.04594118032822933,0.003197882490652403,1.522,0.936,beauty,bengaluru,0,0,none,fraud_drift
M0021,72,28,17588.07,628.15,0.051990875546661285,0.004090549623482598,1.4359,1.1372,beauty,bengaluru,0,0,none,fraud_drift
M0021,73,28,17160.38,612.87,0.05249964462900027,0.0046053720269781245,0.9944,1.3953,beauty,bengaluru,0,0,none,fraud_drift
M0021,74,25,16991.35,679.65,0.043693824556850815,0.0031356124608713488,1.6438,0.8223,beauty,bengaluru,0,0,none,fraud_drift
M0021,75,31,19621.59,632.95,0.04924531478645567,0.0032095249883639164,1.3473,1.1931,beauty,bengaluru,0,0,none,fraud_drift
M0021,76,30,20376.86,679.23,0.048887806646867024,0.0032235075371527247,1.3723,1.1602,beauty,bengaluru,0,0,none,fraud_drift
M0021,77,27,18311.89,678.22,0.04926909822881566,0.003252398063884565,1.2359,1.1211,beauty,bengaluru,0,0,none,fraud_drift
M0021,78,29,18549.95,639.65,0.03890866298960029,0.0030123110166318016,1.0145,0.9268,beauty,bengaluru,0,0,none,fraud_drift
M0021,79,28,18882.48,674.37,0.05151844463511057,0.0029879559592840025,1.0252,1.0934,beauty,bengaluru,0,0,none,fraud_drift
M0021,80,27,16772.85,621.22,0.042198657285406005,0.003315067634692349,1.4893,1.1955,beauty,bengaluru,0,0,none,fraud_drift
M0021,81,28,18869.96,673.93,0.05281970625981681,0.004008358637511829,1.167,1.2963,beauty,bengaluru,0,0,none,fraud_drift
M0021,82,28,17105.76,610.92,0.04428234532311259,0.0029793393087023815,1.1892,0.9498,beauty,bengaluru,0,0,none,fraud_drift
M0021,83,29,17539.88,604.82,0.04158923886315723,0.0026888790150955285,1.3718,1.1148,beauty,bengaluru,0,0,none,fraud_drift
M0021,84,25,16314.18,652.57,0.04360715568677877,0.0028225226353365803,1.105,1.2781,beauty,bengaluru,0,0,none,fraud_drift
M0021,85,29,19221.09,662.8,0.04823321776132893,0.0039767422466107155,0.8609,1.2289,beauty,bengaluru,0,0,none,fraud_drift
M0021,86,29,19444.99,670.52,0.045758818302040684,0.003689043161287118,1.1908,1.2057,beauty,bengaluru,0,0,none,fraud_drift
M0021,87,25,16023.51,640.94,0.04065186183200521,0.002912936470842195,1.3513,0.8223,beauty,bengaluru,0,0,none,fraud_drift
M0021,88,27,17199.6,637.02,0.0590266277452957,0.0037494926270344206,1.5794,1.4281,beauty,bengaluru,0,0,none,fraud_drift
M0021,89,29,20486.44,706.43,0.05311438691348762,0.0032332838890655824,1.1811,1.3655,beauty,bengaluru,0,0,none,fraud_drift
M0021,90,30,17832.8,594.43,0.05029464554884643,0.0032301487569767013,0.7489,1.248,beauty,bengaluru,0,0,none,fraud_drift
M0021,91,32,21372.11,667.88,0.04638050504295112,0.0025660427975486475,1.4677,1.0225,beauty,bengaluru,0,0,none,fraud_drift
M0021,92,29,19739.81,680.68,0.04209602423934208,0.003441688804945324,0.9268,1.3538,beauty,bengaluru,0,0,none,fraud_drift
M0021,93,28,19713.26,704.05,0.04428558388394738,0.0029690070646004284,1.177,1.2352,beauty,bengaluru,0,0,none,fraud_drift
M0021,94,24,15883.56,661.82,0.043582779094119756,0.004166666118865396,1.292,0.8729,beauty,bengaluru,0,0,none,fraud_drift
M0021,95,27,18215.44,674.65,0.050051000473829765,0.0033151031408914333,0.5735,1.3579,beauty,bengaluru,0,0,none,fraud_drift
M0021,96,26,17490.56,672.71,0.03980962929271184,0.0033182600022615815,1.2652,1.6155,beauty,bengaluru,0,0,none,fraud_drift
M0021,97,30,19442.03,648.07,0.040264407910167284,0.0039343666517609715,1.2192,1.0246,beauty,bengaluru,0,0,none,fraud_drift
M0021,98,33,19906.29,603.22,0.04172462147099319,0.003750826106242814,1.1259,1.2519,beauty,bengaluru,0,0,none,fraud_drift
M0021,99,29,18566.73,640.23,0.04256557378504371,0.0035000055380291347,1.0685,1.5805,beauty,bengaluru,0,0,none,fraud_drift
M0021,100,26,15779.95,606.92,0.039330804713728254,0.00302013836781854,1.2255,1.2255,beauty,bengaluru,0,0,none,fraud_drift
M0021,101,30,19349.84,644.99,0.039118445605129566,0.0028461664137525047,1.042,1.2018,beauty,bengaluru,0,0,none,fraud_drift
M0021,102,25,16302.21,652.09,0.04321897914067325,0.0034636810412761168,1.105,1.0496,beauty,bengaluru,0,0,none,fraud_drift
M0021,103,27,17723.8,656.44,0.04983677045048623,0.0037076119084308674,1.4445,1.1955,beauty,bengaluru,0,0,none,fraud_drift
M0021,104,28,18690.42,667.52,0.058814522831001415,0.0034401911897476503,1.4268,1.2079,beauty,bengaluru,0,0,none,fraud_drift
M0021,105,30,20052.68,668.42,0.045632095857325104,0.0026923872360436274,1.3548,1.6888,beauty,bengaluru,0,0,none,fraud_drift
M0021,106,28,17198.14,614.22,0.05877261068939747,0.0028767686509071516,1.0371,0.9003,beauty,bengaluru,0,0,none,fraud_drift
M0021,107,30,20325.52,677.52,0.0465773692703293,0.003517085698519787,1.4668,1.6601,beauty,bengaluru,0,0,none,fraud_drift
M0021,108,26,17922.18,689.31,0.04246844093092564,0.003926440344710015,1.077,1.6216,beauty,bengaluru,0,0,none,fraud_drift
M0021,109,29,20315.07,700.52,0.05009577576413651,0.0037831305148147763,1.2504,0.9534,beauty,bengaluru,0,0,none,fraud_drift
M0021,110,32,19557.19,611.16,0.040006581982828776,0.002718831002777779,1.4783,1.3604,beauty,bengaluru,0,0,none,fraud_drift
M0021,111,26,16085.37,618.67,0.047688691400021604,0.003144787044449222,1.497,1.4624,beauty,bengaluru,0,0,none,fraud_drift
M0021,112,29,18794.95,648.1,0.03766548070770893,0.0038698262555334046,1.1153,1.1398,beauty,bengaluru,0,0,none,fraud_drift
M0021,113,29,19098.81,658.58,0.04789959016642494,0.0036567420786964835,1.306,1.1579,beauty,bengaluru,0,0,none,fraud_drift
M0021,114,29,17645.61,608.47,0.046776157646154254,0.0030196799672608703,1.5183,0.7849,beauty,bengaluru,0,0,none,fraud_drift
M0021,115,30,21205.99,706.87,0.03929809644329559,0.002150031814437307,1.452,1.4821,beauty,bengaluru,0,0,none,fraud_drift
M0021,116,24,14452.12,602.17,0.037541099929106286,0.002944248770705231,1.3048,1.2141,beauty,bengaluru,0,0,none,fraud_drift
M0021,117,29,19199.41,662.05,0.04657375937533687,0.003726232199831229,1.2982,1.2057,beauty,bengaluru,0,0,none,fraud_drift
M0021,118,23,14953.21,650.14,0.03883482298719456,0.0037875891743187422,0.8132,1.4822,beauty,bengaluru,0,0,none,fraud_drift
M0021,119,29,17938.34,618.56,0.056360449757535784,0.00219552060061475,1.4371,0.9964,beauty,bengaluru,0,0,none,fraud_drift
M0021,120,25,16398.53,655.94,0.04036634423452241,0.0031493197709409615,0.7114,1.389,beauty,bengaluru,0,0,none,fraud_drift
M0021,121,29,18494.65,637.75,0.043775810963742154,0.003530913743985096,1.1631,1.092,beauty,bengaluru,0,0,none,fraud_drift
M0021,122,23,13855.49,602.41,0.04277849793677287,0.003149837746100048,1.3389,1.0032,beauty,bengaluru,0,0,none,fraud_drift
M0021,123,28,17464.51,623.73,0.04042295766761398,0.002926699533810932,1.4854,1.0934,beauty,bengaluru,0,0,none,fraud_drift
M0021,124,31,19240.98,620.68,0.04314359495261269,0.0032367171930982887,1.2777,1.3502,beauty,bengaluru,0,0,none,fraud_drift
M0021,125,27,17649.43,653.68,0.04543305959402114,0.0035820625212167377,1.3738,0.7738,beauty,bengaluru,0,0,none,fraud_drift
M0021,126,23,15578.7,677.33,0.04732622007004365,0.0029509649116918214,1.1886,1.2488,beauty,bengaluru,0,0,none,fraud_drift
M0021,127,27,16492.02,610.82,0.03229314645239653,0.003163113834335599,1.0698,1.432,beauty,bengaluru,0,0,none,fraud_drift
M0021,128,28,17180.06,613.57,0.04546390317662809,0.0038168086377506284,0.9498,1.2574,beauty,bengaluru,0,0,none,fraud_drift
M0021,129,29,18839.58,649.64,0.05103688020144012,0.0028026808260953134,0.9964,1.2675,beauty,bengaluru,0,0,none,fraud_drift
M0021,130,30,19587.03,652.9,0.04414705459104761,0.0033923154840262916,1.0852,1.173,beauty,bengaluru,0,0,none,fraud_drift
M0021,131,28,19120.96,682.89,0.0502363872027875,0.0034870115797986647,1.2614,1.4802,beauty,bengaluru,0,0,none,fraud_drift
M0021,132,30,19734.8,657.83,0.05108081952279274,0.003042696331161039,1.4717,1.1776,beauty,bengaluru,0,0,none,fraud_drift
M0021,133,28,19675.56,702.7,0.047899630840217304,0.003398630144594148,1.0439,1.6969,beauty,bengaluru,0,0,none,fraud_drift
M0021,134,27,16867.37,624.72,0.04298592796127808,0.0038643530122926192,1.274,1.1725,beauty,bengaluru,0,0,none,fraud_drift
M0021,135,32,19670.25,614.7,0.0532159559804777,0.0032703188974593208,1.2503,1.2185,beauty,bengaluru,0,0,none,fraud_drift
M0021,136,27,17205.82,637.25,0.05216065208938176,0.003105547527858521,1.2149,1.2872,beauty,bengaluru,0,0,none,fraud_drift
M0021,137,26,16901.67,650.06,0.042571433357897995,0.003280383570632692,1.3024,1.3718,beauty,bengaluru,0,0,none,fraud_drift
M0021,138,31,19477.01,628.29,0.051069484003991486,0.003764310749203042,0.9735,1.1927,beauty,bengaluru,0,0,none,fraud_drift
M0021,139,28,15279.74,545.7,0.046626675205145,0.0030714476632627075,1.2589,1.2574,beauty,bengaluru,0,0,none,fraud_drift
M0021,140,33,19160.27,580.61,0.040136821800931324,0.0024452849999375315,0.9161,1.3752,beauty,bengaluru,0,0,none,fraud_drift
M0021,141,21,13751.36,654.83,0.04852625802778966,0.0031624572835264046,1.0622,1.2587,beauty,bengaluru,0,0,none,fraud_drift
M0021,142,26,16674.66,641.33,0.03947434226693576,0.002529156531909703,1.139,1.5503,beauty,bengaluru,0,0,none,fraud_drift
M0021,143,31,18041.01,581.97,0.045034586095984215,0.003332846095930742,1.5029,1.4514,beauty,bengaluru,0,0,none,fraud_drift
M0021,144,29,18834.04,649.45,0.032148830644768506,0.0032359569958634094,1.2982,1.364,beauty,bengaluru,0,0,none,fraud_drift
M0021,145,27,17056.55,631.72,0.043583889167059534,0.0029540298243640067,1.1122,0.8058,beauty,bengaluru,0,0,none,fraud_drift
M0021,146,27,17071.98,632.3,0.04398836527406693,0.0036644362145652203,1.2149,0.8252,beauty,bengaluru,0,0,none,fraud_drift
M0021,147,29,19536.02,673.66,0.05860749430203008,0.003157805800710866,0.8609,1.364,beauty,bengaluru,0,0,none,fraud_drift
M0021,148,24,15126.81,630.28,0.04058817306085086,0.0029680460584713365,1.364,1.1531,beauty,bengaluru,0,0,none,fraud_drift
M0021,149,27,15863.78,587.55,0.04411721727211503,0.0030208936053164287,1.3573,1.2872,beauty,bengaluru,0,0,none,fraud_drift
M0021,150,31,21320.0,687.74,0.041981091763718344,0.0035119584321305617,1.2269,1.5667,beauty,bengaluru,0,0,none,fraud_drift
M0021,151,29,19781.89,682.13,0.04714363274142812,0.002711162765119022,1.5611,1.6139,beauty,bengaluru,0,0,none,fraud_drift
M0021,152,26,16453.89,632.84,0.03226637127750661,0.003795301796241423,1.1722,1.0971,beauty,bengaluru,0,0,none,fraud_drift
M0021,153,28,17607.71,628.85,0.044388148111700276,0.0036444036404267846,1.5085,1.1372,beauty,bengaluru,0,0,none,fraud_drift
M0021,154,26,16727.9,643.38,0.04189048455555934,0.0036402428780192555,1.139,1.6037,beauty,bengaluru,0,0,none,fraud_drift
M0021,155,27,16674.97,617.59,0.04691083429632355,0.004235226329444641,0.9741,1.0709,beauty,bengaluru,0,0,none,fraud_drift
M0021,156,31,21164.96,682.74,0.050690093507251295,0.0026048067284917867,1.1713,1.1758,beauty,bengaluru,0,0,none,fraud_drift
M0021,157,28,18275.05,652.68,0.048593982453036075,0.0027889807720996285,1.4667,1.0252,beauty,bengaluru,0,0,none,fraud_drift
M0021,158,25,16497.94,659.92,0.039655378886472,0.0020763584220976545,1.0671,1.0705,beauty,bengaluru,0,0,none,fraud_drift
M0021,159,32,22782.28,711.95,0.0460374943985351,0.0035691224814802932,1.4443,1.3604,beauty,bengaluru,0,0,none,fraud_drift
M0021,160,30,19576.5,652.55,0.04432520375215974,0.0031674048131255074,1.4968,0.8587,beauty,bengaluru,0,0,none,fraud_drift
M0021,161,29,18958.78,653.75,0.04409935199793319,0.002889432373152222,0.9236,1.2948,beauty,bengaluru,0,0,none,fraud_drift
M0021,162,27,17651.09,653.74,0.047419916569013947,0.0029208420340378427,1.3946,1.568,beauty,bengaluru,0,0,none,fraud_drift
M0021,163,28,18381.23,656.47,0.04427229076902572,0.002487019443339854,1.1892,1.0252,beauty,bengaluru,0,0,none,fraud_drift
M0021,164,30,20890.74,696.36,0.0499173018651933,0.002867291271845726,1.3449,1.1314,beauty,bengaluru,0,0,none,fraud_drift
M0021,165,30,19255.55,641.85,0.03808193753010742,0.0023341238044926205,1.4086,1.3515,beauty,bengaluru,0,0,none,fraud_drift
M0021,166,23,15479.81,673.04,0.04249689359517945,0.0034933558610096317,1.1447,0.7031,beauty,bengaluru,0,0,none,fraud_drift
M0021,167,29,19002.39,655.25,0.044979913152730165,0.0030762491690556055,1.6375,1.0224,beauty,bengaluru,0,0,none,fraud_drift
M0021,168,27,16357.0,605.81,0.04450237569412521,0.0024079398758632513,0.9741,1.1211,beauty,bengaluru,0,0,none,fraud_drift
M0021,169,28,18843.69,672.99,0.05334664612523713,0.002810782897983258,1.4293,1.4629,beauty,bengaluru,0,0,none,fraud_drift
M0021,170,26,16833.43,647.44,0.04656648602153348,0.0033936518088278035,1.0857,1.5172,beauty,bengaluru,0,0,none,fraud_drift
M0021,171,24,14780.79,615.87,0.046171670295162934,0.0032258550163155853,1.4563,1.0339,beauty,bengaluru,0,0,none,fraud_drift
M0021,172,27,15924.75,589.81,0.04704722379060746,0.0042707514703322095,1.2934,1.5153,beauty,bengaluru,0,0,none,fraud_drift
M0021,173,25,17637.63,705.51,0.036599890136934286,0.0029866514880141325,1.2017,0.6615,beauty,bengaluru,0,0,none,fraud_drift
M0021,174,24,15361.17,640.05,0.05140681636937445,0.002947433210029874,0.7893,0.7893,beauty,bengaluru,0,0,none,fraud_drift
M0021,175,28,17918.87,639.96,0.045227873893800834,0.002860840947560406,1.2079,0.854,beauty,bengaluru,0,0,none,fraud_drift
M0021,176,30,19947.4,664.91,0.05185067635522216,0.003976959178863951,0.8685,1.7075,beauty,bengaluru,0,0,none,fraud_drift
M0021,177,27,18101.74,670.43,0.04492429310366198,0.003734772812476271,1.0698,0.9279,digital_goods,unknown_intl,1,1,fraud,fraud_drift
M0021,178,35,23101.79,660.05,0.06168100097510718,0.006308178081779591,0.6711,1.0282,digital_goods,unknown_intl,1,1,fraud,fraud_drift
M0021,179,46,27152.05,590.26,0.10082339922494775,0.008353929795646626,0.9199,1.1351,digital_goods,unknown_intl,1,1,fraud,fraud_drift
M0021,180,52,33047.4,635.53,0.12641496198434482,0.011621760329107745,0.9688,0.7877,digital_goods,unknown_intl,1,1,fraud,fraud_drift
M0021,181,74,49293.99,666.14,0.1796243885860144,0.009529667820077997,1.0384,0.905,digital_goods,unknown_intl,1,1,fraud,fraud_drift
M0021,182,60,38752.12,645.87,0.1629884566114382,0.015378594894190944,0.9348,1.3347,digital_goods,unknown_intl,1,1,fraud,fraud_drift
M0021,183,71,44364.04,624.85,0.16754045043556925,0.013178482343924873,1.0455,0.9436,digital_goods,unknown_intl,1,1,fraud,fraud_drift
M0021,184,62,42031.91,677.93,0.14421015962050016,0.014295822629427683,1.2567,0.9988,digital_goods,unknown_intl,1,1,fraud,fraud_drift
M0021,185,70,45644.99,652.07,0.1173780511794372,0.013416401287432524,1.0555,1.162,digital_goods,unknown_intl,1,1,fraud,fraud_drift
M0021,186,67,42527.13,634.73,0.11782534688213725,0.014155402953981013,1.0453,1.0768,digital_goods,unknown_intl,1,1,fraud,fraud_drift
M0021,187,63,38101.07,604.78,0.1774290351831163,0.015178907405976329,0.957,1.1892,digital_goods,unknown_intl,1,1,fraud,fraud_drift
M0021,188,65,34286.13,527.48,0.13183543103600942,0.013790400590941958,0.8946,1.0619,digital_goods,unknown_intl,1,1,fraud,fraud_drift
M0021,189,73,45732.19,626.47,0.14476471387846115,0.010920138445465292,0.9649,1.1567,digital_goods,unknown_intl,1,1,fraud,fraud_drift
M0021,190,65,40657.9,625.51,0.18203044596640305,0.012629190182710921,1.0852,1.1306,digital_goods,unknown_intl,1,1,fraud,fraud_drift
M0021,191,61,39520.23,647.87,0.14278788336496612,0.014789587101592803,0.8999,1.3164,digital_goods,unknown_intl,1,1,fraud,fraud_drift
M0021,192,59,41766.6,707.91,0.13620644873416002,0.011601900294991009,0.7101,1.126,digital_goods,unknown_intl,1,1,fraud,fraud_drift
M0021,193,66,44005.51,666.75,0.14785366737308678,0.015601840163079963,1.2181,1.1669,digital_goods,unknown_intl,1,1,fraud,fraud_drift
M0021,194,73,43832.38,600.44,0.1422389336227592,0.008581808583049712,1.1208,0.9973,digital_goods,unknown_intl,1,1,fraud,fraud_drift
M0021,195,65,42618.48,655.67,0.17259790899413652,0.013568367714283696,0.8707,1.2397,digital_goods,unknown_intl,1,1,fraud,fraud_drift
M0021,196,65,45851.22,705.4,0.16888041961771916,0.012240262250815422,1.2599,1.0478,digital_goods,unknown_intl,1,1,fraud,fraud_drift
M0021,197,58,35543.68,612.82,0.1693922963909515,0.012999423471903184,1.092,1.1047,digital_goods,unknown_intl,1,1,fraud,fraud_drift
M0021,198,69,44865.89,650.23,0.16490557997941965,0.013700908022886977,0.9483,1.1807,digital_goods,unknown_intl,1,1,fraud,fraud_drift
M0021,199,68,41790.17,614.56,0.17660277138747338,0.014042649332585701,1.0998,1.1111,digital_goods,unknown_intl,1,1,fraud,fraud_drift
M0021,200,65,46558.13,716.28,0.12855736936277762,0.014184983979890995,1.0464,0.9401,digital_goods,unknown_intl,1,1,fraud,fraud_drift
M0021,201,70,47887.19,684.1,0.11338193993239568,0.012690992793280533,1.2423,1.2443,digital_goods,unknown_intl,1,1,fraud,fraud_drift
M0021,202,67,44705.61,667.25,0.16445473965198829,0.012695868772102601,1.1557,0.9725,digital_goods,unknown_intl,1,1,fraud,fraud_drift
M0021,203,65,44654.94,687.0,0.14511760251326822,0.013045419763997335,0.7504,0.8814,digital_goods,unknown_intl,1,1,fraud,fraud_drift
M0021,204,56,38213.33,682.38,0.16441856215187725,0.011018118591113062,0.9404,0.964,digital_goods,unknown_intl,1,1,fraud,fraud_drift
M0021,205,58,32312.0,557.1,0.15855249996737178,0.008268788590052839,0.8829,0.821,digital_goods,unknown_intl,1,1,fraud,fraud_drift
M0021,206,69,41528.2,601.86,0.18444924980691843,0.01037987301532482,0.913,1.3921,digital_goods,unknown_intl,1,1,fraud,fraud_drift
M0021,207,60,39003.23,650.05,0.13769760280404572,0.009030708934885525,1.109,1.4079,digital_goods,unknown_intl,1,1,fraud,fraud_drift
M0021,208,52,36485.4,701.64,0.17297080912400997,0.013258147365670478,0.8523,1.265,digital_goods,unknown_intl,1,1,fraud,fraud_drift
M0021,209,71,42623.12,600.33,0.12796349359324724,0.01057080519176161,0.8178,1.2905,digital_goods,unknown_intl,1,1,fraud,fraud_drift
M0021,210,65,41578.11,639.66,0.15560555451104088,0.014980749676719243,0.9225,0.9704,digital_goods,unknown_intl,1,1,fraud,fraud_drift
M0021,211,56,38474.13,687.04,0.1361228587183489,0.008488133394148277,0.9946,1.2907,digital_goods,unknown_intl,1,1,fraud,fraud_drift
M0021,212,68,44632.35,656.36,0.1445775365626358,0.014823682949946529,0.9025,0.6466,digital_goods,unknown_intl,1,1,fraud,fraud_drift
M0021,213,76,49576.97,652.33,0.16104543357057935,0.011759543254900742,0.8579,1.0442,digital_goods,unknown_intl,1,1,fraud,fraud_drift
M0021,214,63,38256.28,607.24,0.14099352133604748,0.015501059514109204,1.0774,1.2242,digital_goods,unknown_intl,1,1,fraud,fraud_drift
M0021,215,65,47454.68,730.07,0.1282446742286749,0.01355751213812209,0.8347,1.0325,digital_goods,unknown_intl,1,1,fraud,fraud_drift
M0021,216,66,38875.19,589.02,0.14910004377511693,0.01404825709079469,1.0474,0.8586,digital_goods,unknown_intl,1,1,fraud,fraud_drift
M0021,217,66,40173.59,608.69,0.14379396000843392,0.01348361858530773,1.2229,1.0534,digital_goods,unknown_intl,1,1,fraud,fraud_drift
M0021,218,58,34808.77,600.15,0.18385367105917688,0.012515938294469451,1.1535,1.1685,digital_goods,unknown_intl,1,1,fraud,fraud_drift
M0021,219,62,41101.91,662.93,0.10566792576492601,0.01163272926346074,1.0068,1.1238,digital_goods,unknown_intl,1,1,fraud,fraud_drift
M0021,220,62,41980.2,677.1,0.15905841287229186,0.012137953266391614,0.9735,1.3107,digital_goods,unknown_intl,1,1,fraud,fraud_drift
M0021,221,66,45081.51,683.05,0.14337222928985235,0.012703353703146465,0.7242,0.8544,digital_goods,unknown_intl,1,1,fraud,fraud_drift
M0021,222,64,43799.46,684.37,0.1606307765527073,0.01279099922026013,1.1276,1.1627,digital_goods,unknown_intl,1,1,fraud,fraud_drift
M0021,223,65,42649.5,656.15,0.15249580173051044,0.011572953708855794,1.0964,1.1904,digital_goods,unknown_intl,1,1,fraud,fraud_drift
M0021,224,59,30677.26,519.95,0.15771754999794138,0.010426520259054117,0.8487,1.0397,digital_goods,unknown_intl,1,1,fraud,fraud_drift
M0021,225,59,37839.73,641.35,0.15217251624085548,0.009293182929099777,0.9449,1.2442,digital_goods,unknown_intl,1,1,fraud,fraud_drift
M0021,226,66,38312.5,580.49,0.17864935382039732,0.013622363178145505,1.0405,1.172,digital_goods,unknown_intl,1,1,fraud,fraud_drift
M0021,227,69,45331.58,656.98,0.17063883886361,0.01350734729638287,1.0928,1.2673,digital_goods,unknown_intl,1,1,fraud,fraud_drift
M0021,228,68,43574.05,640.79,0.17558581732130368,0.01258469762468847,0.9979,0.9864,digital_goods,unknown_intl,1,1,fraud,fraud_drift
M0021,229,67,43188.18,644.6,0.1338782920962498,0.016832388855443914,1.208,1.0816,digital_goods,unknown_intl,1,1,fraud,fraud_drift
M0021,230,65,38372.14,590.34,0.1504819554100657,0.015689242907618344,1.001,1.197,digital_goods,unknown_intl,1,1,fraud,fraud_drift
M0021,231,70,45050.87,643.58,0.16681830392811334,0.012917429607698677,0.9219,1.2562,digital_goods,unknown_intl,1,1,fraud,fraud_drift
M0021,232,71,45114.54,635.42,0.17175240894276542,0.012895593814969715,1.0269,1.2329,digital_goods,unknown_intl,1,1,fraud,fraud_drift
M0021,233,66,44268.19,670.73,0.15223925492132692,0.012512915098363027,1.0034,0.9295,digital_goods,unknown_intl,1,1,fraud,fraud_drift
M0021,234,67,40982.06,611.67,0.14265372486045677,0.010276804813081113,1.1971,1.2826,digital_goods,unknown_intl,1,1,fraud,fraud_drift
M0021,235,55,32680.59,594.19,0.13867707230739074,0.011143473771539764,1.2382,0.906,digital_goods,unknown_intl,1,1,fraud,fraud_drift
M0021,236,58,37515.41,646.82,0.18621806002654687,0.008874994903279322,1.1875,1.0537,digital_goods,unknown_intl,1,1,fraud,fraud_drift
M0021,237,67,43926.63,655.62,0.141696137160858,0.011192208496039382,0.8292,1.6315,digital_goods,unknown_intl,1,1,fraud,fraud_drift
M0021,238,63,37018.52,587.6,0.14463317060402556,0.011175708708571966,0.8481,1.1657,digital_goods,unknown_intl,1,1,fraud,fraud_drift
M0021,239,72,43049.1,597.9,0.11205061398320616,0.012917553703031374,1.1376,1.1316,digital_goods,unknown_intl,1,1,fraud,fraud_drift
M0022,0,30,46307.17,1543.57,0.05195710778246862,0.0032856316718977295,1.3261,1.114,beauty,pune,0,0,none,fraud_drift
M0022,1,28,44044.46,1573.02,0.04705999817913914,0.005339878495004906,0.957,1.3953,beauty,pune,0,0,none,fraud_drift
M0022,2,37,52871.86,1428.97,0.055474374330824326,0.004272332697908269,1.0966,1.0684,beauty,pune,0,0,none,fraud_drift
M0022,3,33,55726.61,1688.69,0.04400985106603408,0.00433823699601708,1.2492,0.9319,beauty,pune,0,0,none,fraud_drift
M0022,4,33,51220.48,1552.14,0.042086576847740524,0.005616182252085256,1.3914,1.5839,beauty,pune,0,0,none,fraud_drift
M0022,5,29,41312.97,1424.59,0.04161341395144436,0.004970533552262746,1.2386,1.2057,beauty,pune,0,0,none,fraud_drift
M0022,6,34,48931.7,1439.17,0.047101808351187366,0.0044928565239772044,1.2764,0.7822,beauty,pune,0,0,none,fraud_drift
M0022,7,39,59075.91,1514.77,0.04153994403845607,0.00560162832905806,1.6226,0.7488,beauty,pune,0,0,none,fraud_drift
M0022,8,37,55795.25,1507.98,0.04004903722067281,0.0045683614413135724,1.0542,1.3236,beauty,pune,0,0,none,fraud_drift
M0022,9,34,50119.97,1474.12,0.040377850696189176,0.005120233627998964,1.5181,1.4226,beauty,pune,0,0,none,fraud_drift
M0022,10,33,49634.54,1504.08,0.03689535955237888,0.004990925340641695,1.4073,1.3576,beauty,pune,0,0,none,fraud_drift
M0022,11,34,53698.71,1579.37,0.03788596790555328,0.0053386711053260115,1.6639,1.3224,beauty,pune,0,0,none,fraud_drift
M0022,12,34,50846.33,1495.48,0.04588557948746327,0.005666287975535613,1.1847,1.3224,beauty,pune,0,0,none,fraud_drift
M0022,13,37,52052.45,1406.82,0.04498890005504973,0.003145063977347394,1.0564,1.621,beauty,pune,0,0,none,fraud_drift
M0022,14,33,51626.31,1564.43,0.044732855987765316,0.002964760648156507,1.181,1.0694,beauty,pune,0,0,none,fraud_drift
M0022,15,37,55593.36,1502.52,0.034336355233187114,0.004179611550640669,1.184,0.9252,beauty,pune,0,0,none,fraud_drift
M0022,16,33,42159.12,1277.55,0.03886764240824369,0.005487136092352358,0.6272,1.1259,beauty,pune,0,0,none,fraud_drift
M0022,17,33,50952.98,1544.03,0.0469378860517819,0.004520869942596147,1.181,1.1012,beauty,pune,0,0,none,fraud_drift
M0022,18,37,55312.8,1494.94,0.0465930566382649,0.004970240119047092,1.5996,1.2465,beauty,pune,0,0,none,fraud_drift
M0022,19,35,55177.47,1576.5,0.03926825538749837,0.0049329294217307215,1.3819,1.3423,beauty,pune,0,0,none,fraud_drift
M0022,20,30,45640.35,1521.35,0.04022099530389589,0.004909762874580883,1.3714,1.2417,beauty,pune,0,0,none,fraud_drift
M0022,21,36,53833.56,1495.38,0.041903475668234096,0.003869110182743842,0.9285,1.2181,beauty,pune,0,0,none,fraud_drift
M0022,22,31,46723.71,1507.22,0.05476152216710968,0.004516565315072221,1.1033,1.6398,beauty,pune,0,0,none,fraud_drift
M0022,23,36,50033.04,1389.81,0.04884631066820502,0.0033328559912939133,1.1422,1.3202,beauty,pune,0,0,none,fraud_drift
M0022,24,34,48991.51,1440.93,0.04947548064785417,0.0068951223743476155,1.3644,1.3818,beauty,pune,0,0,none,fraud_drift
M0022,25,35,53812.91,1537.51,0.03731638262572978,0.004914221730967108,1.3929,1.3649,beauty,pune,0,0,none,fraud_drift
M0022,26,35,53010.3,1514.58,0.04667500563338492,0.005062492306360516,0.9639,1.1781,beauty,pune,0,0,none,fraud_drift
M0022,27,31,44065.39,1421.46,0.04077844990162729,0.004789193169944429,1.1033,1.2777,beauty,pune,0,0,none,fraud_drift
M0022,28,36,54991.99,1527.56,0.046688815589009565,0.0050400376807037675,1.1938,1.4944,beauty,pune,0,0,none,fraud_drift
M0022,29,34,47509.97,1397.35,0.04114847095087302,0.006162146172953202,1.1145,0.9229,beauty,pune,0,0,none,fraud_drift
M0022,30,32,46492.81,1452.9,0.04106049126675368,0.005094612495431366,0.9956,1.2781,beauty,pune,0,0,none,fraud_drift
M0022,31,34,49997.64,1470.52,0.04344822180524464,0.005060242207491869,1.1847,0.4284,beauty,pune,0,0,none,fraud_drift
M0022,32,32,45367.7,1417.74,0.04885134429632112,0.005491147536252261,1.5084,0.8047,beauty,pune,0,0,none,fraud_drift
M0022,33,38,55462.77,1459.55,0.042310432649858044,0.004407221706710822,1.237,0.9634,beauty,pune,0,0,none,fraud_drift
M0022,34,31,47083.12,1518.81,0.04583871651120349,0.005961281528241933,1.4418,1.2329,beauty,pune,0,0,none,fraud_drift
M0022,35,35,53296.93,1522.77,0.04928922275815551,0.0034057175632832884,1.0839,1.3449,beauty,pune,0,0,none,fraud_drift
M0022,36,38,60507.16,1592.29,0.031295410615957434,0.004138226473301848,1.5612,1.7592,beauty,pune,0,0,none,fraud_drift
M0022,37,34,48509.65,1426.75,0.04696451703853287,0.005072941070896817,1.2636,1.0372,beauty,pune,0,0,none,fraud_drift
M0022,38,32,50465.88,1577.06,0.04222511176852534,0.004786239673912181,1.5053,0.848,beauty,pune,0,0,none,fraud_drift
M0022,39,34,51195.94,1505.76,0.04935401210156381,0.004817546170260301,0.9964,0.8972,beauty,pune,0,0,none,fraud_drift
M0022,40,33,50682.76,1535.84,0.042339604258027255,0.0056107978942027065,1.4082,0.8455,beauty,pune,0,0,none,fraud_drift
M0022,41,36,52489.27,1458.04,0.04438828581311339,0.004824528868486658,1.4998,1.1171,beauty,pune,0,0,none,fraud_drift
M0022,42,39,59145.84,1516.56,0.04298239287709675,0.0056569619337033215,1.3121,0.9762,beauty,pune,0,0,none,fraud_drift
M0022,43,35,51510.31,1471.72,0.04460424832475328,0.004756282412506018,1.1312,1.1385,beauty,pune,0,0,none,fraud_drift
M0022,44,36,54845.29,1523.48,0.05474443582090238,0.004469195337119626,1.0479,1.1247,beauty,pune,0,0,none,fraud_drift
M0022,45,40,66617.03,1665.43,0.042341509270947396,0.00533208760737312,1.1984,1.5263,beauty,pune,0,0,none,fraud_drift
M0022,46,34,54197.96,1594.06,0.04953512192832439,0.005839299859436989,1.349,0.8121,beauty,pune,0,0,none,fraud_drift
M0022,47,37,55680.44,1504.88,0.03773991445294945,0.004158640933618547,1.2497,0.9528,beauty,pune,0,0,none,fraud_drift
M0022,48,36,53265.51,1479.6,0.04124916008156709,0.004841092859768834,1.3895,1.3024,beauty,pune,0,0,none,fraud_drift
M0022,49,35,58206.59,1663.05,0.04478220759147262,0.005317602990144909,1.2091,1.3202,beauty,pune,0,0,none,fraud_drift
M0022,50,35,54936.37,1569.61,0.03065033424450361,0.00525320962453326,1.2027,1.476,beauty,pune,0,0,none,fraud_drift
M0022,51,35,56592.09,1616.92,0.04317982907459977,0.005713094911622856,1.2656,1.0839,beauty,pune,0,0,none,fraud_drift
M0022,52,33,48039.39,1455.74,0.035807070692225336,0.004379024869274177,1.152,1.287,beauty,pune,0,0,none,fraud_drift
M0022,53,35,53718.38,1534.81,0.039709402786508675,0.004258681137395126,1.363,1.2968,beauty,pune,0,0,none,fraud_drift
M0022,54,32,49280.89,1540.03,0.05143573212917083,0.004662691492111065,1.0807,1.2781,beauty,pune,0,0,none,fraud_drift
M0022,55,32,52809.82,1650.31,0.037970905911195285,0.0059235279104728755,1.3546,1.5009,beauty,pune,0,0,none,fraud_drift
M0022,56,32,47334.95,1479.22,0.03426286919901209,0.004092455889504544,1.3197,1.4038,beauty,pune,0,0,none,fraud_drift
M0022,57,35,54392.81,1554.08,0.047865823314186505,0.005558093171089331,1.1631,0.8791,beauty,pune,0,0,none,fraud_drift
M0022,58,37,54992.74,1486.29,0.03574859378290559,0.003045795036055028,1.1324,1.3854,beauty,pune,0,0,none,fraud_drift
M0022,59,34,54351.09,1598.56,0.048174237861914604,0.0036741578207906936,1.2355,1.4326,beauty,pune,0,0,none,fraud_drift
M0022,60,38,53395.08,1405.13,0.04584847138186434,0.006168796455597275,1.2972,1.5059,beauty,pune,0,0,none,fraud_drift
M0022,61,34,53872.27,1584.48,0.0353842953542229,0.004443231737506395,1.2255,1.5449,beauty,pune,0,0,none,fraud_drift
M0022,62,36,52189.43,1449.71,0.04186388332102688,0.004969313093231907,1.2722,1.3814,beauty,pune,0,0,none,fraud_drift
M0022,63,37,55088.28,1488.87,0.04407853943040413,0.004233264509494638,1.1221,1.2112,beauty,pune,0,0,none,fraud_drift
M0022,64,30,47461.04,1582.03,0.048095049822162235,0.004587704868901634,1.114,1.6138,beauty,pune,0,0,none,fraud_drift
M0022,65,32,46276.85,1446.15,0.048274528490881166,0.004570164520233489,1.2305,1.3441,beauty,pune,0,0,none,fraud_drift
M0022,66,33,49365.54,1495.93,0.038746223836690505,0.005206585090693177,0.9593,1.2271,beauty,pune,0,0,none,fraud_drift
M0022,67,32,49544.37,1548.26,0.03985275735183821,0.005446730147655195,1.347,1.6383,beauty,pune,0,0,none,fraud_drift
M0022,68,31,47153.15,1521.07,0.035387810650100555,0.003874157881565605,0.9119,1.2821,beauty,pune,0,0,none,fraud_drift
M0022,69,30,43990.72,1466.36,0.04735082472523098,0.004899786672496395,1.6169,0.9753,beauty,pune,0,0,none,fraud_drift
M0022,70,25,38997.08,1559.88,0.038361352624854905,0.00455964138337448,1.2017,1.3168,beauty,pune,0,0,none,fraud_drift
M0022,71,34,54780.41,1611.19,0.045687356487737106,0.005459452102814755,1.3257,1.1045,beauty,pune,0,0,none,fraud_drift
M0022,72,34,60388.55,1776.13,0.043078603441944155,0.004946006036272958,1.0309,1.3277,beauty,pune,0,0,none,fraud_drift
M0022,73,30,41040.83,1368.03,0.049359442772942984,0.005129328506987734,1.3426,1.5528,beauty,pune,0,0,none,fraud_drift
M0022,74,33,51035.59,1546.53,0.03597923396493366,0.003492812467359251,1.3482,1.2492,beauty,pune,0,0,none,fraud_drift
M0022,75,35,53006.68,1514.48,0.03884314643155729,0.004739658482822839,1.546,1.3748,beauty,pune,0,0,none,fraud_drift
M0022,76,34,49261.44,1448.87,0.03809764990867413,0.004147824873495776,0.9657,1.0792,beauty,pune,0,0,none,fraud_drift
M0022,77,34,52350.75,1539.73,0.048386906961168874,0.005741869216420761,1.289,1.3478,beauty,pune,0,0,none,fraud_drift
M0022,78,32,47122.09,1472.57,0.04334027793246864,0.005136333622717741,1.2348,0.9956,beauty,pune,0,0,none,fraud_drift
M0022,79,37,57619.31,1557.28,0.047480662178820104,0.0042568058724258605,1.1829,1.2964,beauty,pune,0,0,none,fraud_drift
M0022,80,38,58062.04,1527.95,0.044437852581934875,0.00545676251229342,1.3181,1.1757,beauty,pune,0,0,none,fraud_drift
M0022,81,32,48150.96,1504.72,0.043085480129672574,0.005511591659238802,1.2348,1.0821,beauty,pune,0,0,none,fraud_drift
M0022,82,33,49368.29,1496.01,0.04580744440980374,0.004346847224410721,1.2753,1.2099,beauty,pune,0,0,none,fraud_drift
M0022,83,34,54809.75,1612.05,0.03325710180368908,0.004386624513918163,1.3297,1.1453,beauty,pune,0,0,none,fraud_drift
M0022,84,35,55119.49,1574.84,0.04794046672665156,0.005860149807390516,1.6297,1.1235,beauty,pune,0,0,none,fraud_drift
M0022,85,32,50713.49,1584.8,0.05100646237363648,0.004634275587190789,1.0885,1.2348,beauty,pune,0,0,none,fraud_drift
M0022,86,34,47125.6,1386.05,0.04550988803428527,0.005046394190650051,1.4453,1.5402,beauty,pune,0,0,none,fraud_drift
M0022,87,32,44656.12,1395.5,0.04534169809611473,0.00496241668856303,1.3484,1.1077,beauty,pune,0,0,none,fraud_drift
M0022,88,33,46915.6,1421.68,0.04340023641421415,0.005817856322102565,1.5432,1.1941,beauty,pune,0,0,none,fraud_drift
M0022,89,33,49762.05,1507.94,0.04410392524808708,0.005217190039006812,0.7,1.5175,beauty,pune,0,0,none,fraud_drift
M0022,90,32,44870.79,1402.21,0.05391342835223339,0.0054185112196612345,0.9077,1.3335,beauty,pune,0,0,none,fraud_drift
M0022,91,36,55676.61,1546.57,0.048452665215854104,0.004088908952601963,1.3334,1.0619,beauty,pune,0,0,none,fraud_drift
M0022,92,35,55996.96,1599.91,0.05060795072485454,0.005437049584723412,0.9473,1.2572,beauty,pune,0,0,none,fraud_drift
M0022,93,31,41360.89,1334.22,0.039904680135977005,0.0046670718236263955,0.7934,1.1062,beauty,pune,0,0,none,fraud_drift
M0022,94,39,65758.07,1686.1,0.04005059439246838,0.004504043561421441,1.2882,1.2648,beauty,pune,0,0,none,fraud_drift
M0022,95,28,41818.02,1493.5,0.04187067489450429,0.004942021669491806,1.1175,1.0747,beauty,pune,0,0,none,fraud_drift
M0022,96,35,58245.94,1664.17,0.05067883694872072,0.004680169787421797,1.069,1.067,beauty,pune,0,0,none,fraud_drift
M0022,97,33,44821.04,1358.21,0.048161054205954394,0.004784679737057549,0.8856,1.2732,beauty,pune,0,0,none,fraud_drift
M0022,98,36,49098.69,1363.85,0.04447816063683615,0.005612742656696055,1.4281,1.4105,beauty,pune,0,0,none,fraud_drift
M0022,99,35,53059.81,1515.99,0.048020421278094014,0.004530140200980406,1.3822,1.1373,beauty,pune,0,0,none,fraud_drift
M0022,100,36,59828.26,1661.9,0.047884916581264224,0.004968474972264902,1.3055,1.2652,beauty,pune,0,0,none,fraud_drift
M0022,101,37,55011.08,1486.79,0.04867058840250268,0.0053003883832072095,1.4284,1.0934,beauty,pune,0,0,none,fraud_drift
M0022,102,34,52624.59,1547.78,0.038240480321293915,0.005024335942548469,1.2715,1.307,beauty,pune,0,0,none,fraud_drift
M0022,103,32,52357.66,1636.18,0.05003105478870327,0.00413017625155955,1.3546,1.4845,beauty,pune,0,0,none,fraud_drift
M0022,104,38,60662.11,1596.37,0.043616356215964026,0.00595456472730486,1.2143,1.2122,beauty,pune,0,0,none,fraud_drift
M0022,105,32,40192.23,1256.01,0.039436702789432516,0.004608905667913267,1.4841,1.6568,beauty,pune,0,0,none,fraud_drift
M0022,106,35,48899.08,1397.12,0.04628149026269445,0.0046979080994556405,1.0196,1.3819,beauty,pune,0,0,none,fraud_drift
M0022,107,34,53825.41,1583.1,0.04489426793333321,0.0043509759350760825,0.9126,1.2676,beauty,pune,0,0,none,fraud_drift
M0022,108,29,46817.51,1614.4,0.035363983383013935,0.0043972268418659205,1.3835,0.9268,beauty,pune,0,0,none,fraud_drift
M0022,109,31,49558.08,1598.65,0.04137869100835844,0.005511091213315224,1.3473,1.0182,beauty,pune,0,0,none,fraud_drift
M0022,110,33,45594.37,1381.65,0.04399949978369682,0.004003627183903408,0.9173,1.2099,beauty,pune,0,0,none,fraud_drift
M0022,111,40,64765.5,1619.14,0.048862597988080576,0.005077332690519185,1.3128,1.233,beauty,pune,0,0,none,fraud_drift
M0022,112,33,58027.88,1758.42,0.04268383406936232,0.003429350983003506,1.2608,1.4493,beauty,pune,0,0,none,fraud_drift
M0022,113,31,49439.61,1594.83,0.052912468060539654,0.00358315678773913,1.2109,1.6562,beauty,pune,0,0,none,fraud_drift
M0022,114,37,51648.3,1395.9,0.048520923237201634,0.005522262258638513,1.561,1.5316,beauty,pune,0,0,none,fraud_drift
M0022,115,38,60407.82,1589.68,0.04570530584830364,0.005253730982838762,1.2882,1.1619,beauty,pune,0,0,none,fraud_drift
M0022,116,34,56884.69,1673.08,0.044127351060846455,0.005195047163540561,1.3103,1.1299,beauty,pune,0,0,none,fraud_drift
M0022,117,33,50118.13,1518.73,0.04747832658252919,0.005214322762336322,1.3156,1.7811,beauty,pune,0,0,none,fraud_drift
M0022,118,33,53168.03,1611.15,0.04550188191759607,0.0050686252894954955,0.8993,1.1012,beauty,pune,0,0,none,fraud_drift
M0022,119,33,50739.33,1537.56,0.045204612169365804,0.004331465271054687,0.8296,1.0433,beauty,pune,0,0,none,fraud_drift
M0022,120,34,50231.03,1477.38,0.04593102307290622,0.004893222502150047,1.2715,1.5041,beauty,pune,0,0,none,fraud_drift
M0022,121,34,54114.7,1591.61,0.04855996220467691,0.0047169627952119274,1.4928,0.9126,beauty,pune,0,0,none,fraud_drift
M0022,122,35,47490.49,1356.87,0.03737676955163341,0.004981693311496932,1.4845,1.5306,beauty,pune,0,0,none,fraud_drift
M0022,123,36,56205.15,1561.25,0.042743194728797056,0.0034290966853846483,1.1351,0.6191,beauty,pune,0,0,none,fraud_drift
M0022,124,31,46955.08,1514.68,0.041371689729306445,0.004751565328358772,1.2161,1.2374,beauty,pune,0,0,none,fraud_drift
M0022,125,32,53467.6,1670.86,0.04384328049087373,0.004649058666909573,1.2738,1.2512,beauty,pune,0,0,none,fraud_drift
M0022,126,33,48518.48,1470.26,0.05585957351152628,0.005058897648227414,1.2711,1.0592,beauty,pune,0,0,none,fraud_drift
M0022,127,36,57724.19,1603.45,0.05459829092204771,0.005438384029531607,1.3189,1.1796,beauty,pune,0,0,none,fraud_drift
M0022,128,30,45940.83,1531.36,0.04697259685276779,0.00519134955695901,1.5502,0.9034,beauty,pune,0,0,none,fraud_drift
M0022,129,37,55495.66,1499.88,0.04297082636945181,0.00523919009786483,1.2589,1.0044,beauty,pune,0,0,none,fraud_drift
M0022,130,36,49242.28,1367.84,0.048109515196555735,0.0039060169012455404,1.4174,1.2962,beauty,pune,0,0,none,fraud_drift
M0022,131,35,55872.58,1596.36,0.03587956992945961,0.005830011736131743,1.5948,0.8104,beauty,pune,0,0,none,fraud_drift
M0022,132,36,54756.17,1521.0,0.04166407491125916,0.005244004166386334,1.4468,0.9431,beauty,pune,0,0,none,fraud_drift
M0022,133,38,58680.98,1544.24,0.05207301716798951,0.004080457381568452,1.2727,1.2735,beauty,pune,0,0,none,fraud_drift
M0022,134,35,54211.37,1548.9,0.0403481031173385,0.005288503542402924,0.7954,1.1769,beauty,pune,0,0,none,fraud_drift
M0022,135,32,48529.84,1516.56,0.04718895469930411,0.004192032105964021,1.2468,1.2512,beauty,pune,0,0,none,fraud_drift
M0022,136,34,43555.49,1281.04,0.0431466999033338,0.002743608080815287,1.3297,0.9657,beauty,pune,0,0,none,fraud_drift
M0022,137,36,56693.48,1574.82,0.045938846500790144,0.004135660519354742,1.1171,1.0346,beauty,pune,0,0,none,fraud_drift
M0022,138,40,60062.98,1501.57,0.03697203891376671,0.004705281121948497,1.4559,1.005,beauty,pune,0,0,none,fraud_drift
M0022,139,37,52545.2,1420.14,0.03999828365475574,0.004413253320607743,1.2447,1.5745,beauty,pune,0,0,none,fraud_drift
M0022,140,32,50511.08,1578.47,0.04844908790509543,0.005430034908904848,1.5808,1.4038,beauty,pune,0,0,none,fraud_drift
M0022,141,37,58674.17,1585.79,0.041003979193814856,0.004441635326506053,0.9252,1.2356,beauty,pune,0,0,none,fraud_drift
M0022,142,31,45922.61,1481.37,0.04135622084828999,0.0038902824512655463,1.4135,1.0167,beauty,pune,0,0,none,fraud_drift
M0022,143,32,51829.53,1619.67,0.050972597664075206,0.004342913322314022,1.5538,0.7344,beauty,pune,0,0,none,fraud_drift
M0022,144,32,50413.97,1575.44,0.048106740499310824,0.00469332017425494,0.8762,1.3604,beauty,pune,0,0,none,fraud_drift
M0022,145,35,54317.65,1551.93,0.049508606649088266,0.005872356247095962,1.5609,0.9732,beauty,pune,0,0,none,fraud_drift
M0022,146,37,55063.92,1488.21,0.04510465686134085,0.005121731471301661,1.2963,1.3247,beauty,pune,0,0,none,fraud_drift
M0022,147,39,59425.28,1523.73,0.04393032238926611,0.005190964135567525,1.3103,1.1512,beauty,pune,0,0,none,fraud_drift
M0022,148,36,51478.03,1429.95,0.044754484365179724,0.004969994345825789,1.3189,1.3574,beauty,pune,0,0,none,fraud_drift
M0022,149,31,47608.84,1535.77,0.04937627176638615,0.005447896425488282,1.6358,0.9552,beauty,pune,0,0,none,fraud_drift
M0022,150,31,47415.67,1529.54,0.04386762058053314,0.004262310159356635,1.3104,1.0446,beauty,pune,0,0,none,fraud_drift
M0022,151,34,54239.35,1595.28,0.04585294555687148,0.003759915084334086,0.9964,1.5548,beauty,pune,0,0,none,fraud_drift
M0022,152,31,49650.16,1601.62,0.044803933337942164,0.004808194998939265,1.0526,1.4427,beauty,pune,0,0,none,fraud_drift
M0022,153,31,55392.34,1786.85,0.04552888309995106,0.005188541734697075,1.1142,1.5335,beauty,pune,0,0,none,fraud_drift
M0022,154,32,53049.16,1657.79,0.05321358713676732,0.004735976176040321,1.2078,1.2781,beauty,pune,0,0,none,fraud_drift
M0022,155,34,52397.26,1541.1,0.04082195476414211,0.004242056691343748,1.1199,1.4326,beauty,pune,0,0,none,fraud_drift
M0022,156,36,55793.57,1549.82,0.04863017227633364,0.00479577829812978,1.4928,0.794,beauty,pune,0,0,none,fraud_drift
M0022,157,36,48534.11,1348.17,0.04710796137889207,0.00526286762124486,1.1671,1.4849,beauty,pune,0,0,none,fraud_drift
M0022,158,30,44985.01,1499.5,0.04265738015236027,0.005489284689904064,1.3548,0.8412,beauty,pune,0,0,none,fraud_drift
M0022,159,31,48556.98,1566.35,0.036696949826661995,0.005230188202831656,0.9552,1.1062,beauty,pune,0,0,none,fraud_drift
M0022,160,32,48771.23,1524.1,0.041662396972530026,0.005293229261765416,1.1482,0.7319,beauty,pune,0,0,none,fraud_drift
M0022,161,36,54763.57,1521.21,0.05042832065182816,0.005570323593298001,1.1422,1.3189,beauty,pune,0,0,none,fraud_drift
M0022,162,38,55806.9,1468.6,0.041779649857902355,0.004183127797532755,1.237,1.2005,beauty,pune,0,0,none,fraud_drift
M0022,163,34,51762.47,1522.43,0.04865778914041309,0.005938036119764502,1.5489,0.7714,beauty,pune,0,0,none,fraud_drift
M0022,164,34,51437.49,1512.87,0.04655470561828815,0.00473731078252677,1.2509,1.0871,beauty,pune,0,0,none,fraud_drift
M0022,165,34,46899.51,1379.4,0.037423082189855926,0.005601555891088075,1.1519,1.8239,beauty,pune,0,0,none,fraud_drift
M0022,166,34,51582.36,1517.13,0.04090318410835142,0.004695400343675249,1.4424,1.1199,beauty,pune,0,0,none,fraud_drift
M0022,167,37,50720.3,1370.82,0.054256879264450775,0.004479870559890129,1.2287,1.272,beauty,pune,0,0,none,fraud_drift
M0022,168,33,46530.82,1410.02,0.048812081969840486,0.005380389608613469,1.245,1.5204,beauty,pune,0,0,none,fraud_drift
M0022,169,34,47516.5,1397.54,0.049559655552568894,0.005123918766727645,1.3564,1.4226,beauty,pune,0,0,none,fraud_drift
M0022,170,28,44791.26,1599.69,0.047267422100886206,0.004795856520514345,0.9757,1.1429,beauty,pune,0,0,none,fraud_drift
M0022,171,34,53036.42,1559.89,0.04361416162992897,0.004355267434235238,1.4325,1.186,beauty,pune,0,0,none,fraud_drift
M0022,172,37,55449.29,1498.63,0.044754857456331724,0.003413861316484546,1.1737,0.7641,digital_goods,unknown_intl,1,1,fraud,fraud_drift
M0022,173,48,73066.82,1522.23,0.06693278305878225,0.010047365540492481,0.9814,0.3735,digital_goods,unknown_intl,1,1,fraud,fraud_drift
M0022,174,53,82424.0,1555.17,0.10988632041378896,0.012547412459352647,0.9208,1.0292,digital_goods,unknown_intl,1,1,fraud,fraud_drift
M0022,175,61,94468.33,1548.66,0.10624289116802955,0.013907297576394532,0.9171,1.0076,digital_goods,unknown_intl,1,1,fraud,fraud_drift
M0022,176,81,116970.99,1444.09,0.13979924522147286,0.016305198648949894,1.0254,0.8009,digital_goods,unknown_intl,1,1,fraud,fraud_drift
M0022,177,84,127787.1,1521.28,0.18562774126369014,0.02084797197616718,1.1722,1.2384,digital_goods,unknown_intl,1,1,fraud,fraud_drift
M0022,178,94,155446.66,1653.69,0.1786990178736255,0.01637953354146472,0.9934,1.1236,digital_goods,unknown_intl,1,1,fraud,fraud_drift
M0022,179,85,135352.39,1592.38,0.15720783290116286,0.015411131123147338,0.9507,1.0249,digital_goods,unknown_intl,1,1,fraud,fraud_drift
M0022,180,90,139132.44,1545.92,0.13246115291375066,0.012247595615167238,0.9948,1.2812,digital_goods,unknown_intl,1,1,fraud,fraud_drift
M0022,181,75,120595.17,1607.94,0.1444380466044737,0.0171675054197936,1.0505,1.2321,digital_goods,unknown_intl,1,1,fraud,fraud_drift
M0022,182,70,112538.34,1607.69,0.15303489818926,0.019922803079130042,0.8794,1.3377,digital_goods,unknown_intl,1,1,fraud,fraud_drift
M0022,183,88,133868.95,1521.24,0.11884826752511313,0.02186713493447313,1.02,0.856,digital_goods,unknown_intl,1,1,fraud,fraud_drift
M0022,184,82,137595.31,1677.99,0.13397141696178919,0.017327820270821387,0.8211,0.876,digital_goods,unknown_intl,1,1,fraud,fraud_drift
M0022,185,78,114285.13,1465.19,0.12382008869378817,0.02162924004415015,0.737,1.1301,digital_goods,unknown_intl,1,1,fraud,fraud_drift
M0022,186,83,134236.49,1617.31,0.12480281220610707,0.017669539396671735,0.8545,0.9244,digital_goods,unknown_intl,1,1,fraud,fraud_drift
M0022,187,85,118759.9,1397.18,0.16584670229274684,0.022195592854269242,1.017,1.3932,digital_goods,unknown_intl,1,1,fraud,fraud_drift
M0022,188,85,127192.41,1496.38,0.12641660737809296,0.01916400215885429,1.055,1.1612,digital_goods,unknown_intl,1,1,fraud,fraud_drift
M0022,189,76,112485.06,1480.07,0.10935387163593728,0.0227261609072425,0.8519,1.0991,digital_goods,unknown_intl,1,1,fraud,fraud_drift
M0022,190,84,121363.65,1444.81,0.1647556658277758,0.02054088894741089,0.7713,1.1,digital_goods,unknown_intl,1,1,fraud,fraud_drift
M0022,191,76,115947.62,1525.63,0.1240453717161218,0.013010435824030489,1.0079,1.1365,digital_goods,unknown_intl,1,1,fraud,fraud_drift
M0022,192,85,138701.71,1631.78,0.1507964687476474,0.018222506991014645,0.9404,1.4467,digital_goods,unknown_intl,1,1,fraud,fraud_drift
M0022,193,82,116214.83,1417.25,0.17575689562548888,0.022132371785505627,1.288,1.0759,digital_goods,unknown_intl,1,1,fraud,fraud_drift
M0022,194,77,124717.07,1619.7,0.16020110220182868,0.016421379848883984,0.9437,0.9598,digital_goods,unknown_intl,1,1,fraud,fraud_drift
M0022,195,84,134961.36,1606.68,0.14215901852346424,0.020709303198080432,1.038,1.0321,digital_goods,unknown_intl,1,1,fraud,fraud_drift
M0022,196,77,116091.21,1507.68,0.13396947417931146,0.02337112402674932,0.8566,1.1411,digital_goods,unknown_intl,1,1,fraud,fraud_drift
M0022,197,68,99681.55,1465.91,0.15158376222942835,0.021764818854859803,0.9088,1.293,digital_goods,unknown_intl,1,1,fraud,fraud_drift
M0022,198,84,129749.21,1544.63,0.1395610825306235,0.017059483196684138,0.7912,1.0516,digital_goods,unknown_intl,1,1,fraud,fraud_drift
M0022,199,94,142137.15,1512.1,0.162967289324822,0.01825710710583782,1.2084,1.1253,digital_goods,unknown_intl,1,1,fraud,fraud_drift
M0022,200,81,122469.73,1511.97,0.11293251274947165,0.017880282773991084,0.9164,1.401,digital_goods,unknown_intl,1,1,fraud,fraud_drift
M0022,201,82,123415.87,1505.07,0.13838615507024588,0.019400164901039428,1.0606,1.0802,digital_goods,unknown_intl,1,1,fraud,fraud_drift
M0022,202,83,117437.95,1414.92,0.18723319569547514,0.01962330995558427,1.114,1.2886,digital_goods,unknown_intl,1,1,fraud,fraud_drift
M0022,203,95,139566.76,1469.12,0.13010963874040304,0.01611144560349297,0.9605,0.9213,digital_goods,unknown_intl,1,1,fraud,fraud_drift
M0022,204,80,124930.83,1561.64,0.15544785676494718,0.024442433247257835,0.9797,1.1331,digital_goods,unknown_intl,1,1,fraud,fraud_drift
M0022,205,92,154866.43,1683.33,0.15267395408423287,0.016626526732654058,0.8585,1.2152,digital_goods,unknown_intl,1,1,fraud,fraud_drift
M0022,206,83,128583.77,1549.2,0.13173406440631277,0.014830256255333806,1.056,1.0714,digital_goods,unknown_intl,1,1,fraud,fraud_drift
M0022,207,76,118709.64,1561.97,0.14672208855894708,0.01911745459967673,0.9404,1.1389,digital_goods,unknown_intl,1,1,fraud,fraud_drift
M0022,208,83,112140.88,1351.09,0.1207822983980036,0.012511545045020863,1.0923,1.1627,digital_goods,unknown_intl,1,1,fraud,fraud_drift
M0022,209,83,121136.38,1459.47,0.15431870730718517,0.021426284354330773,1.0038,1.0235,digital_goods,unknown_intl,1,1,fraud,fraud_drift
M0022,210,80,125472.73,1568.41,0.12773837172824745,0.02037379102401478,1.1016,0.8494,digital_goods,unknown_intl,1,1,fraud,fraud_drift
M0022,211,73,112517.85,1541.34,0.1481078969523522,0.019109504654066082,1.0963,1.403,digital_goods,unknown_intl,1,1,fraud,fraud_drift
M0022,212,73,121850.22,1669.18,0.13910133408606232,0.017790346736884864,0.991,0.8981,digital_goods,unknown_intl,1,1,fraud,fraud_drift
M0022,213,80,119405.36,1492.57,0.16732550626715276,0.017927298105589077,1.012,1.2292,digital_goods,unknown_intl,1,1,fraud,fraud_drift
M0022,214,80,125889.41,1573.62,0.14063674042955102,0.02011762589598497,1.0251,0.9906,digital_goods,unknown_intl,1,1,fraud,fraud_drift
M0022,215,74,99935.96,1350.49,0.14151869699244737,0.0204916082228487,0.7936,1.4649,digital_goods,unknown_intl,1,1,fraud,fraud_drift
M0022,216,79,118279.65,1497.21,0.12444106995083556,0.018600509969545032,0.845,1.0877,digital_goods,unknown_intl,1,1,fraud,fraud_drift
M0022,217,82,117537.14,1433.38,0.1430543923035859,0.016516973659982826,1.2389,1.0232,digital_goods,unknown_intl,1,1,fraud,fraud_drift
M0022,218,77,102490.02,1331.04,0.1762282596251356,0.01821662836690647,1.2819,0.8031,digital_goods,unknown_intl,1,1,fraud,fraud_drift
M0022,219,89,134524.52,1511.51,0.16083606660024122,0.022772863412404105,0.9169,0.9384,digital_goods,unknown_intl,1,1,fraud,fraud_drift
M0022,220,83,135825.98,1636.46,0.11915272672160956,0.023833892509679544,1.1891,1.2694,digital_goods,unknown_intl,1,1,fraud,fraud_drift
M0022,221,90,136746.42,1519.4,0.14222333040791216,0.018258111834831756,1.0755,0.9406,digital_goods,unknown_intl,1,1,fraud,fraud_drift
M0022,222,84,128475.48,1529.47,0.14029315887261568,0.017552789661724997,1.0093,0.9449,digital_goods,unknown_intl,1,1,fraud,fraud_drift
M0022,223,81,126948.3,1567.26,0.16201670006505398,0.018574889445301706,1.0122,1.1175,digital_goods,unknown_intl,1,1,fraud,fraud_drift
M0022,224,77,116927.31,1518.54,0.1383021333208397,0.019970203560411945,0.8125,0.9804,digital_goods,unknown_intl,1,1,fraud,fraud_drift
M0022,225,82,122035.9,1488.24,0.12304088487888332,0.016880897955795834,1.0569,1.0079,digital_goods,unknown_intl,1,1,fraud,fraud_drift
M0022,226,70,113299.69,1618.57,0.18462927300199608,0.02048292002237877,1.0126,1.4838,digital_goods,unknown_intl,1,1,fraud,fraud_drift
M0022,227,81,131001.01,1617.3,0.13061300085714533,0.01758431983793419,1.2023,1.2318,digital_goods,unknown_intl,1,1,fraud,fraud_drift
M0022,228,86,129403.46,1504.69,0.1281392041160711,0.015832349016626827,1.2487,0.8781,digital_goods,unknown_intl,1,1,fraud,fraud_drift
M0022,229,80,111349.26,1391.87,0.13800898538307058,0.023073106492362327,1.3443,0.9798,digital_goods,unknown_intl,1,1,fraud,fraud_drift
M0022,230,85,132862.09,1563.08,0.16119764284430896,0.015356426153170531,1.1269,1.0424,digital_goods,unknown_intl,1,1,fraud,fraud_drift
M0022,231,79,121371.09,1536.34,0.1508622231693575,0.02324216744877763,0.8574,0.7464,digital_goods,unknown_intl,1,1,fraud,fraud_drift
M0022,232,86,124151.82,1443.63,0.1273656692128304,0.014491933793231443,1.1475,0.9891,digital_goods,unknown_intl,1,1,fraud,fraud_drift
M0022,233,78,113384.76,1453.65,0.11983646722585674,0.019387833294635445,0.9857,1.1988,digital_goods,unknown_intl,1,1,fraud,fraud_drift
M0022,234,88,120433.74,1368.57,0.20175381287571462,0.02028982136316074,1.0698,1.3701,digital_goods,unknown_intl,1,1,fraud,fraud_drift
M0022,235,76,121664.53,1600.85,0.16618777757715905,0.02291789188368252,0.8761,0.8464,digital_goods,unknown_intl,1,1,fraud,fraud_drift
M0022,236,84,121988.23,1452.24,0.15994820665074816,0.02249861282910854,1.1714,0.9449,digital_goods,unknown_intl,1,1,fraud,fraud_drift
M0022,237,84,142360.0,1694.76,0.1775816165482059,0.025230362586031545,1.1271,0.9696,digital_goods,unknown_intl,1,1,fraud,fraud_drift
M0022,238,84,126435.8,1505.19,0.1338980286290004,0.01824715903269438,0.9558,1.204,digital_goods,unknown_intl,1,1,fraud,fraud_drift
M0022,239,78,117425.52,1505.46,0.12234628994563826,0.02280590777115936,0.9469,1.2442,digital_goods,unknown_intl,1,1,fraud,fraud_drift
M0023,0,69,70360.3,1019.71,0.03714341591569818,0.001301546481123172,1.105,1.4119,digital_goods,kolkata,0,0,none,fraud_drift
M0023,1,62,63083.37,1017.47,0.03340565808514612,0.001635210624809195,1.3798,1.3499,digital_goods,kolkata,0,0,none,fraud_drift
M0023,2,67,77283.46,1153.48,0.03625024966021903,0.0011851039909180892,1.1645,1.5756,digital_goods,kolkata,0,0,none,fraud_drift
M0023,3,74,74471.77,1006.38,0.03497787544098838,0.0013869529697961007,0.9356,1.5993,digital_goods,kolkata,0,0,none,fraud_drift
M0023,4,72,69537.71,965.8,0.03248222955676369,0.0015752757686059026,1.2983,1.2095,digital_goods,kolkata,0,0,none,fraud_drift
M0023,5,59,57202.06,969.53,0.03776176831809216,0.001800351528451295,1.1313,1.4695,digital_goods,kolkata,0,0,none,fraud_drift
M0023,6,60,67650.03,1127.5,0.03152825385097042,0.0011112819995306215,1.3233,1.3317,digital_goods,kolkata,0,0,none,fraud_drift
M0023,7,71,75029.51,1056.75,0.04148394982272947,0.0007272000037387514,1.3729,1.3812,digital_goods,kolkata,0,0,none,fraud_drift
M0023,8,58,57931.11,998.81,0.032745480594190426,0.001172005106900281,1.3285,1.4577,digital_goods,kolkata,0,0,none,fraud_drift
M0023,9,69,70604.89,1023.26,0.03174889312963688,0.0013557377714360078,1.353,1.3712,digital_goods,kolkata,0,0,none,fraud_drift
M0023,10,59,63545.16,1077.04,0.03462168012715649,0.0015253915344976975,1.5123,1.173,digital_goods,kolkata,0,0,none,fraud_drift
M0023,11,70,71669.59,1023.85,0.04124428280143085,0.0010781219323552408,1.3215,1.4971,digital_goods,kolkata,0,0,none,fraud_drift
M0023,12,70,75113.69,1073.05,0.027815429613794043,0.001531139435955007,1.3166,0.9463,digital_goods,kolkata,0,0,none,fraud_drift
M0023,13,60,57331.64,955.53,0.0337899126352874,0.001370362385597242,1.3103,1.3664,digital_goods,kolkata,0,0,none,fraud_drift
M0023,14,68,77103.9,1133.88,0.03593242787410062,0.0012340444083037347,1.4138,1.4847,digital_goods,kolkata,0,0,none,fraud_drift
M0023,15,71,73357.76,1033.21,0.044535758888933165,0.0016473165659782133,1.2804,1.4613,digital_goods,kolkata,0,0,none,fraud_drift
M0023,16,50,48486.33,969.73,0.03555126372156964,0.0012930034666662074,1.2274,1.3443,digital_goods,kolkata,0,0,none,fraud_drift
M0023,17,76,80193.04,1055.17,0.029826443073250723,0.0015347221488434244,1.3417,1.2739,digital_goods,kolkata,0,0,none,fraud_drift
M0023,18,71,69159.73,974.08,0.040594666020329094,0.0015297038101461007,1.3117,1.4022,digital_goods,kolkata,0,0,none,fraud_drift
M0023,19,70,71245.06,1017.79,0.035890910516102235,0.0014621368617708586,1.3939,1.2443,digital_goods,kolkata,0,0,none,fraud_drift
M0023,20,62,64184.7,1035.24,0.03131405646595893,0.0009990284588706746,1.2567,1.5954,digital_goods,kolkata,0,0,none,fraud_drift
M0023,21,66,66794.02,1012.03,0.03980103919055934,0.001675259713648906,1.1109,1.05,digital_goods,kolkata,0,0,none,fraud_drift
M0023,22,74,82594.15,1116.14,0.03567390336258394,0.0014003597178994319,1.2981,1.4677,digital_goods,kolkata,0,0,none,fraud_drift
M0023,23,63,66593.05,1057.03,0.03516071658171887,0.0012542906231023526,1.2353,1.3535,digital_goods,kolkata,0,0,none,fraud_drift
M0023,24,75,76147.2,1015.3,0.039195487036674005,0.001872845246306917,1.3186,1.297,digital_goods,kolkata,0,0,none,fraud_drift
M0023,25,69,72038.64,1044.04,0.03523626512948984,0.0016644053390478275,0.8439,1.3365,digital_goods,kolkata,0,0,none,fraud_drift
M0023,26,51,52320.88,1025.9,0.035923287656455555,0.0016948458909001227,1.4413,1.2511,digital_goods,kolkata,0,0,none,fraud_drift
M0023,27,67,74337.98,1109.52,0.040988944249886056,0.001602373492781567,1.2243,1.6321,digital_goods,kolkata,0,0,none,fraud_drift
M0023,28,67,64613.97,964.39,0.032780103007702316,0.0010695193862216657,1.0582,1.2168,digital_goods,kolkata,0,0,none,fraud_drift
M0023,29,68,71759.72,1055.29,0.03909649589018365,0.0011491395130150779,1.336,1.2589,digital_goods,kolkata,0,0,none,fraud_drift
M0023,30,63,59790.79,949.06,0.04261086289861348,0.001872222902170034,1.3099,1.4229,digital_goods,kolkata,0,0,none,fraud_drift
M0023,31,58,54387.17,937.71,0.037893906618229514,0.0010960335988307115,1.2731,1.4702,digital_goods,kolkata,0,0,none,fraud_drift
M0023,32,62,63543.24,1024.89,0.039220677168184524,0.0014677595176248585,1.4286,1.1703,digital_goods,kolkata,0,0,none,fraud_drift
M0023,33,66,63573.63,963.24,0.032296364282865,0.0016222890646209462,1.0863,1.5976,digital_goods,kolkata,0,0,none,fraud_drift
M0023,34,66,65139.76,986.97,0.03448725330072659,0.001344892554594673,1.2918,1.4213,digital_goods,kolkata,0,0,none,fraud_drift
M0023,35,74,73710.36,996.09,0.033444064404324056,0.0015402340608883323,1.2962,1.635,digital_goods,kolkata,0,0,none,fraud_drift
M0023,36,64,63592.14,993.63,0.029678068565102602,0.0015295629527108765,1.6006,1.525,digital_goods,kolkata,0,0,none,fraud_drift
M0023,37,67,64699.55,965.66,0.03686242779337202,0.0013091898730967677,1.3459,1.1119,digital_goods,kolkata,0,0,none,fraud_drift
M0023,38,70,65317.31,933.1,0.03346363549136171,0.0014655422910985609,1.4024,1.3029,digital_goods,kolkata,0,0,none,fraud_drift
M0023,39,61,57090.79,935.91,0.0382916737796304,0.0014969458815071242,1.3368,1.41,digital_goods,kolkata,0,0,none,fraud_drift
M0023,40,68,74887.52,1101.29,0.041851407169469376,0.0014570231750102793,1.331,1.4303,digital_goods,kolkata,0,0,none,fraud_drift
M0023,41,62,57054.82,920.24,0.0309191064107834,0.0010239794125973328,0.8661,1.6982,digital_goods,kolkata,0,0,none,fraud_drift
M0023,42,64,69468.6,1085.45,0.0401323010766133,0.0014518374783024205,1.2205,1.3994,digital_goods,kolkata,0,0,none,fraud_drift
M0023,43,74,76264.58,1030.6,0.03430045980196493,0.0018045660426270493,1.2555,1.6709,digital_goods,kolkata,0,0,none,fraud_drift
M0023,44,72,69013.81,958.53,0.032958955126090636,0.0009482106539770387,1.2887,1.2763,digital_goods,kolkata,0,0,none,fraud_drift
M0023,45,64,63153.0,986.77,0.04265355521568845,0.0015785154283484743,1.2379,1.6937,digital_goods,kolkata,0,0,none,fraud_drift
M0023,46,68,64112.95,942.84,0.03785827612609143,0.001348342591065806,1.5146,1.2803,digital_goods,kolkata,0,0,none,fraud_drift
M0023,47,71,73317.51,1032.64,0.03595909105949205,0.001195227202331117,1.4511,1.2758,digital_goods,kolkata,0,0,none,fraud_drift
M0023,48,67,65488.37,977.44,0.036940720470335094,0.0013593474810744866,1.3751,1.381,digital_goods,kolkata,0,0,none,fraud_drift
M0023,49,70,69461.28,992.3,0.03328955105215939,0.0014893470028458432,1.3217,1.4315,digital_goods,kolkata,0,0,none,fraud_drift
M0023,50,64,71920.8,1123.76,0.035653449557311645,0.0013404296503907523,1.3061,1.3736,digital_goods,kolkata,0,0,none,fraud_drift
M0023,51,70,66740.17,953.43,0.036347541112679405,0.0014691617332311666,1.3083,1.2537,digital_goods,kolkata,0,0,none,fraud_drift
M0023,52,72,61129.26,849.02,0.032663289062610484,0.0016657018369768014,1.338,1.3154,digital_goods,kolkata,0,0,none,fraud_drift
M0023,53,68,71708.14,1054.53,0.044215260838011534,0.0011368222641708267,1.2818,1.4189,digital_goods,kolkata,0,0,none,fraud_drift
M0023,54,66,58191.59,881.69,0.030790844094125035,0.0013393949370341335,0.9277,1.3017,digital_goods,kolkata,0,0,none,fraud_drift
M0023,55,71,77974.48,1098.23,0.031893076588184674,0.001091104963606541,1.4861,1.4037,digital_goods,kolkata,0,0,none,fraud_drift
M0023,56,70,68574.48,979.64,0.033788771653450636,0.0015535894924276629,1.4036,1.1931,digital_goods,kolkata,0,0,none,fraud_drift
M0023,57,64,68235.27,1066.18,0.03606743845383299,0.0013305234794685212,1.2081,1.5075,digital_goods,kolkata,0,0,none,fraud_drift
M0023,58,74,59949.93,810.13,0.037332185229192086,0.001413351515120869,1.5377,1.4489,digital_goods,kolkata,0,0,none,fraud_drift
M0023,59,70,61489.61,878.42,0.038944961915033084,0.0015340040600536227,1.1793,1.0709,digital_goods,kolkata,0,0,none,fraud_drift
M0023,60,64,66085.1,1032.58,0.042982527916702755,0.0016622651351575785,0.9851,1.3215,digital_goods,kolkata,0,0,none,fraud_drift
M0023,61,63,56767.81,901.08,0.044582525900267254,0.001734202231945046,1.3265,1.2859,digital_goods,kolkata,0,0,none,fraud_drift
M0023,62,65,72850.33,1120.77,0.03209466671049181,0.001133993374764941,1.1754,1.4417,digital_goods,kolkata,0,0,none,fraud_drift
M0023,63,63,65016.96,1032.02,0.04520085350817643,0.00182417994696976,1.4686,1.1979,digital_goods,kolkata,0,0,none,fraud_drift
M0023,64,66,62216.15,942.67,0.03522683452076384,0.0014879179391487606,1.2151,1.1903,digital_goods,kolkata,0,0,none,fraud_drift
M0023,65,69,78381.97,1135.97,0.035186120578958015,0.0012829380259968984,1.1774,1.1729,digital_goods,kolkata,0,0,none,fraud_drift
M0023,66,69,76988.37,1115.77,0.038732293870675755,0.001569233382793618,1.4013,1.6607,digital_goods,kolkata,0,0,none,fraud_drift
M0023,67,58,54513.43,939.89,0.040101110254672945,0.001595046235761018,1.5456,1.2112,digital_goods,kolkata,0,0,none,fraud_drift
M0023,68,61,58177.77,953.73,0.03680216848090812,0.0011201841408373613,1.5388,1.4015,digital_goods,kolkata,0,0,none,fraud_drift
M0023,69,65,68330.25,1051.23,0.03286369072698606,0.00147008953768196,1.3472,1.2051,digital_goods,kolkata,0,0,none,fraud_drift
M0023,70,65,65224.49,1003.45,0.03085781462039832,0.001198054692838939,1.5588,1.3184,digital_goods,kolkata,0,0,none,fraud_drift
M0023,71,66,59645.35,903.72,0.042523579408278944,0.0013860319029775291,1.3341,1.401,digital_goods,kolkata,0,0,none,fraud_drift
M0023,72,60,60873.17,1014.55,0.030452166164226194,0.0013184438783445907,1.2045,1.2203,digital_goods,kolkata,0,0,none,fraud_drift
M0023,73,65,70013.39,1077.13,0.038312899113574765,0.001276873102168069,1.3841,1.3635,digital_goods,kolkata,0,0,none,fraud_drift
M0023,74,68,68226.95,1003.34,0.03240427822830342,0.0014939834491626627,1.1813,1.4433,digital_goods,kolkata,0,0,none,fraud_drift
M0023,75,71,76039.52,1070.98,0.03501745842489388,0.0016470964602908267,1.3315,1.3919,digital_goods,kolkata,0,0,none,fraud_drift
M0023,76,75,77205.26,1029.4,0.04450244711288833,0.0012738023711059733,1.06,1.3522,digital_goods,kolkata,0,0,none,fraud_drift
M0023,77,66,72154.75,1093.25,0.040092198060525525,0.0013414913897945046,1.321,1.3624,digital_goods,kolkata,0,0,none,fraud_drift
M0023,78,70,67702.03,967.17,0.04364847864294433,0.0010272719631010763,1.4228,1.4721,digital_goods,kolkata,0,0,none,fraud_drift
M0023,79,65,68841.74,1059.1,0.03732047886368168,0.0010407316160882475,1.235,1.4148,digital_goods,kolkata,0,0,none,fraud_drift
M0023,80,74,75695.11,1022.91,0.033537016114264705,0.0013684773129933909,1.2696,1.2066,digital_goods,kolkata,0,0,none,fraud_drift
M0023,81,65,69776.55,1073.49,0.032698062907484185,0.0015466197658569997,1.3501,1.2009,digital_goods,kolkata,0,0,none,fraud_drift
M0023,82,69,74229.71,1075.79,0.03770492227152318,0.001192315524869517,1.3923,1.4544,digital_goods,kolkata,0,0,none,fraud_drift
M0023,83,63,65290.95,1036.36,0.03403670501927357,0.0013682122335807118,1.1405,1.3263,digital_goods,kolkata,0,0,none,fraud_drift
M0023,84,59,62867.09,1065.54,0.04090607406630962,0.0018196663446794718,0.8999,1.5424,digital_goods,kolkata,0,0,none,fraud_drift
M0023,85,63,66097.44,1049.17,0.031722239967404565,0.0015816328777254903,1.2068,1.5878,digital_goods,kolkata,0,0,none,fraud_drift
M0023,86,62,67848.45,1094.33,0.03270032034771429,0.0014083948060033909,1.1578,1.3641,digital_goods,kolkata,0,0,none,fraud_drift
M0023,87,69,64895.01,940.51,0.03495585391203277,0.0012840514593360985,1.4971,1.2788,digital_goods,kolkata,0,0,none,fraud_drift
M0023,88,64,57349.26,896.08,0.0333100553619293,0.0013878985121602173,1.2802,1.5853,digital_goods,kolkata,0,0,none,fraud_drift
M0023,89,73,73005.69,1000.08,0.04208224479642389,0.0013583844713289865,1.2515,1.4298,digital_goods,kolkata,0,0,none,fraud_drift
M0023,90,66,64280.96,973.95,0.04177664144595941,0.001667984920217538,1.309,1.4099,digital_goods,kolkata,0,0,none,fraud_drift
M0023,91,68,75972.16,1117.24,0.03105883707749816,0.001538671732928574,1.2905,1.428,digital_goods,kolkata,0,0,none,fraud_drift
M0023,92,62,55642.42,897.46,0.03612036750076488,0.0009707443482966029,1.2375,1.5136,digital_goods,kolkata,0,0,none,fraud_drift
M0023,93,55,59406.8,1080.12,0.03718326594607073,0.001300573569607141,1.5613,1.3246,digital_goods,kolkata,0,0,none,fraud_drift
M0023,94,67,62849.69,938.06,0.03534763121205218,0.0013348572254607768,1.4172,1.2975,digital_goods,kolkata,0,0,none,fraud_drift
M0023,95,60,61268.22,1021.14,0.03853643146884031,0.0012486891333881535,0.9958,1.501,digital_goods,kolkata,0,0,none,fraud_drift
M0023,96,71,78074.23,1099.64,0.032800832152475916,0.0019487107935382598,1.2391,1.5849,digital_goods,kolkata,0,0,none,fraud_drift
M0023,97,61,61729.72,1011.96,0.034719602894910336,0.0015815827743837568,1.1536,1.2754,digital_goods,kolkata,0,0,none,fraud_drift
M0023,98,69,73726.39,1068.5,0.03716812863483028,0.0011182683650283955,1.1432,1.2266,digital_goods,kolkata,0,0,none,fraud_drift
M0023,99,73,79443.53,1088.27,0.03342720055188896,0.0012588882320481302,1.1699,1.517,digital_goods,kolkata,0,0,none,fraud_drift
M0023,100,69,69269.89,1003.91,0.02686781785866068,0.0013421087164868701,1.2581,1.3434,digital_goods,kolkata,0,0,none,fraud_drift
M0023,101,65,67207.5,1033.96,0.031280609810383386,0.0018434918008099807,1.2775,1.2819,digital_goods,kolkata,0,0,none,fraud_drift
M0023,102,72,68321.56,948.91,0.026019674569426485,0.0012378126312296025,1.344,1.3675,digital_goods,kolkata,0,0,none,fraud_drift
M0023,103,64,64511.77,1008.0,0.03532639978424421,0.0014183220895841642,1.353,1.2866,digital_goods,kolkata,0,0,none,fraud_drift
M0023,104,69,65708.36,952.3,0.036142497934406506,0.0013192787708909027,1.436,1.7037,digital_goods,kolkata,0,0,none,fraud_drift
M0023,105,66,62047.28,940.11,0.031097662657745308,0.001344452524631034,1.2925,1.444,digital_goods,kolkata,0,0,none,fraud_drift
M0023,106,71,74824.17,1053.86,0.03502016934050856,0.0011908733927516997,1.4018,1.4623,digital_goods,kolkata,0,0,none,fraud_drift
M0023,107,70,65252.2,932.17,0.04213707983977724,0.001294651889545944,1.1745,0.9463,digital_goods,kolkata,0,0,none,fraud_drift
M0023,108,69,71936.78,1042.56,0.03343167744759079,0.001037427837083443,1.0426,1.3472,digital_goods,kolkata,0,0,none,fraud_drift
M0023,109,63,70250.54,1115.09,0.03904132109214453,0.0012602387851220155,1.368,1.6087,digital_goods,kolkata,0,0,none,fraud_drift
M0023,110,66,63386.65,960.4,0.03985744198362745,0.0018127702926813336,1.321,1.4258,digital_goods,kolkata,0,0,none,fraud_drift
M0023,111,64,58341.33,911.58,0.03936729650722231,0.0012702943115527503,1.4103,1.4162,digital_goods,kolkata,0,0,none,fraud_drift
M0023,112,67,71790.49,1071.5,0.03262530881416861,0.0011949869275626566,1.2748,1.3742,digital_goods,kolkata,0,0,none,fraud_drift
M0023,113,60,61327.25,1022.12,0.04006391211722814,0.0012417067979280888,1.1827,1.3086,digital_goods,kolkata,0,0,none,fraud_drift
M0023,114,73,70379.42,964.1,0.03817647645883756,0.0010390921790351896,1.631,1.1876,digital_goods,kolkata,0,0,none,fraud_drift
M0023,115,77,76030.02,987.4,0.038611134136353184,0.0012915807510753025,1.2097,1.1833,digital_goods,kolkata,0,0,none,fraud_drift
M0023,116,79,89144.1,1128.41,0.035474090591824915,0.001523522131844669,1.1575,1.2532,digital_goods,kolkata,0,0,none,fraud_drift
M0023,117,70,71604.57,1022.92,0.03503983862015197,0.0016963904736663623,1.5336,1.2122,digital_goods,kolkata,0,0,none,fraud_drift
M0023,118,65,64651.45,994.64,0.036931009647307105,0.0015964163761097911,1.2396,1.2596,digital_goods,kolkata,0,0,none,fraud_drift
M0023,119,70,72630.62,1037.58,0.03272862440871533,0.001193481693124413,1.0126,1.2387,digital_goods,kolkata,0,0,none,fraud_drift
M0023,120,60,56962.98,949.38,0.036448747590737164,0.0014426288105807573,1.0635,1.4949,digital_goods,kolkata,0,0,none,fraud_drift
M0023,121,56,55743.33,995.42,0.03997752986447771,0.0012653607624195432,1.0499,1.2814,digital_goods,kolkata,0,0,none,fraud_drift
M0023,122,64,63595.85,993.69,0.033786951694564554,0.0011106640180715307,1.0068,1.2376,digital_goods,kolkata,0,0,none,fraud_drift
M0023,123,68,72549.88,1066.91,0.03358993011789808,0.0014266378334661471,1.2755,1.1964,digital_goods,kolkata,0,0,none,fraud_drift
M0023,124,72,81291.78,1129.05,0.03911359920865147,0.0016609750723170667,1.4009,1.4417,digital_goods,kolkata,0,0,none,fraud_drift
M0023,125,71,72059.21,1014.92,0.03615733879021714,0.0015429215068260146,1.5633,1.2182,digital_goods,kolkata,0,0,none,fraud_drift
M0023,126,63,62124.25,986.1,0.030474048259669356,0.001853210699310498,1.3381,1.5301,digital_goods,kolkata,0,0,none,fraud_drift
M0023,127,72,71766.6,996.76,0.041273312406153465,0.0009706466362673036,1.1252,0.9653,digital_goods,kolkata,0,0,none,fraud_drift
M0023,128,68,69815.54,1026.7,0.0363378582142194,0.0016152396131801207,1.3239,1.0069,digital_goods,kolkata,0,0,none,fraud_drift
M0023,129,71,71444.78,1006.26,0.03806225353993819,0.000804525542412599,1.4104,1.5468,digital_goods,kolkata,0,0,none,fraud_drift
M0023,130,69,68655.36,995.01,0.030213520900455253,0.0012404266275634422,1.2848,1.5018,digital_goods,kolkata,0,0,none,fraud_drift
M0023,131,72,69160.02,960.56,0.039614518077783746,0.0013141787122952237,1.3563,1.4092,digital_goods,kolkata,0,0,none,fraud_drift
M0023,132,71,76674.08,1079.92,0.030908163709005166,0.0011262547638007671,1.6021,1.244,digital_goods,kolkata,0,0,none,fraud_drift
M0023,133,69,71947.33,1042.71,0.032102486406945546,0.00164730084525671,1.3732,1.458,digital_goods,kolkata,0,0,none,fraud_drift
M0023,134,54,56166.65,1040.12,0.036737368605615155,0.0014029994572185348,1.4386,1.2141,digital_goods,kolkata,0,0,none,fraud_drift
M0023,135,64,53916.79,842.45,0.03332723414013171,0.0010551278531493581,1.2749,1.0442,digital_goods,kolkata,0,0,none,fraud_drift
M0023,136,72,78423.91,1089.22,0.040120370828700305,0.001186246029989906,1.4424,1.4922,digital_goods,kolkata,0,0,none,fraud_drift
M0023,137,73,66455.7,910.35,0.036992111406166185,0.0013986027733668652,1.4846,1.2148,digital_goods,kolkata,0,0,none,fraud_drift
M0023,138,54,57688.11,1068.3,0.03264228756442733,0.0015660653682456657,1.1942,1.2822,digital_goods,kolkata,0,0,none,fraud_drift
M0023,139,61,61410.39,1006.73,0.04050453625185173,0.0011884405851254026,0.9651,1.3164,digital_goods,kolkata,0,0,none,fraud_drift
M0023,140,67,67352.06,1005.25,0.038004239371305884,0.0015604945322110699,1.3381,1.2935,digital_goods,kolkata,0,0,none,fraud_drift
M0023,141,66,66886.37,1013.43,0.03818319957635448,0.001525422380768137,1.3419,1.201,digital_goods,kolkata,0,0,none,fraud_drift
M0023,142,70,67774.03,968.2,0.04424524582278719,0.001581599274064408,1.2766,1.6066,digital_goods,kolkata,0,0,none,fraud_drift
M0023,143,74,75211.9,1016.38,0.036107411683247985,0.0015527086062414376,1.4813,1.4586,digital_goods,kolkata,0,0,none,fraud_drift
M0023,144,59,61358.81,1039.98,0.03959169760810558,0.0011578377702148512,1.3077,1.1641,digital_goods,kolkata,0,0,none,fraud_drift
M0023,145,76,79295.11,1043.36,0.030795010810980152,0.001436891058855226,1.4218,1.1352,digital_goods,kolkata,0,0,none,fraud_drift
M0023,146,63,64385.43,1021.99,0.04202601850358493,0.0015947047203573256,1.2201,1.0782,digital_goods,kolkata,0,0,none,fraud_drift
M0023,147,70,72612.57,1037.32,0.04268868570267667,0.0015259014018243,1.3199,1.4594,digital_goods,kolkata,0,0,none,fraud_drift
M0023,148,72,74441.53,1033.91,0.03679522556636871,0.0013530335827086337,1.4517,1.2515,digital_goods,kolkata,0,0,none,fraud_drift
M0023,149,75,71208.12,949.44,0.03444536271795564,0.0017448221089026784,1.285,1.3905,digital_goods,kolkata,0,0,none,fraud_drift
M0023,150,61,60246.35,987.65,0.037829623744388606,0.0011991682425523498,1.3498,0.8675,digital_goods,kolkata,0,0,none,fraud_drift
M0023,151,61,64071.97,1050.36,0.030619725131195392,0.0013175514049307607,1.1395,1.3848,digital_goods,kolkata,0,0,none,fraud_drift
M0023,152,67,70671.94,1054.81,0.03675278830779291,0.0014247192290038795,1.487,1.5325,digital_goods,kolkata,0,0,none,fraud_drift
M0023,153,67,69659.66,1039.7,0.037236535641014055,0.0010025378279871961,1.0582,1.3305,digital_goods,kolkata,0,0,none,fraud_drift
M0023,154,68,67335.93,990.23,0.03229784985437851,0.0014047256269902123,1.237,1.1143,digital_goods,kolkata,0,0,none,fraud_drift
M0023,155,65,68414.29,1052.53,0.03462237450299113,0.0012228768624449353,1.1198,1.326,digital_goods,kolkata,0,0,none,fraud_drift
M0023,156,66,71021.3,1076.08,0.03498528118614159,0.001322258768460913,1.3369,1.5925,digital_goods,kolkata,0,0,none,fraud_drift
M0023,157,68,67549.2,993.37,0.0382435733772473,0.0014315439864901493,1.336,1.4589,digital_goods,kolkata,0,0,none,fraud_drift
M0023,158,82,84283.59,1027.85,0.03570356751299451,0.0012160524783747068,1.2917,1.2961,digital_goods,kolkata,0,0,none,fraud_drift
M0023,159,70,72429.45,1034.71,0.03904195505767681,0.001506513911363671,1.2893,1.1545,digital_goods,kolkata,0,0,none,fraud_drift
M0023,160,64,66754.6,1043.04,0.03363190920391236,0.0012748125793261632,1.3203,1.2195,digital_goods,kolkata,0,0,none,fraud_drift
M0023,161,71,72269.87,1017.89,0.03813128473805451,0.0011096344432444329,1.2596,1.2039,digital_goods,kolkata,0,0,none,fraud_drift
M0023,162,64,61238.19,956.85,0.03363112898369175,0.0012767013620708259,1.146,1.4307,digital_goods,kolkata,0,0,none,fraud_drift
M0023,163,65,64090.61,986.01,0.03198086095981303,0.0011428733245826238,1.443,1.0031,digital_goods,kolkata,0,0,none,fraud_drift
M0023,164,69,73678.56,1067.81,0.04110567773837884,0.001577810878472832,1.3883,1.2284,digital_goods,kolkata,0,0,none,fraud_drift
M0023,165,69,70064.09,1015.42,0.03850779628068158,0.0016701582299008845,1.2998,1.3671,digital_goods,kolkata,0,0,none,fraud_drift
M0023,166,62,62316.5,1005.1,0.03865619103852645,0.0015684032694613778,1.3939,1.1736,digital_goods,kolkata,0,0,none,fraud_drift
M0023,167,66,62769.19,951.05,0.02655024464924628,0.0012309696756137212,1.4001,1.277,digital_goods,kolkata,0,0,none,fraud_drift
M0023,168,67,69185.41,1032.62,0.036807015394987014,0.0014295600387949528,0.8782,1.2216,digital_goods,kolkata,0,0,none,fraud_drift
M0023,169,71,70681.75,995.52,0.03169915574098951,0.001698674122328166,1.5303,1.3465,digital_goods,kolkata,0,0,none,fraud_drift
M0023,170,68,72175.91,1061.41,0.03807182542130711,0.0014429631184840763,1.3326,1.3848,digital_goods,kolkata,0,0,none,fraud_drift
M0023,171,73,70705.96,968.57,0.04311803572876653,0.001270698404816882,1.3254,1.4268,digital_goods,kolkata,0,0,none,fraud_drift
M0023,172,65,63774.45,981.15,0.03746497555902352,0.00132816886161205,1.3713,1.5858,digital_goods,kolkata,0,0,none,fraud_drift
M0023,173,66,62548.51,947.7,0.03141759126689768,0.0012625585591341728,1.4845,1.5981,digital_goods,kolkata,0,0,none,fraud_drift
M0023,174,67,69246.19,1033.53,0.042566595927062904,0.0012480787376741855,1.3358,1.6957,digital_goods,kolkata,0,0,none,fraud_drift
M0023,175,65,65310.97,1004.78,0.042565232695798705,0.0017091784297462286,1.4717,1.2191,digital_goods,kolkata,0,0,none,fraud_drift
M0023,176,76,80123.16,1054.25,0.03460835778904987,0.0012489320193744327,1.3495,1.1364,digital_goods,kolkata,0,0,none,fraud_drift
M0023,177,69,67977.7,985.18,0.040307889433449234,0.001715564454154806,1.3137,1.143,digital_goods,unknown_intl,1,1,fraud,fraud_drift
M0023,178,92,91633.98,996.02,0.0567425313755717,0.0026034557410021756,0.9855,1.1385,digital_goods,unknown_intl,1,1,fraud,fraud_drift
M0023,179,101,108326.36,1072.54,0.08001710623722247,0.004505772712057864,0.8258,1.1519,digital_goods,unknown_intl,1,1,fraud,fraud_drift
M0023,180,124,130288.74,1050.72,0.09143835162079818,0.006060014077009765,1.162,0.952,digital_goods,unknown_intl,1,1,fraud,fraud_drift
M0023,181,152,137898.03,907.22,0.12217975882877713,0.005220590652583745,1.0676,1.1345,digital_goods,unknown_intl,1,1,fraud,fraud_drift
M0023,182,156,147360.1,944.62,0.12265313241824044,0.0054626486380915835,1.0394,1.2486,digital_goods,unknown_intl,1,1,fraud,fraud_drift
M0023,183,166,177000.04,1066.27,0.1436257473276445,0.00557204014981963,1.0102,1.1833,digital_goods,unknown_intl,1,1,fraud,fraud_drift
M0023,184,183,186888.28,1021.25,0.09508950204885898,0.0030155826431110372,1.0233,1.3171,digital_goods,unknown_intl,1,1,fraud,fraud_drift
M0023,185,146,141265.98,967.58,0.1144551001930664,0.00544188296274587,0.8905,1.1481,digital_goods,unknown_intl,1,1,fraud,fraud_drift
M0023,186,168,160249.95,953.87,0.12305518491936426,0.005595050050263338,1.1827,1.1495,digital_goods,unknown_intl,1,1,fraud,fraud_drift
M0023,187,151,169883.06,1125.05,0.11460987968651722,0.005893820827550362,1.2537,1.4182,digital_goods,unknown_intl,1,1,fraud,fraud_drift
M0023,188,163,168217.65,1032.01,0.1031307841085711,0.004277444395387956,1.0994,1.0898,digital_goods,unknown_intl,1,1,fraud,fraud_drift
M0023,189,170,164135.34,965.5,0.10826963943055402,0.007605051534708311,1.0588,0.9733,digital_goods,unknown_intl,1,1,fraud,fraud_drift
M0023,190,178,177278.25,995.95,0.0951002656244779,0.006114423637805822,0.8024,0.9619,digital_goods,unknown_intl,1,1,fraud,fraud_drift
M0023,191,154,151133.8,981.39,0.15262265728770213,0.0057020617529801,0.9793,1.1343,digital_goods,unknown_intl,1,1,fraud,fraud_drift
M0023,192,162,150163.88,926.94,0.10241690838870178,0.005226947466970256,1.0513,1.3004,digital_goods,unknown_intl,1,1,fraud,fraud_drift
M0023,193,151,140322.44,929.29,0.12335748749383953,0.005327664423616534,0.9472,1.2661,digital_goods,unknown_intl,1,1,fraud,fraud_drift
M0023,194,151,150916.26,999.45,0.12246379416885247,0.005033987607095698,1.2757,1.0749,digital_goods,unknown_intl,1,1,fraud,fraud_drift
M0023,195,158,155535.91,984.4,0.10571023984334614,0.006256698739735171,1.1201,1.2282,digital_goods,unknown_intl,1,1,fraud,fraud_drift
M0023,196,143,133873.1,936.18,0.10197292925515022,0.006727711933430466,0.9162,0.9886,digital_goods,unknown_intl,1,1,fraud,fraud_drift
M0023,197,150,151892.6,1012.62,0.12375715032061466,0.0074803842376412605,0.9906,1.3195,digital_goods,unknown_intl,1,1,fraud,fraud_drift
M0023,198,157,171788.64,1094.2,0.12300267190466659,0.0057287571397798545,1.1006,0.9915,digital_goods,unknown_intl,1,1,fraud,fraud_drift
M0023,199,199,186839.2,938.89,0.12459830042002681,0.006106644861868464,1.1201,1.0333,digital_goods,unknown_intl,1,1,fraud,fraud_drift
M0023,200,153,132666.47,867.1,0.11309818277466936,0.006547101408668042,1.1392,0.9062,digital_goods,unknown_intl,1,1,fraud,fraud_drift
M0023,201,137,128120.41,935.19,0.11365208702350618,0.005825949688734797,1.0503,1.0563,digital_goods,unknown_intl,1,1,fraud,fraud_drift
M0023,202,143,139947.52,978.65,0.1364075522943521,0.00623303401641888,0.9932,1.0419,digital_goods,unknown_intl,1,1,fraud,fraud_drift
M0023,203,171,173111.02,1012.35,0.08997417722534988,0.006020292821515512,1.0491,1.039,digital_goods,unknown_intl,1,1,fraud,fraud_drift
M0023,204,176,156201.8,887.51,0.09484201813576451,0.007121894724791852,1.057,1.1424,digital_goods,unknown_intl,1,1,fraud,fraud_drift
M0023,205,172,164638.94,957.2,0.07700062112406432,0.004405337315816044,1.0872,1.1069,digital_goods,unknown_intl,1,1,fraud,fraud_drift
M0023,206,176,177574.68,1008.95,0.13998023304594534,0.004723457106914085,1.1502,1.1006,digital_goods,unknown_intl,1,1,fraud,fraud_drift
M0023,207,165,182970.91,1108.91,0.1318951685923221,0.005996967551519574,1.0204,1.2055,digital_goods,unknown_intl,1,1,fraud,fraud_drift
M0023,208,163,164392.28,1008.54,0.1227115911193768,0.005844501807296559,0.991,1.198,digital_goods,unknown_intl,1,1,fraud,fraud_drift
M0023,209,139,145736.32,1048.46,0.1324708418026252,0.005677738949119368,1.0568,1.0811,digital_goods,unknown_intl,1,1,fraud,fraud_drift
M0023,210,164,178459.72,1088.17,0.1318431502042905,0.005305066677434984,0.8266,1.2201,digital_goods,unknown_intl,1,1,fraud,fraud_drift
M0023,211,165,162226.08,983.19,0.11836497336204947,0.004677965230105657,0.8266,1.3525,digital_goods,unknown_intl,1,1,fraud,fraud_drift
M0023,212,149,140990.77,946.25,0.11279104444225073,0.004896574511562096,1.2318,1.3463,digital_goods,unknown_intl,1,1,fraud,fraud_drift
M0023,213,157,147954.5,942.39,0.10741926601847224,0.004637263190793544,1.0383,1.1017,digital_goods,unknown_intl,1,1,fraud,fraud_drift
M0023,214,133,133343.1,1002.58,0.12419710017233501,0.0045609826767722605,0.9953,1.1901,digital_goods,unknown_intl,1,1,fraud,fraud_drift
M0023,215,149,142406.18,955.75,0.11359316804488107,0.00602418274224323,0.8973,1.0722,digital_goods,unknown_intl,1,1,fraud,fraud_drift
M0023,216,174,181666.52,1044.06,0.11746283021343266,0.006114662301231861,1.2056,1.2799,digital_goods,unknown_intl,1,1,fraud,fraud_drift
M0023,217,169,176137.86,1042.24,0.1169504088667855,0.006000143777237893,1.0683,1.2832,digital_goods,unknown_intl,1,1,fraud,fraud_drift
M0023,218,146,153883.32,1054.0,0.10568011788107114,0.005240619929929758,0.9175,1.1507,digital_goods,unknown_intl,1,1,fraud,fraud_drift
M0023,219,161,163399.9,1014.91,0.11704483933255229,0.005613295562896331,0.8952,1.2529,digital_goods,unknown_intl,1,1,fraud,fraud_drift
M0023,220,162,155760.17,961.48,0.12300354356249663,0.005348964790444217,1.1347,1.4204,digital_goods,unknown_intl,1,1,fraud,fraud_drift
M0023,221,153,157876.22,1031.87,0.07746823875795518,0.005669485471363595,1.0551,1.1335,digital_goods,unknown_intl,1,1,fraud,fraud_drift
M0023,222,171,175318.44,1025.25,0.10967687660689782,0.005544609444786451,1.0641,1.2493,digital_goods,unknown_intl,1,1,fraud,fraud_drift
M0023,223,160,169541.48,1059.63,0.12441231365793669,0.0053305535978553425,0.9387,1.2412,digital_goods,unknown_intl,1,1,fraud,fraud_drift
M0023,224,150,158099.04,1053.99,0.10175003664519805,0.006336058107089966,1.0498,1.1531,digital_goods,unknown_intl,1,1,fraud,fraud_drift
M0023,225,144,141525.69,982.82,0.10309506255048186,0.0060173408821588385,1.0772,1.115,digital_goods,unknown_intl,1,1,fraud,fraud_drift
M0023,226,152,167607.27,1102.68,0.12193436046155744,0.006479527037863078,0.976,1.1063,digital_goods,unknown_intl,1,1,fraud,fraud_drift
M0023,227,144,136625.95,948.79,0.1257150228703492,0.004430252454684503,1.0743,1.1569,digital_goods,unknown_intl,1,1,fraud,fraud_drift
M0023,228,162,190892.85,1178.35,0.13312307199829163,0.004783420407190164,1.07,1.1227,digital_goods,unknown_intl,1,1,fraud,fraud_drift
M0023,229,161,174227.73,1082.16,0.10446267741088577,0.004790059510725571,0.9291,0.9722,digital_goods,unknown_intl,1,1,fraud,fraud_drift
M0023,230,153,141647.89,925.8,0.12014958663715952,0.005653243591557916,0.9416,1.285,digital_goods,unknown_intl,1,1,fraud,fraud_drift
M0023,231,163,164785.24,1010.95,0.10321141354260316,0.005922014021700914,1.0573,1.1107,digital_goods,unknown_intl,1,1,fraud,fraud_drift
M0023,232,160,166407.89,1040.05,0.11491796719310211,0.005352111164495647,1.053,1.0578,digital_goods,unknown_intl,1,1,fraud,fraud_drift
M0023,233,182,189743.07,1042.54,0.13151732132521968,0.005407470263527291,1.1206,1.157,digital_goods,unknown_intl,1,1,fraud,fraud_drift
M0023,234,167,164234.48,983.44,0.09298961257948193,0.007404517368507158,0.9559,1.326,digital_goods,unknown_intl,1,1,fraud,fraud_drift
M0023,235,155,158633.08,1023.44,0.1186516167573139,0.005713629609955385,1.0582,1.0545,digital_goods,unknown_intl,1,1,fraud,fraud_drift
M0023,236,168,182425.84,1085.87,0.11287588457378554,0.0070264185543849125,0.9692,1.0513,digital_goods,unknown_intl,1,1,fraud,fraud_drift
M0023,237,171,185983.86,1087.62,0.12815841847981638,0.004701033937274731,0.901,1.0217,digital_goods,unknown_intl,1,1,fraud,fraud_drift
M0023,238,136,139841.21,1028.24,0.11018452517471661,0.005612985454170116,1.1559,1.2135,digital_goods,unknown_intl,1,1,fraud,fraud_drift
M0023,239,149,155034.26,1040.5,0.09676304034742188,0.00506162912205403,1.1768,1.0791,digital_goods,unknown_intl,1,1,fraud,fraud_drift
M0024,0,48,57560.64,1199.18,0.015620258702255576,0.0020824807598739947,1.3585,1.3428,electronics,hyderabad,0,0,none,fraud_drift
M0024,1,41,49628.73,1210.46,0.017244609424018082,0.001920465538930442,1.1923,1.1757,electronics,hyderabad,0,0,none,fraud_drift
M0024,2,47,55005.54,1170.33,0.02063580117743697,0.0014683562237101052,1.0033,1.2028,electronics,hyderabad,0,0,none,fraud_drift
M0024,3,44,55673.59,1265.31,0.01313261018229689,0.001662091198895656,1.5722,1.2933,electronics,hyderabad,0,0,none,fraud_drift
M0024,4,50,67127.46,1342.55,0.015976419439698873,0.0008287306446157939,1.3449,1.469,electronics,hyderabad,0,0,none,fraud_drift
M0024,5,47,57407.39,1221.43,0.016264356387043672,0.001658119100427027,1.1733,1.3269,electronics,hyderabad,0,0,none,fraud_drift
M0024,6,46,60156.66,1307.75,0.012920828396384011,0.001406755280850846,1.3976,1.4004,electronics,hyderabad,0,0,none,fraud_drift
M0024,7,49,59466.86,1213.61,0.01311094799187737,0.0015334654206441386,1.4803,1.464,electronics,hyderabad,0,0,none,fraud_drift
M0024,8,46,61776.69,1342.97,0.013740929526360265,0.0010838963756551584,1.4581,1.63,electronics,hyderabad,0,0,none,fraud_drift
M0024,9,45,57201.26,1271.14,0.018551902132008472,0.0017531521679148118,1.2439,1.2887,electronics,hyderabad,0,0,none,fraud_drift
M0024,10,56,69445.55,1240.1,0.0164213643373785,0.0016531411280537628,1.2634,1.4762,electronics,hyderabad,0,0,none,fraud_drift
M0024,11,49,60694.08,1238.65,0.01614228794530366,0.0016832517711353053,1.1407,1.061,electronics,hyderabad,0,0,none,fraud_drift
M0024,12,47,61531.34,1309.18,0.016019739448246903,0.001102479779036702,1.1965,1.3213,electronics,hyderabad,0,0,none,fraud_drift
M0024,13,39,51846.37,1329.39,0.016510570706623564,0.001604778161270313,1.2045,1.7182,electronics,hyderabad,0,0,none,fraud_drift
M0024,14,47,66173.46,1407.95,0.0190351343889013,0.0016201585670593092,1.2273,1.4321,electronics,hyderabad,0,0,none,fraud_drift
M0024,15,54,66404.02,1229.7,0.017305877313012946,0.0014816281966081517,1.0554,1.4247,electronics,hyderabad,0,0,none,fraud_drift
M0024,16,48,70205.04,1462.61,0.01658754347375163,0.001352237878516392,1.307,1.3826,electronics,hyderabad,0,0,none,fraud_drift
M0024,17,44,55457.34,1260.39,0.014978203542373574,0.0014607989808652281,1.3149,1.592,electronics,hyderabad,0,0,none,fraud_drift
M0024,18,43,60711.73,1411.9,0.01614855110238561,0.0015585728809074423,0.9643,1.4463,electronics,hyderabad,0,0,none,fraud_drift
M0024,19,41,56209.93,1370.97,0.017647377409664503,0.001391047089513,1.1923,1.3853,electronics,hyderabad,0,0,none,fraud_drift
M0024,20,49,62156.96,1268.51,0.014511676436518356,0.0015570983312599227,1.2898,1.0024,electronics,hyderabad,0,0,none,fraud_drift
M0024,21,45,53819.59,1195.99,0.019828479930352333,0.0014748753585889503,1.1405,1.2563,electronics,hyderabad,0,0,none,fraud_drift
M0024,22,44,60553.52,1376.22,0.013908804399294749,0.0016581304500475095,1.4457,1.3009,electronics,hyderabad,0,0,none,fraud_drift
M0024,23,46,54887.23,1193.2,0.01815083069774898,0.0013685634346130326,1.4922,1.5586,electronics,hyderabad,0,0,none,fraud_drift
M0024,24,44,52720.47,1198.19,0.012540190013809375,0.0011803041063693958,1.4139,1.1257,electronics,hyderabad,0,0,none,fraud_drift
M0024,25,39,53964.43,1383.7,0.01287787790207574,0.0015270351994097974,1.0175,1.3601,electronics,hyderabad,0,0,none,fraud_drift
M0024,26,47,62383.31,1327.3,0.01709824544131358,0.001694731680328934,0.8161,1.4482,electronics,hyderabad,0,0,none,fraud_drift
M0024,27,50,67156.94,1343.14,0.0161658512773987,0.0017400248896288584,1.1356,1.3739,electronics,hyderabad,0,0,none,fraud_drift
M0024,28,52,69430.96,1335.21,0.01872180419896968,0.0013196523682767424,1.2307,1.4189,electronics,hyderabad,0,0,none,fraud_drift
M0024,29,50,62021.28,1240.43,0.019412991913780302,0.0011651905424580544,1.2557,1.1368,electronics,hyderabad,0,0,none,fraud_drift
M0024,30,42,55607.76,1323.99,0.014375953121379252,0.0013652987664903294,1.1612,1.6532,electronics,hyderabad,0,0,none,fraud_drift
M0024,31,42,48706.54,1159.68,0.014395233258204533,0.0016790788452651013,1.4881,0.8459,electronics,hyderabad,0,0,none,fraud_drift
M0024,32,48,64784.15,1349.67,0.015347218405228643,0.0014366638455018644,1.1511,1.321,electronics,hyderabad,0,0,none,fraud_drift
M0024,33,46,58467.18,1271.03,0.017280375311886347,0.0013996292489564506,1.2497,0.9999,electronics,hyderabad,0,0,none,fraud_drift
M0024,34,47,64761.35,1377.9,0.01440693276407501,0.0013977587109389221,1.4277,1.268,electronics,hyderabad,0,0,none,fraud_drift
M0024,35,46,63923.02,1389.63,0.01709773802042944,0.0014079428346261476,0.8037,1.4218,electronics,hyderabad,0,0,none,fraud_drift
M0024,36,50,61282.36,1225.65,0.014366867922666508,0.0012920863015126515,1.1368,1.4675,electronics,hyderabad,0,0,none,fraud_drift
M0024,37,49,60908.64,1243.03,0.015606709105320516,0.0012250188480310233,1.0694,0.9175,electronics,hyderabad,0,0,none,fraud_drift
M0024,38,54,67631.33,1252.43,0.015356695576975998,0.0011635817902874274,1.383,1.1794,electronics,hyderabad,0,0,none,fraud_drift
M0024,39,42,54981.82,1309.09,0.0136487868802767,0.0017798929489124713,1.4346,1.071,electronics,hyderabad,0,0,none,fraud_drift
M0024,40,48,62587.35,1303.9,0.015492565107855268,0.0018956251669752548,0.8927,1.5095,electronics,hyderabad,0,0,none,fraud_drift
M0024,41,46,60606.34,1317.53,0.01804047048779934,0.0013276349863826716,1.3837,1.4648,electronics,hyderabad,0,0,none,fraud_drift
M0024,42,47,54625.55,1162.25,0.012674361687439762,0.0014745455474246031,1.256,1.3745,electronics,hyderabad,0,0,none,fraud_drift
M0024,43,44,62581.46,1422.31,0.015528319599281443,0.0015968998749110125,1.0199,1.2498,electronics,hyderabad,0,0,none,fraud_drift
M0024,44,41,54016.64,1317.48,0.015997241710063517,0.001516332428644806,1.474,1.0824,electronics,hyderabad,0,0,none,fraud_drift
M0024,45,42,53038.3,1262.82,0.016821693712251094,0.0015954958298777745,1.1677,1.1801,electronics,hyderabad,0,0,none,fraud_drift
M0024,46,50,64121.2,1282.42,0.017426971112609897,0.0006862964348764821,1.2057,0.9054,electronics,hyderabad,0,0,none,fraud_drift
M0024,47,42,57024.52,1357.73,0.01320219685557717,0.0016551475145829408,1.0977,1.1102,electronics,hyderabad,0,0,none,fraud_drift
M0024,48,49,68210.55,1392.05,0.015502762985688315,0.0009822843405087652,1.334,1.545,electronics,hyderabad,0,0,none,fraud_drift
M0024,49,49,60054.02,1225.59,0.016132277741766326,0.0013044630931141245,1.228,1.4258,electronics,hyderabad,0,0,none,fraud_drift
M0024,50,42,55848.9,1329.74,0.015600110172541709,0.00134892098545662,1.4269,1.3392,electronics,hyderabad,0,0,none,fraud_drift
M0024,51,45,66355.91,1474.58,0.01685235194368557,0.0017029914709841088,1.4335,1.3311,electronics,hyderabad,0,0,none,fraud_drift
M0024,52,46,62217.3,1352.55,0.015682468852897816,0.0013826001905134844,1.2954,1.4594,electronics,hyderabad,0,0,none,fraud_drift
M0024,53,49,58423.77,1192.32,0.016106041924765942,0.0013896857554388613,1.1089,1.2824,electronics,hyderabad,0,0,none,fraud_drift
M0024,54,50,65262.79,1305.26,0.016615911773171593,0.0016046393685057105,1.2075,1.5814,electronics,hyderabad,0,0,none,fraud_drift
M0024,55,48,66106.65,1377.22,0.014553938391170912,0.0017413766228648693,1.5363,1.496,electronics,hyderabad,0,0,none,fraud_drift
M0024,56,40,54889.03,1372.23,0.015967552965073267,0.0014877206693469569,1.2202,1.4561,electronics,hyderabad,0,0,none,fraud_drift
M0024,57,48,62197.78,1295.79,0.01608140672247753,0.0017574194550888855,1.2553,1.406,electronics,hyderabad,0,0,none,fraud_drift
M0024,58,42,52527.37,1250.65,0.016483513482568046,0.0012452512582297249,1.0176,1.7129,electronics,hyderabad,0,0,none,fraud_drift
M0024,59,54,68758.25,1273.3,0.014762031101420506,0.001373569033723709,1.2595,1.3121,electronics,hyderabad,0,0,none,fraud_drift
M0024,60,50,65644.3,1312.89,0.018151547282091382,0.0017156387124544461,1.2348,0.7169,electronics,hyderabad,0,0,none,fraud_drift
M0024,61,48,63764.8,1328.43,0.01288232884085235,0.0012919916511654986,1.2657,1.3927,electronics,hyderabad,0,0,none,fraud_drift
M0024,62,46,62634.65,1361.62,0.01380804047126535,0.0013856319252439104,1.3443,1.1652,electronics,hyderabad,0,0,none,fraud_drift
M0024,63,47,61560.39,1309.8,0.01688266102083261,0.0011711593467275314,1.1017,0.8095,electronics,hyderabad,0,0,none,fraud_drift
M0024,64,41,52139.12,1271.69,0.01795699958818692,0.0014624148126131922,1.2628,1.2599,electronics,hyderabad,0,0,none,fraud_drift
M0024,65,42,58054.69,1382.25,0.014084176506638083,0.0016473596234026708,1.206,1.638,electronics,hyderabad,0,0,none,fraud_drift
M0024,66,46,61224.98,1330.98,0.012476759260728689,0.0013415412085395386,1.2899,0.9639,electronics,hyderabad,0,0,none,fraud_drift
M0024,67,49,64388.25,1314.05,0.013330732267819985,0.0018253216479042198,1.4731,1.541,electronics,hyderabad,0,0,none,fraud_drift
M0024,68,49,56569.21,1154.47,0.012660362950968848,0.00138259227917385,1.2096,1.0763,electronics,hyderabad,0,0,none,fraud_drift
M0024,69,49,59779.47,1219.99,0.01574687873651625,0.0016412091977771352,1.353,1.3867,electronics,hyderabad,0,0,none,fraud_drift
M0024,70,45,56840.74,1263.13,0.016695814174362642,0.0015259492908881649,1.2322,1.2329,electronics,hyderabad,0,0,none,fraud_drift
M0024,71,51,69262.13,1358.08,0.011166794278366391,0.0019937048315880343,1.2398,1.4546,electronics,hyderabad,0,0,none,fraud_drift
M0024,72,49,65127.72,1329.14,0.014167102521933397,0.0017507656088908339,1.2965,1.1176,electronics,hyderabad,0,0,none,fraud_drift
M0024,73,45,57154.37,1270.1,0.016908315380785122,0.0014076879737013217,1.133,1.1405,electronics,hyderabad,0,0,none,fraud_drift
M0024,74,49,61993.13,1265.17,0.01813821005649903,0.0015545757427611383,1.4167,1.3937,electronics,hyderabad,0,0,none,fraud_drift
M0024,75,48,61885.51,1289.28,0.016588417986742314,0.0014556640329287298,1.1526,1.2269,electronics,hyderabad,0,0,none,fraud_drift
M0024,76,42,57547.61,1370.18,0.015190287111858294,0.001941400717722679,1.1801,1.7035,electronics,hyderabad,0,0,none,fraud_drift
M0024,77,47,53152.76,1130.91,0.01677587280150098,0.0015237320219621325,1.2497,1.4578,electronics,hyderabad,0,0,none,fraud_drift
M0024,78,40,54591.75,1364.79,0.01638364379524853,0.0010766865863777997,0.9516,1.1436,electronics,hyderabad,0,0,none,fraud_drift
M0024,79,44,57171.99,1299.36,0.016076614597888634,0.001365527251408372,1.514,1.5305,electronics,hyderabad,0,0,none,fraud_drift
M0024,80,50,65311.05,1306.22,0.012558376391007299,0.0017752997574120035,1.5511,1.616,electronics,hyderabad,0,0,none,fraud_drift
M0024,81,48,65541.2,1365.44,0.01310800964873043,0.0015037768244359896,1.2283,1.5499,electronics,hyderabad,0,0,none,fraud_drift
M0024,82,42,57427.38,1367.32,0.015377716958685988,0.0015925288949187404,1.5914,1.5542,electronics,hyderabad,0,0,none,fraud_drift
M0024,83,41,54197.53,1321.89,0.016941789001373456,0.0015968545816184576,1.2344,1.377,electronics,hyderabad,0,0,none,fraud_drift
M0024,84,47,56724.2,1206.9,0.013887718421741174,0.0016088528446721948,1.2497,1.3948,electronics,hyderabad,0,0,none,fraud_drift
M0024,85,54,78197.79,1448.11,0.01326806461505746,0.0016063109825131226,1.1617,1.5148,electronics,hyderabad,0,0,none,fraud_drift
M0024,86,50,65758.68,1315.17,0.015238706613930087,0.0014788631100592785,1.223,1.0719,electronics,hyderabad,0,0,none,fraud_drift
M0024,87,43,56573.97,1315.67,0.013988524922631836,0.0014393886326080543,1.0678,2.0051,electronics,hyderabad,0,0,none,fraud_drift
M0024,88,46,55551.91,1207.65,0.01636640080082569,0.0013778380628861958,1.0822,1.1318,electronics,hyderabad,0,0,none,fraud_drift
M0024,89,46,58175.36,1264.68,0.015505600406963404,0.0013483993309861793,1.0866,1.3386,electronics,hyderabad,0,0,none,fraud_drift
M0024,90,52,59794.54,1149.9,0.016956480988770097,0.0013012249939172145,1.2598,1.4483,electronics,hyderabad,0,0,none,fraud_drift
M0024,91,48,59800.26,1245.84,0.016146948698956484,0.0017155112606740328,1.2632,1.3258,electronics,hyderabad,0,0,none,fraud_drift
M0024,92,43,53791.81,1250.97,0.015298139846205209,0.0014916539487323539,1.4197,1.6781,electronics,hyderabad,0,0,none,fraud_drift
M0024,93,48,65500.26,1364.59,0.015492271940120947,0.0014063658489402704,1.1917,1.1712,electronics,hyderabad,0,0,none,fraud_drift
M0024,94,46,61032.3,1326.79,0.013522375154894049,0.0012426607420615433,1.3455,1.2147,electronics,hyderabad,0,0,none,fraud_drift
M0024,95,49,55223.42,1127.01,0.015979394024751035,0.0013346247610352925,1.461,1.4884,electronics,hyderabad,0,0,none,fraud_drift
M0024,96,44,59127.12,1343.8,0.015877256948693973,0.0013887146803511382,1.4833,0.9095,electronics,hyderabad,0,0,none,fraud_drift
M0024,97,46,57935.15,1259.46,0.015305597228524394,0.0015651984907446353,1.1717,1.3199,electronics,hyderabad,0,0,none,fraud_drift
M0024,98,43,57591.45,1339.34,0.014552342328586551,0.0019610321850937707,1.4005,1.0409,electronics,hyderabad,0,0,none,fraud_drift
M0024,99,48,63460.68,1322.1,0.016053547634497015,0.001675160219229528,1.3781,1.5788,electronics,hyderabad,0,0,none,fraud_drift
M0024,100,45,63946.37,1421.03,0.014634101915768917,0.0011963646018544956,1.2458,1.4444,electronics,hyderabad,0,0,none,fraud_drift
M0024,101,47,61633.0,1311.34,0.016670643290020493,0.0017332096157511735,1.1258,1.3851,electronics,hyderabad,0,0,none,fraud_drift
M0024,102,43,55248.89,1284.86,0.015473218618645743,0.0015072712705415272,1.277,1.2646,electronics,hyderabad,0,0,none,fraud_drift
M0024,103,47,63661.13,1354.49,0.013087436053513082,0.0016495363515011548,1.4205,1.1294,electronics,hyderabad,0,0,none,fraud_drift
M0024,104,44,56720.89,1289.11,0.014908343290874601,0.0015535440879343772,1.3345,1.4348,electronics,hyderabad,0,0,none,fraud_drift
M0024,105,44,55065.92,1251.5,0.013855579305882194,0.0015285492112164522,1.2737,1.1376,electronics,hyderabad,0,0,none,fraud_drift
M0024,106,49,60236.61,1229.32,0.014745244243020338,0.0014442204649075974,1.4101,1.5028,electronics,hyderabad,0,0,none,fraud_drift
M0024,107,45,56302.57,1251.17,0.017455812765862364,0.00174979799526915,1.2671,1.4847,electronics,hyderabad,0,0,none,fraud_drift
M0024,108,45,64308.62,1429.08,0.0182532464700014,0.0015721905410576228,1.3322,0.8874,electronics,hyderabad,0,0,none,fraud_drift
M0024,109,45,63101.13,1402.25,0.014968909658315262,0.0014858444364607023,1.1155,1.7187,electronics,hyderabad,0,0,none,fraud_drift
M0024,110,40,47186.84,1179.67,0.015580934223009699,0.0016156014495673893,1.2089,0.93,electronics,hyderabad,0,0,none,fraud_drift
M0024,111,45,60958.82,1354.64,0.013581181698981518,0.001188445006794236,1.0957,1.5286,electronics,hyderabad,0,0,none,fraud_drift
M0024,112,44,55261.81,1255.95,0.015657130226176822,0.0013297561462783279,1.1008,1.089,electronics,hyderabad,0,0,none,fraud_drift
M0024,113,51,62478.64,1225.07,0.01552782454846657,0.0012712558279672761,1.5367,1.4966,electronics,hyderabad,0,0,none,fraud_drift
M0024,114,51,59138.95,1159.59,0.015761832992016462,0.001690718473779155,1.2464,1.4978,electronics,hyderabad,0,0,none,fraud_drift
M0024,115,38,49163.46,1293.78,0.016241827802800004,0.001511991721892697,1.3612,0.7997,electronics,hyderabad,0,0,none,fraud_drift
M0024,116,49,59569.27,1215.7,0.017065616222855975,0.001386905682162502,1.1817,1.048,electronics,hyderabad,0,0,none,fraud_drift
M0024,117,47,56082.5,1193.24,0.016534724888485897,0.0017633694879533252,1.3281,1.5216,electronics,hyderabad,0,0,none,fraud_drift
M0024,118,50,67746.87,1354.94,0.014670248713065506,0.0019027097365011201,1.2525,1.0614,electronics,hyderabad,0,0,none,fraud_drift
M0024,119,45,59031.82,1311.82,0.017949175015421082,0.0019515137293885344,0.8726,1.4699,electronics,hyderabad,0,0,none,fraud_drift
M0024,120,43,54222.22,1260.98,0.01852513231025637,0.0019365924088135887,1.2562,1.3572,electronics,hyderabad,0,0,none,fraud_drift
M0024,121,46,63432.6,1378.97,0.017060083182382044,0.0013977499408151118,1.4655,1.1766,electronics,hyderabad,0,0,none,fraud_drift
M0024,122,54,76039.39,1408.14,0.017896227414205695,0.0013882710433463106,1.3019,1.4785,electronics,hyderabad,0,0,none,fraud_drift
M0024,123,43,57388.2,1334.61,0.015296092786105523,0.0015877726674898569,1.2039,1.4244,electronics,hyderabad,0,0,none,fraud_drift
M0024,124,51,57475.94,1126.98,0.015135274940228297,0.0013464660686912557,1.3659,1.2334,electronics,hyderabad,0,0,none,fraud_drift
M0024,125,44,58294.28,1324.87,0.01814349693349312,0.0013777758075404023,1.4602,1.3205,electronics,hyderabad,0,0,none,fraud_drift
M0024,126,46,58585.27,1273.59,0.014267092690701156,0.0015644508390113858,1.3185,0.9337,electronics,hyderabad,0,0,none,fraud_drift
M0024,127,41,56545.97,1379.17,0.016282861496091244,0.0014249640400516392,1.1824,1.3853,electronics,hyderabad,0,0,none,fraud_drift
M0024,128,42,59910.28,1426.44,0.01307276292195339,0.0019217897359736526,1.005,1.1897,electronics,hyderabad,0,0,none,fraud_drift
M0024,129,46,62774.8,1364.67,0.015362398680122732,0.0013248261756907975,1.4769,1.5053,electronics,hyderabad,0,0,none,fraud_drift
M0024,130,51,69115.99,1355.22,0.015464428506991935,0.0014244759598877716,1.2738,1.6504,electronics,hyderabad,0,0,none,fraud_drift
M0024,131,43,57728.54,1342.52,0.014431994125854164,0.001391737984224268,1.7208,1.4751,electronics,hyderabad,0,0,none,fraud_drift
M0024,132,45,53800.05,1195.56,0.013264262107760924,0.00163766192494546,1.3498,1.3286,electronics,hyderabad,0,0,none,fraud_drift
M0024,133,45,56619.91,1258.22,0.016782624977943007,0.0014128001095780084,1.321,1.5571,electronics,hyderabad,0,0,none,fraud_drift
M0024,134,42,58440.22,1391.43,0.01724242942991281,0.0012657100055595844,1.3545,1.2828,electronics,hyderabad,0,0,none,fraud_drift
M0024,135,52,67677.41,1301.49,0.016137135305757628,0.0012111530465998633,0.7632,1.2522,electronics,hyderabad,0,0,none,fraud_drift
M0024,136,45,57841.91,1285.38,0.018113266662988424,0.0014172875138670688,1.5443,1.2619,electronics,hyderabad,0,0,none,fraud_drift
M0024,137,50,59965.76,1199.32,0.014319261205313922,0.0017456977634259527,1.3306,1.5117,electronics,hyderabad,0,0,none,fraud_drift
M0024,138,41,55701.98,1358.58,0.015556687640916713,0.0015475915196947899,1.3068,1.3617,electronics,hyderabad,0,0,none,fraud_drift
M0024,139,52,68589.37,1319.03,0.01491372600290851,0.0015423322369194927,1.1189,1.6535,electronics,hyderabad,0,0,none,fraud_drift
M0024,140,46,58306.27,1267.53,0.012413631207248544,0.0012968237858841255,1.1889,1.4381,electronics,hyderabad,0,0,none,fraud_drift
M0024,141,52,68030.19,1308.27,0.01621909567573041,0.001173515496973178,1.2242,1.4626,electronics,hyderabad,0,0,none,fraud_drift
M0024,142,46,61454.22,1335.96,0.017134098453315785,0.001468400439092087,1.1716,1.3768,electronics,hyderabad,0,0,none,fraud_drift
M0024,143,55,75848.67,1379.07,0.018357112290388507,0.0014751277657436936,1.4094,1.4712,electronics,hyderabad,0,0,none,fraud_drift
M0024,144,49,66486.27,1356.86,0.016071169698796534,0.0014689353340397266,1.0627,1.1719,electronics,hyderabad,0,0,none,fraud_drift
M0024,145,39,45578.75,1168.69,0.014442170076312037,0.0018631298548918806,0.9685,1.129,electronics,hyderabad,0,0,none,fraud_drift
M0024,146,52,66866.31,1285.89,0.012327868954276067,0.0014747168121904768,1.4333,1.6,electronics,hyderabad,0,0,none,fraud_drift
M0024,147,49,73467.41,1499.33,0.017228450971195953,0.001559889692071746,1.0252,1.3867,electronics,hyderabad,0,0,none,fraud_drift
M0024,148,51,65758.51,1289.38,0.014058950919809104,0.0011992094176798257,0.8748,1.0215,electronics,hyderabad,0,0,none,fraud_drift
M0024,149,40,52728.36,1318.21,0.015832662143767315,0.002003095841140932,0.7992,1.17,electronics,hyderabad,0,0,none,fraud_drift
M0024,150,48,60171.0,1253.56,0.01733110079863479,0.001565420872856106,1.3967,1.3428,electronics,hyderabad,0,0,none,fraud_drift
M0024,151,45,56222.89,1249.4,0.014032969861849699,0.001620443152149724,1.4523,1.2811,electronics,hyderabad,0,0,none,fraud_drift
M0024,152,46,53421.29,1161.33,0.014017195208036608,0.0014243031203066215,1.0999,1.4218,electronics,hyderabad,0,0,none,fraud_drift
M0024,153,48,55974.15,1166.13,0.011096953547698046,0.0017366518370225553,1.0866,1.2438,electronics,hyderabad,0,0,none,fraud_drift
M0024,154,48,63306.36,1318.88,0.016808855589457397,0.0018812576324276147,1.1909,1.4524,electronics,hyderabad,0,0,none,fraud_drift
M0024,155,45,62035.43,1378.57,0.015556390989532203,0.001219906632240727,1.1881,1.3286,electronics,hyderabad,0,0,none,fraud_drift
M0024,156,44,56908.46,1293.37,0.015629712529884567,0.0013820529068073962,1.3807,1.7836,electronics,hyderabad,0,0,none,fraud_drift
M0024,157,47,58537.72,1245.48,0.018153681218307186,0.0018384569910279774,1.1733,1.1294,electronics,hyderabad,0,0,none,fraud_drift
M0024,158,42,59457.61,1415.66,0.017476503181924185,0.0014961853704568667,1.2845,1.6504,electronics,hyderabad,0,0,none,fraud_drift
M0024,159,45,56545.26,1256.56,0.01686172748594211,0.001199286157731247,1.2107,0.8996,electronics,hyderabad,0,0,none,fraud_drift
M0024,160,46,68623.75,1491.82,0.012674077452637563,0.0016747697946834891,1.2369,1.262,electronics,hyderabad,0,0,none,fraud_drift
M0024,161,45,61002.93,1355.62,0.015121655054404898,0.0014050678539524414,1.1597,1.2704,digital_goods,unknown_intl,1,1,fraud,fraud_drift
M0024,162,66,87171.09,1320.77,0.025737605414144517,0.002065376968035481,1.0695,0.7112,digital_goods,unknown_intl,1,1,fraud,fraud_drift
M0024,163,77,100325.32,1302.93,0.023781004424273885,0.004151962000334684,0.6627,1.2577,digital_goods,unknown_intl,1,1,fraud,fraud_drift
M0024,164,91,117144.94,1287.31,0.040424902784317575,0.005484083390247531,0.9539,0.9855,digital_goods,unknown_intl,1,1,fraud,fraud_drift
M0024,165,106,145048.49,1368.38,0.050846668105918105,0.00560515726700898,0.8907,0.9501,digital_goods,unknown_intl,1,1,fraud,fraud_drift
M0024,166,102,149127.32,1462.03,0.05150067974551984,0.00634418306414152,1.2042,1.4034,digital_goods,unknown_intl,1,1,fraud,fraud_drift
M0024,167,111,144371.52,1300.64,0.0383265840562764,0.005585126311291539,1.128,1.2404,digital_goods,unknown_intl,1,1,fraud,fraud_drift
M0024,168,113,145429.35,1286.99,0.037902965273811956,0.00649604344505161,1.1021,1.2339,digital_goods,unknown_intl,1,1,fraud,fraud_drift
M0024,169,103,123837.43,1202.31,0.05622075752265511,0.006006526474013,0.8836,1.2723,digital_goods,unknown_intl,1,1,fraud,fraud_drift
M0024,170,116,144321.87,1244.15,0.04981208794273712,0.005097231438181751,1.1749,0.8671,digital_goods,unknown_intl,1,1,fraud,fraud_drift
M0024,171,123,163210.83,1326.92,0.025114746618136015,0.005324056145702081,0.9645,1.241,digital_goods,unknown_intl,1,1,fraud,fraud_drift
M0024,172,112,163100.04,1456.25,0.059903327708101015,0.006752335387205004,0.8833,1.2765,digital_goods,unknown_intl,1,1,fraud,fraud_drift
M0024,173,99,135090.08,1364.55,0.055990308197972884,0.00640956689713918,0.9304,1.1163,digital_goods,unknown_intl,1,1,fraud,fraud_drift
M0024,174,112,154468.06,1379.18,0.04517816360645827,0.00466089696101792,1.2188,1.1169,digital_goods,unknown_intl,1,1,fraud,fraud_drift
M0024,175,117,160038.27,1367.85,0.05331059538892879,0.006112243613858877,1.0768,1.076,digital_goods,unknown_intl,1,1,fraud,fraud_drift
M0024,176,118,148878.41,1261.68,0.04893520348643789,0.0053298521755540595,0.9642,0.9679,digital_goods,unknown_intl,1,1,fraud,fraud_drift
M0024,177,104,144957.55,1393.82,0.03775648835407039,0.0072727118552286295,1.0581,1.2336,digital_goods,unknown_intl,1,1,fraud,fraud_drift
M0024,178,108,130382.97,1207.25,0.0485513212165738,0.00512016476327324,1.1438,0.9688,digital_goods,unknown_intl,1,1,fraud,fraud_drift
M0024,179,108,132189.55,1223.98,0.04962974315529505,0.007376892822549682,1.0973,1.1587,digital_goods,unknown_intl,1,1,fraud,fraud_drift
M0024,180,121,142574.22,1178.3,0.05585596129266562,0.006942663995028413,1.019,0.9503,digital_goods,unknown_intl,1,1,fraud,fraud_drift
M0024,181,111,139931.16,1260.64,0.05466271278369885,0.006607500034854089,1.3249,1.1751,digital_goods,unknown_intl,1,1,fraud,fraud_drift
M0024,182,104,152291.03,1464.34,0.05051667411663093,0.006576845044285688,0.9944,1.0295,digital_goods,unknown_intl,1,1,fraud,fraud_drift
M0024,183,94,119065.29,1266.65,0.05861549375332858,0.006307605859447157,0.9503,0.9763,digital_goods,unknown_intl,1,1,fraud,fraud_drift
M0024,184,109,155364.27,1425.36,0.06213886486172326,0.005795871642667881,0.9907,0.8901,digital_goods,unknown_intl,1,1,fraud,fraud_drift
M0024,185,103,124340.96,1207.19,0.047555116660358436,0.005957877396927429,1.0729,1.2504,digital_goods,unknown_intl,1,1,fraud,fraud_drift
M0024,186,118,136413.98,1156.05,0.04167383955112011,0.008074256135380323,0.9554,1.1564,digital_goods,unknown_intl,1,1,fraud,fraud_drift
M0024,187,113,141565.53,1252.79,0.06423365037326424,0.005753172932959548,1.2205,1.0919,digital_goods,unknown_intl,1,1,fraud,fraud_drift
M0024,188,115,155664.48,1353.6,0.05410300239236704,0.006501599260493663,1.1147,0.9876,digital_goods,unknown_intl,1,1,fraud,fraud_drift
M0024,189,105,123124.1,1172.61,0.04967391013092186,0.00812477146428417,0.9071,1.0324,digital_goods,unknown_intl,1,1,fraud,fraud_drift
M0024,190,130,162385.07,1249.12,0.05699824774164261,0.007235743414196955,0.9463,1.1837,digital_goods,unknown_intl,1,1,fraud,fraud_drift
M0024,191,98,127464.04,1300.65,0.06052113783793224,0.007451994296142024,0.9422,1.0636,digital_goods,unknown_intl,1,1,fraud,fraud_drift
M0024,192,118,153203.29,1298.33,0.053777084501699574,0.005442476237507345,0.9697,1.2901,digital_goods,unknown_intl,1,1,fraud,fraud_drift
M0024,193,116,139945.01,1206.42,0.05251706402425203,0.005523530337590834,1.0844,0.8859,digital_goods,unknown_intl,1,1,fraud,fraud_drift
M0024,194,119,152068.41,1277.89,0.05048301953830001,0.00595940086291058,1.0185,1.0982,digital_goods,unknown_intl,1,1,fraud,fraud_drift
M0024,195,127,149116.15,1174.14,0.05378946199031522,0.006577135343052977,1.1088,1.1449,digital_goods,unknown_intl,1,1,fraud,fraud_drift
M0024,196,101,148894.86,1474.21,0.04604623975967254,0.006869406782316152,1.0712,0.816,digital_goods,unknown_intl,1,1,fraud,fraud_drift
M0024,197,105,129358.91,1231.99,0.050457306035401064,0.006970073804003962,1.1597,1.1962,digital_goods,unknown_intl,1,1,fraud,fraud_drift
M0024,198,105,116116.32,1105.87,0.04224606700673688,0.00462479382301976,1.0899,1.052,digital_goods,unknown_intl,1,1,fraud,fraud_drift
M0024,199,94,122768.23,1306.05,0.0412476942625427,0.007890809074763146,0.9552,1.1702,digital_goods,unknown_intl,1,1,fraud,fraud_drift
M0024,200,106,122379.79,1154.53,0.03951998394508759,0.006182076271874305,1.134,1.0036,digital_goods,unknown_intl,1,1,fraud,fraud_drift
M0024,201,134,163405.83,1219.45,0.050835813763070364,0.005185059181207292,1.1007,1.0785,digital_goods,unknown_intl,1,1,fraud,fraud_drift
M0024,202,111,141967.68,1278.99,0.051812857820656845,0.00774400745616504,1.0365,1.2957,digital_goods,unknown_intl,1,1,fraud,fraud_drift
M0024,203,98,127063.45,1296.57,0.05826312318912793,0.00580807645105174,1.0226,1.2717,digital_goods,unknown_intl,1,1,fraud,fraud_drift
M0024,204,109,139591.1,1280.65,0.05046652340754393,0.005909855408149736,0.8532,1.0406,digital_goods,unknown_intl,1,1,fraud,fraud_drift
M0024,205,113,146769.22,1298.84,0.04477417641714343,0.00415742106725995,1.2137,0.921,digital_goods,unknown_intl,1,1,fraud,fraud_drift
M0024,206,112,161469.63,1441.69,0.05773211548049092,0.0061118175225044645,1.0347,1.0558,digital_goods,unknown_intl,1,1,fraud,fraud_drift
M0024,207,110,143827.64,1307.52,0.046527529054657256,0.008036522066654244,1.325,0.8601,digital_goods,unknown_intl,1,1,fraud,fraud_drift
M0024,208,107,120709.24,1128.12,0.04323498307594022,0.006211813225377109,0.95,0.8505,digital_goods,unknown_intl,1,1,fraud,fraud_drift
M0024,209,115,137578.57,1196.34,0.04286660871633848,0.005213163185808417,0.8882,1.1778,digital_goods,unknown_intl,1,1,fraud,fraud_drift
M0024,210,101,135109.29,1337.72,0.058227714699817426,0.003806037243804487,1.0414,0.8191,digital_goods,unknown_intl,1,1,fraud,fraud_drift
M0024,211,123,168300.9,1368.3,0.044813971522005024,0.006982884398744359,0.9625,0.994,digital_goods,unknown_intl,1,1,fraud,fraud_drift
M0024,212,107,142969.89,1336.17,0.05223431463063567,0.007361801133968192,1.2061,1.3814,digital_goods,unknown_intl,1,1,fraud,fraud_drift
M0024,213,115,141101.56,1226.97,0.05748653147688704,0.006452856467894699,1.1163,0.921,digital_goods,unknown_intl,1,1,fraud,fraud_drift
M0024,214,111,156173.55,1406.97,0.0596871600946969,0.005861561940594817,1.1605,1.0413,digital_goods,unknown_intl,1,1,fraud,fraud_drift
M0024,215,108,138643.21,1283.73,0.053043726104980406,0.006043751918307057,1.1347,0.9699,digital_goods,unknown_intl,1,1,fraud,fraud_drift
M0024,216,109,127833.88,1172.79,0.048987479869191004,0.0052552026809085895,1.0578,1.114,digital_goods,unknown_intl,1,1,fraud,fraud_drift
M0024,217,108,121472.33,1124.74,0.050373803343545444,0.004245293102548233,1.0176,1.0396,digital_goods,unknown_intl,1,1,fraud,fraud_drift
M0024,218,98,124239.22,1267.75,0.06037293671390831,0.006238216757267327,1.1337,1.2029,digital_goods,unknown_intl,1,1,fraud,fraud_drift
M0024,219,118,139553.33,1182.66,0.05034727064495507,0.005974370571950232,1.1142,1.1599,digital_goods,unknown_intl,1,1,fraud,fraud_drift
M0024,220,115,158232.92,1375.94,0.04498718592228023,0.006580725619292356,1.1437,1.1754,digital_goods,unknown_intl,1,1,fraud,fraud_drift
M0024,221,118,159153.36,1348.76,0.05145830927912391,0.005349765199125652,1.2362,1.0152,digital_goods,unknown_intl,1,1,fraud,fraud_drift
M0024,222,113,136557.52,1208.47,0.05117818731966989,0.005425230550470419,0.8769,0.8229,digital_goods,unknown_intl,1,1,fraud,fraud_drift
M0024,223,120,154733.93,1289.45,0.0540909640898785,0.00507947948065895,1.173,1.0253,digital_goods,unknown_intl,1,1,fraud,fraud_drift
M0024,224,121,166717.97,1377.83,0.06556865371349442,0.004905395365853915,1.2353,1.0823,digital_goods,unknown_intl,1,1,fraud,fraud_drift
M0024,225,97,128442.86,1324.15,0.054423834752791514,0.0062717502726309165,1.2159,0.8687,digital_goods,unknown_intl,1,1,fraud,fraud_drift
M0024,226,120,149436.09,1245.3,0.03169097169666487,0.004587728348182087,1.1081,1.0251,digital_goods,unknown_intl,1,1,fraud,fraud_drift
M0024,227,115,148428.77,1290.68,0.05104988999721454,0.005344495887121368,0.9435,1.1715,digital_goods,unknown_intl,1,1,fraud,fraud_drift
M0024,228,100,123301.35,1233.01,0.04575968825862901,0.005381306039960988,1.0728,1.272,digital_goods,unknown_intl,1,1,fraud,fraud_drift
M0024,229,97,116209.81,1198.04,0.04788928234122427,0.0060317648689559595,0.8823,0.8767,digital_goods,unknown_intl,1,1,fraud,fraud_drift
M0024,230,128,170295.93,1330.44,0.05088724041884017,0.006299525388888569,0.9175,1.1954,digital_goods,unknown_intl,1,1,fraud,fraud_drift
M0024,231,121,159152.17,1315.31,0.048815442158442204,0.0037139052832915616,0.9709,1.1282,digital_goods,unknown_intl,1,1,fraud,fraud_drift
M0024,232,127,171605.51,1351.22,0.05375888901620372,0.0052988551244806375,1.0127,1.1376,digital_goods,unknown_intl,1,1,fraud,fraud_drift
M0024,233,109,140103.56,1285.35,0.057321294218418174,0.005987274566966481,1.0931,0.9966,digital_goods,unknown_intl,1,1,fraud,fraud_drift
M0024,234,104,136720.13,1314.62,0.056979984822491926,0.005225188019062327,0.9196,1.3601,digital_goods,unknown_intl,1,1,fraud,fraud_drift
M0024,235,115,145960.25,1269.22,0.05681839322311761,0.006000866005911064,0.8662,1.2204,digital_goods,unknown_intl,1,1,fraud,fraud_drift
M0024,236,117,144312.99,1233.44,0.041588400398266716,0.005449002199392343,1.1633,1.0916,digital_goods,unknown_intl,1,1,fraud,fraud_drift
M0024,237,114,168915.13,1481.71,0.04534073958498533,0.004498747647239311,1.1075,0.9675,digital_goods,unknown_intl,1,1,fraud,fraud_drift
M0024,238,104,140674.57,1352.64,0.05436908621096967,0.00489205345489808,1.2555,0.8193,digital_goods,unknown_intl,1,1,fraud,fraud_drift
M0024,239,108,139921.03,1295.57,0.04760331018023324,0.008054844266487766,1.026,1.0516,digital_goods,unknown_intl,1,1,fraud,fraud_drift
